# Created by meshio v5.3.5, 2025-06-02T12:47:14.582948
v 0.12998764216899872 0.01251268107444048 0.09169241786003113
v 0.12998931109905243 0.012063358910381794 0.10708626359701157
v 0.12206991761922836 0.013592377305030823 0.10708626359701157
v 0.1586574912071228 0.04638998210430145 0.006078827194869518
v 0.16365399956703186 0.04610466584563255 0.00793956033885479
v 0.15863773226737976 0.04450970143079758 0.006314071826636791
v 0.15312205255031586 0.044943079352378845 0.004731148015707731
v 0.15307028591632843 0.04306445270776749 0.005139770917594433
v 0.14788281917572021 0.043932586908340454 0.0038388597313314676
v 0.14780843257904053 0.042086273431777954 0.00442449189722538
v 0.14422689378261566 0.043295200914144516 0.003405739087611437
v 0.16365119814872742 0.04796309396624565 0.007865097373723984
v 0.14416594803333282 0.041509270668029785 0.004164108540862799
v 0.14127767086029053 0.042914584279060364 0.0034224779810756445
v 0.14266209304332733 0.04048221930861473 0.004667381290346384
v 0.14124536514282227 0.04120901972055435 0.004341850522905588
v 0.14121314883232117 0.03957216441631317 0.005377044901251793
v 0.1379259079694748 0.042660631239414215 0.003866806160658598
v 0.1379013955593109 0.039507605135440826 0.006092994939535856
v 0.1915958672761917 0.029675208032131195 0.03817502036690712
v 0.1884889006614685 0.02439056895673275 0.04024698957800865
v 0.18832483887672424 0.028192711994051933 0.0352696031332016
v 0.18500910699367523 0.02291586808860302 0.037746209651231766
v 0.1682601273059845 0.047836221754550934 0.00999399647116661
v 0.16822287440299988 0.051460035145282745 0.010271958075463772
v 0.17251892387866974 0.051449261605739594 0.012637489475309849
v 0.19333979487419128 0.07032379508018494 0.041263148188591
v 0.19629047811031342 0.07006687670946121 0.044523295015096664
v 0.193501278758049 0.06624239683151245 0.03728523477911949
v 0.19030128419399261 0.06852728128433228 0.035993799567222595
v 0.1903855800628662 0.0663161352276802 0.033983759582042694
v 0.1870984584093094 0.06640655547380447 0.0308711938560009
v 0.1871849149465561 0.06393676996231079 0.02897128462791443
v 0.1837262064218521 0.06396488100290298 0.02596501260995865
v 0.18381212651729584 0.06123232841491699 0.0242385882884264
v 0.18017639219760895 0.06121543422341347 0.021359002217650414
v 0.18025831878185272 0.05822000652551651 0.019871560856699944
v 0.17643104493618011 0.0581810362637043 0.017138909548521042
v 0.1765044927597046 0.05493974685668945 0.015969621017575264
v 0.17245985567569733 0.054907672107219696 0.013406212441623211
v 0.19614267349243164 0.07340359687805176 0.04881013184785843
v 0.18484769761562347 0.02684635855257511 0.03255762532353401
v 0.18130873143672943 0.021609900519251823 0.03543918952345848
v 0.18115602433681488 0.025653183460235596 0.030049767345190048
v 0.185163676738739 0.019551923498511314 0.04333685338497162
v 0.18145492672920227 0.01814822293817997 0.04123445972800255
v 0.17749729752540588 0.01695452630519867 0.039322398602962494
v 0.17736701667308807 0.020498979836702347 0.03333606943488121
v 0.17325511574745178 0.0160082895308733 0.03761012479662895
v 0.18864600360393524 0.02113768830895424 0.045620083808898926
v 0.17315076291561127 0.019618453457951546 0.03144700825214386
v 0.1686539202928543 0.01711299642920494 0.03290329873561859
v 0.16862067580223083 0.01901177130639553 0.029782181605696678
v 0.16371043026447296 0.01685759425163269 0.03154682368040085
v 0.16370542347431183 0.018767409026622772 0.02835174649953842
v 0.1582595854997635 0.0169514212757349 0.0304244551807642
v 0.15829487144947052 0.01886027120053768 0.027163216844201088
v 0.1521300971508026 0.017356663942337036 0.029527001082897186
v 0.19175779819488525 0.02601565420627594 0.04293132945895195
v 0.14940783381462097 0.023939477279782295 0.01940932497382164
v 0.14915762841701508 0.019698981195688248 0.02581232599914074
v 0.14666280150413513 0.020312348380684853 0.025469552725553513
v 0.17723096907138824 0.0246377382427454 0.02775675244629383
v 0.17309679090976715 0.02164425328373909 0.028507210314273834
v 0.17304179072380066 0.023833053186535835 0.025689279660582542
v 0.16858668625354767 0.02106313779950142 0.02675979770720005
v 0.16855205595493317 0.02327982522547245 0.02385806478559971
v 0.14679886400699615 0.02232927642762661 0.02218734100461006
v 0.16370031237602234 0.02083083614706993 0.025253502652049065
v 0.16369511187076569 0.023061135783791542 0.02227381244301796
v 0.15833088755607605 0.020922990515828133 0.023996148258447647
v 0.15836761891841888 0.02315336838364601 0.020944612100720406
v 0.15231715142726898 0.021304495632648468 0.022979073226451874
v 0.1524135172367096 0.02352290228009224 0.01986234448850155
v 0.1522226184606552 0.01925385370850563 0.026207588613033295
v 0.19892899692058563 0.07296524941921234 0.05198425427079201
v 0.14118103682994843 0.03800416365265846 0.00651306938380003
v 0.188240647315979 0.030324354767799377 0.03298259899020195
v 0.18815521895885468 0.03262218460440636 0.0308711938560009
v 0.19142848253250122 0.033938053995370865 0.033983759582042694
v 0.19151277840137482 0.03172691538929939 0.035993799567222595
v 0.19450727105140686 0.03535855934023857 0.03728523477911949
v 0.1946687549352646 0.031277161091566086 0.041263148188591
v 0.19739532470703125 0.03687087073922157 0.04076455906033516
v 0.19754812121391296 0.03298443183302879 0.044523295015096664
v 0.18476486206054688 0.02905004657804966 0.03016858734190464
v 0.20009289681911469 0.03846494480967522 0.044410668313503265
v 0.14766013622283936 0.03855772688984871 0.00600670650601387
v 0.1529155671596527 0.037699032574892044 0.007210823241621256
v 0.14751270413398743 0.035274337977170944 0.008043228648602962
v 0.152813121676445 0.034403230994939804 0.009171532467007637
v 0.14736643433570862 0.03224283456802368 0.010432373732328415
v 0.15271149575710297 0.03134898841381073 0.011484665796160698
v 0.1472216248512268 0.029450707137584686 0.013095551170408726
v 0.14362776279449463 0.028282908722758293 0.015283806249499321
v 0.14374519884586334 0.0308018010109663 0.012348351068794727
v 0.14530256390571594 0.030086500570178032 0.012693626806139946
v 0.20023488998413086 0.034785784780979156 0.047944746911525726
v 0.14386406540870667 0.03354562073945999 0.009619392454624176
v 0.18468081951141357 0.03142622858285904 0.027958642691373825
v 0.18107765913009644 0.027920326218008995 0.02756267599761486
v 0.18099816143512726 0.03036576695740223 0.025257142260670662
v 0.16874860227108002 0.012224499136209488 0.04271180182695389
v 0.17335394024848938 0.012918255291879177 0.0440567322075367
v 0.14707855880260468 0.026880765333771706 0.01597040705382824
v 0.1526108831167221 0.02852746471762657 0.014075531624257565
v 0.15251149237155914 0.02592468447983265 0.016882698982954025
v 0.158442884683609 0.028177794069051743 0.015300629660487175
v 0.15840497612953186 0.025566181167960167 0.018034188076853752
v 0.1636844426393509 0.02807934395968914 0.016783196479082108
v 0.16368979215621948 0.025472251698374748 0.01943839341402054
v 0.16848111152648926 0.028262639418244362 0.018529731780290604
v 0.1685168445110321 0.02567499317228794 0.021102730184793472
v 0.1729290932416916 0.02874981053173542 0.02053161710500717
v 0.17298585176467896 0.026197263970971107 0.023018846288323402
v 0.17709027230739594 0.02946343459188938 0.022777771577239037
v 0.1771611124277115 0.026958787813782692 0.025175796821713448
v 0.19879747927188873 0.07566329836845398 0.05637166649103165
v 0.14544107019901276 0.03285630792379379 0.009996643289923668
v 0.1439841389656067 0.036534782499074936 0.007160103414207697
v 0.14558099210262299 0.0358685702085495 0.00757158687338233
v 0.14795732498168945 0.04582216963171959 0.003408485557883978
v 0.15317386388778687 0.046850308775901794 0.004481880459934473
v 0.15867725014686584 0.048283353447914124 0.005999573040753603
v 0.1586970090866089 0.050176724791526794 0.006078827194869518
v 0.16364558041095734 0.05166837200522423 0.008160987868905067
v 0.14410515129566193 0.039785441011190414 0.005052764900028706
v 0.14261528849601746 0.03883395716547966 0.005687157157808542
v 0.14105406403541565 0.032385267317295074 0.011821571737527847
v 0.1378529816865921 0.03401157259941101 0.011502869427204132
v 0.14111724495887756 0.03506946563720703 0.009034866467118263
v 0.13787706196308136 0.03663220256567001 0.008667892776429653
v 0.14428795874118805 0.04513803869485855 0.002793403808027506
v 0.14131006598472595 0.04468582570552826 0.002635795623064041
v 0.14572201669216156 0.03913762420415878 0.0054989168420434
v 0.15322570502758026 0.048772212117910385 0.004397766198962927
v 0.14803190529346466 0.047743361443281174 0.0031454165000468493
v 0.1443491131067276 0.04702775180339813 0.0023423158563673496
v 0.14134252071380615 0.046517692506313324 0.001999008236452937
v 0.1379505842924118 0.046096909791231155 0.002109436085447669
v 0.1379382163286209 0.04434433951973915 0.0029207917395979166
v 0.1489180475473404 0.016072552651166916 0.032577477395534515
v 0.14639969170093536 0.01672275923192501 0.032281000167131424
v 0.19652120769023895 0.0640169158577919 0.039155907928943634
v 0.19928067922592163 0.06408003717660904 0.04290217161178589
v 0.19659987092018127 0.06171140447258949 0.03778037428855896
v 0.1936667263507843 0.06154528260231018 0.034113816916942596
v 0.1937505304813385 0.058982182294130325 0.03293273225426674
v 0.19064399600028992 0.05872175842523575 0.029370194301009178
v 0.19073137640953064 0.05592046305537224 0.028452111408114433
v 0.18744885921478271 0.05557768791913986 0.02501937933266163
v 0.1992083042860031 0.06612735986709595 0.044410668313503265
v 0.1875377595424652 0.05256635695695877 0.024424508213996887
v 0.1840733289718628 0.052156414836645126 0.021151086315512657
v 0.184160977602005 0.048973288387060165 0.020937981083989143
v 0.1805063933134079 0.04851507768034935 0.01785973459482193
v 0.18058928847312927 0.045208144932985306 0.018088096752762794
v 0.17672595381736755 0.04473403841257095 0.01524654496461153
v 0.1767996847629547 0.041373297572135925 0.015969621017575264
v 0.1726963222026825 0.040933676064014435 0.013406212441623211
v 0.172755166888237 0.037607256323099136 0.014641663059592247
v 0.14404453337192535 0.03812703862786293 0.006056168116629124
v 0.1425686478614807 0.037253230810165405 0.0068076481111347675
v 0.15580618381500244 0.03747439756989479 0.007908928208053112
v 0.15301860868930817 0.0412253737449646 0.005697273649275303
v 0.15587487816810608 0.04098913446068764 0.006430550012737513
v 0.15855902433395386 0.037338078022003174 0.008672249503433704
v 0.15859830379486084 0.040836211293935776 0.007229301612824202
v 0.16117295622825623 0.0372474268078804 0.009501678869128227
v 0.13936838507652283 0.021323274821043015 0.03145512565970421
v 0.1406954824924469 0.020310774445533752 0.03153921663761139
v 0.14058679342269897 0.01742374151945114 0.03871379420161247
v 0.14186319708824158 0.019318347796797752 0.03166191279888153
v 0.1394391655921936 0.024648843333125114 0.024475740268826485
v 0.13951310515403748 0.02856512926518917 0.017811531201004982
v 0.14093011617660522 0.027674321085214615 0.01795343868434429
v 0.14099164307117462 0.029928086325526237 0.01480939518660307
v 0.14238415658473969 0.031575191766023636 0.012058175168931484
v 0.1424759328365326 0.03429020196199417 0.009299255907535553
v 0.16837160289287567 0.03726903721690178 0.012391007505357265
v 0.16840842366218567 0.0340573824942112 0.014113503508269787
v 0.16606378555297852 0.0371905155479908 0.011361641809344292
v 0.13782918453216553 0.03161943703889847 0.014533653855323792
v 0.1378057450056076 0.029430506750941277 0.017715195193886757
v 0.13776004314422607 0.02557615377008915 0.02440757118165493
v 0.13396725058555603 0.04710525646805763 0.0018214416923001409
v 0.13395756483078003 0.04369933158159256 0.003620514180511236
v 0.12992554903030396 0.04431534558534622 0.003595825284719467
v 0.1258375495672226 0.04475061222910881 0.003786987392231822
v 0.12582407891750336 0.04811709746718407 0.0019401932368054986
v 0.1299220770597458 0.047701284289360046 0.0017666092608124018
v 0.1299203485250473 0.04949985444545746 0.0010781708406284451
v 0.13397209346294403 0.04891069605946541 0.001145790098235011
v 0.1636735051870346 0.033931177109479904 0.012200096622109413
v 0.1636679619550705 0.03718596324324608 0.010398110374808311
v 0.1611877679824829 0.04072573035955429 0.008094162680208683
v 0.1586180031299591 0.042655035853385925 0.006700531113892794
v 0.14773419499397278 0.040292881429195404 0.005151840392500162
v 0.15186673402786255 0.012470974586904049 0.03989226743578911
v 0.15170501172542572 0.00979504082351923 0.047045085579156876
v 0.14869119226932526 0.0129663972184062 0.03959245607256889
v 0.192196786403656 0.017947209998965263 0.05910396948456764
v 0.18906161189079285 0.014005261473357677 0.06312665343284607
v 0.18893375992774963 0.015999116003513336 0.05712467059493065
v 0.185572549700737 0.012165429070591927 0.061515964567661285
v 0.18544676899909973 0.014232334680855274 0.055287521332502365
v 0.18184174597263336 0.010536194778978825 0.06003819406032562
v 0.15815918147563934 0.012035458348691463 0.0406310148537159
v 0.1817227452993393 0.012668335810303688 0.053600385785102844
v 0.17784196138381958 0.009149414487183094 0.0587003268301487
v 0.17773592472076416 0.011337826028466225 0.052071135491132736
v 0.1735312044620514 0.008047787472605705 0.057509325444698334
v 0.17344626784324646 0.010281940922141075 0.050707630813121796
v 0.16886021196842194 0.007283790968358517 0.056472163647413254
v 0.1688067466020584 0.009551228024065495 0.04951775074005127
v 0.16374146938323975 0.006964073516428471 0.05559581145644188
v 0.16373342275619507 0.009248348884284496 0.04850936308503151
v 0.1580975204706192 0.009343975223600864 0.047688037157058716
v 0.16372466087341309 0.011939560063183308 0.04156782105565071
v 0.1465296447277069 0.0184476301074028 0.02883896790444851
v 0.19205960631370544 0.02021588757634163 0.053490668535232544
v 0.18879474699497223 0.018360599875450134 0.05127168074250221
v 0.1853100061416626 0.01667809672653675 0.0492100864648819
v 0.18159335851669312 0.015188946388661861 0.047314584255218506
v 0.17762064933776855 0.013922535814344883 0.04559389874339104
v 0.1580408215522766 0.007058036979287863 0.054885171353816986
v 0.15155623853206635 0.007521084044128656 0.05433225259184837
v 0.1408696174621582 0.02560260333120823 0.021219955757260323
v 0.14202995598316193 0.022759543731808662 0.02473691664636135
v 0.1408102661371231 0.023694844916462898 0.02458488568663597
v 0.14351201057434082 0.02596721611917019 0.01838112808763981
v 0.14516571164131165 0.027540333569049835 0.015599739737808704
v 0.14339816570281982 0.02383454330265522 0.021605949848890305
v 0.14503082633018494 0.025197060778737068 0.01867051050066948
v 0.14847920835018158 0.010310997255146503 0.046786073595285416
v 0.1461505889892578 0.013649754226207733 0.03933651000261307
v 0.14627325534820557 0.015126491896808147 0.03578324243426323
v 0.15851996839046478 0.034055642783641815 0.010554123669862747
v 0.15848122537136078 0.03100399114191532 0.012787163257598877
v 0.1686863750219345 0.015355538576841354 0.0361071415245533
v 0.13397695124149323 0.05077192559838295 0.0006453247624449432
v 0.16371530294418335 0.015089833177626133 0.034822944551706314
v 0.09707362949848175 0.08882412314414978 0.05036387965083122
v 0.10487908124923706 0.0914839506149292 0.05589624494314194
v 0.10491066426038742 0.08969894796609879 0.04874956235289574
v 0.11299088597297668 0.09212030470371246 0.05482074245810509
v 0.11302553862333298 0.09030207246541977 0.04751843214035034
v 0.12133457511663437 0.09247288852930069 0.05406114459037781
v 0.12136276066303253 0.09061587601900101 0.04665401950478554
v 0.12985914945602417 0.09251080453395844 0.05360144376754761
v 0.09705192595720291 0.09057962149381638 0.05730366334319115
v 0.1298641413450241 0.09060318768024445 0.046139877289533615
v 0.18424861133098602 0.04579015448689461 0.021151086315512657
v 0.18762683868408203 0.049514371901750565 0.024226052686572075
v 0.18771590292453766 0.04646239057183266 0.024424508213996887
v 0.19090701639652252 0.050127096474170685 0.02771293744444847
v 0.19099493324756622 0.047212954610586166 0.02789730206131935
v 0.19400426745414734 0.05080047994852066 0.03138762712478638
v 0.19408906996250153 0.048030223697423935 0.031558435410261154
v 0.1969193071126938 0.05152565613389015 0.035239145159721375
v 0.0895625427365303 0.08768825978040695 0.052377842366695404
v 0.08242522180080414 0.08630165457725525 0.05480790510773659
v 0.0895550325512886 0.08941754698753357 0.05905900150537491
v 0.045247092843055725 0.040746331214904785 0.0895693451166153
v 0.043913740664720535 0.04422704130411148 0.09242032468318939
v 0.04384145140647888 0.04634421318769455 0.08904464542865753
v 0.042726073414087296 0.04974387586116791 0.09259922802448273
v 0.04269905760884285 0.050797488540410995 0.09133481979370117
v 0.041828703135252 0.05338424816727638 0.09618963301181793
v 0.04179563745856285 0.055102862417697906 0.09435994923114777
v 0.041151463985443115 0.05838489159941673 0.09858537465333939
v 0.04114323854446411 0.05908270552754402 0.09806802123785019
v 0.04075369983911514 0.06179910525679588 0.10283081233501434
v 0.04074930399656296 0.06254648417234421 0.1023646891117096
v 0.0406176894903183 0.06530512869358063 0.10708626359701157
v 0.06951635330915451 0.08280576765537262 0.06098219007253647
v 0.0757395401597023 0.08635838329792023 0.06367745995521545
v 0.07571735233068466 0.08467263728380203 0.057670533657073975
v 0.08243367820978165 0.08800765872001648 0.061178263276815414
v 0.04532831534743309 0.03889859467744827 0.0938175693154335
v 0.19699954986572266 0.04890475049614906 0.03539688140153885
v 0.1996506005525589 0.05229615420103073 0.039256442338228226
v 0.1997251659631729 0.04982953146100044 0.0394015908241272
v 0.1905571073293686 0.06140555068850517 0.03062719851732254
v 0.18736030161380768 0.05850192904472351 0.025998368859291077
v 0.1839858591556549 0.05529253929853439 0.021787315607070923
v 0.18042348325252533 0.051822010427713394 0.018088096752762794
v 0.19358357787132263 0.06396929919719696 0.03557790443301201
v 0.17665208876132965 0.04815651848912239 0.01500231958925724
v 0.17263726890087128 0.04439207911491394 0.012637489475309849
v 0.17687314748764038 0.03813200443983078 0.017138909548521042
v 0.1806720495223999 0.041955236345529556 0.01876702904701233
v 0.18075446784496307 0.03881014510989189 0.019871560856699944
v 0.1843360811471939 0.04265403002500534 0.021787315607070923
v 0.19644328951835632 0.06618043780326843 0.04076455906033516
v 0.18780481815338135 0.043451059609651566 0.02501937933266163
v 0.1910826712846756 0.04433372989296913 0.028452111408114433
v 0.1941736936569214 0.04528975114226341 0.03207441046833992
v 0.1970796287059784 0.04630904272198677 0.03587516024708748
v 0.1997995674610138 0.04738405719399452 0.03984325751662254
v 0.19906631112098694 0.0698065236210823 0.047944746911525726
v 0.18442320823669434 0.039614949375391006 0.02282843180000782
v 0.04684794321656227 0.03551097214221954 0.09169338643550873
v 0.048594702035188675 0.03089749626815319 0.09536495804786682
v 0.0469253771007061 0.03405521810054779 0.09676191210746765
v 0.051105398684740067 0.05797656625509262 0.06077493354678154
v 0.05105618014931679 0.05976596847176552 0.06156573444604874
v 0.054997518658638 0.060276396572589874 0.05336570739746094
v 0.05490582063794136 0.0639684647321701 0.05585087090730667
v 0.05711743235588074 0.06073305383324623 0.049445487558841705
v 0.05703744292259216 0.06459463387727737 0.05213724821805954
v 0.05929350107908249 0.06338819116353989 0.04701412469148636
v 0.05926287919282913 0.06532296538352966 0.048557065427303314
v 0.0492573156952858 0.059723131358623505 0.06582498550415039
v 0.061575546860694885 0.06614446640014648 0.045120589435100555
v 0.059202779084444046 0.06879334151744843 0.05206353962421417
v 0.06154019013047218 0.06970785558223724 0.04885890707373619
v 0.05914466828107834 0.07178480923175812 0.05596909299492836
v 0.0615059956908226 0.0727689191699028 0.05301056057214737
v 0.059089019894599915 0.07436364889144897 0.06014357507228851
v 0.06395763158798218 0.0764658972620964 0.0548706017434597
v 0.06395458430051804 0.0787511095404625 0.05974383279681206
v 0.06660175323486328 0.07752031832933426 0.05244326964020729
v 0.04935117065906525 0.05634165182709694 0.06459002196788788
v 0.04767308756709099 0.05674716830253601 0.06908372044563293
v 0.04758812487125397 0.05982902646064758 0.07017669826745987
v 0.040744755417108536 0.06342978030443192 0.10218456387519836
v 0.04074021056294441 0.06431307643651962 0.1023646891117096
v 0.04110897704958916 0.06251156330108643 0.09738434851169586
v 0.041100408881902695 0.06336725503206253 0.09765340387821198
v 0.041705451905727386 0.06122138723731041 0.09255855530500412
v 0.041687268763780594 0.062490373849868774 0.09296265244483948
v 0.042520154267549515 0.06003658473491669 0.08776295185089111
v 0.042489781975746155 0.06170516088604927 0.08830272406339645
v 0.04354071617126465 0.05898163095116615 0.08300760388374329
v 0.04349636659026146 0.0610332153737545 0.08368389308452606
v 0.044751182198524475 0.05807360261678696 0.07830256968736649
v 0.04469219967722893 0.060489483177661896 0.07911642640829086
v 0.04613427445292473 0.05732610076665878 0.07365792244672775
v 0.04606133699417114 0.060085806995630264 0.07461060583591461
v 0.06662208586931229 0.07982205599546432 0.057555440813302994
v 0.06945978105068207 0.07851389050483704 0.05015850067138672
v 0.069489024579525 0.08083236217498779 0.05549810081720352
v 0.1132134199142456 0.07708701491355896 0.016470467671751976
v 0.11319059878587723 0.07910383492708206 0.01965257339179516
v 0.12149699032306671 0.07919058948755264 0.01839812472462654
v 0.12146082520484924 0.08279339224100113 0.02513955719769001
v 0.12569092214107513 0.07909049838781357 0.01799842156469822
v 0.12566597759723663 0.08273539692163467 0.02475733309984207
v 0.1298878937959671 0.0788751021027565 0.017749588936567307
v 0.12988148629665375 0.08256984502077103 0.02450638636946678
v 0.10508189350366592 0.07670673727989197 0.01841604709625244
v 0.13408079743385315 0.0822538435459137 0.024386513978242874
v 0.13409794867038727 0.08543488383293152 0.031415101140737534
v 0.13828399777412415 0.0849376767873764 0.03140770271420479
v 0.13832543790340424 0.0877198874950409 0.03861670941114426
v 0.14218473434448242 0.08420496433973312 0.03153921663761139
v 0.05043348670005798 0.027122944593429565 0.10052144527435303
v 0.048652760684490204 0.029947176575660706 0.10120631009340286
v 0.10510299354791641 0.07453038543462753 0.01544740330427885
v 0.09722045809030533 0.0715411975979805 0.015480240806937218
v 0.09720578789710999 0.07389295101165771 0.01815764792263508
v 0.07248914986848831 0.07944907248020172 0.04801451414823532
v 0.07569324225187302 0.08267594873905182 0.05176855996251106
v 0.07566742599010468 0.08032456040382385 0.04600954428315163
v 0.07897748053073883 0.0811401829123497 0.044141825288534164
v 0.07895783334970474 0.07835358381271362 0.03838927671313286
v 0.0823957771062851 0.0790877565741539 0.03647512197494507
v 0.08238492161035538 0.07577168941497803 0.030825944617390633
v 0.08594211935997009 0.07641788572072983 0.02888433262705803
v 0.08594155311584473 0.07243769615888596 0.023497911170125008
v 0.08960827440023422 0.07298528403043747 0.021548500284552574
v 0.08961335569620132 0.07068224996328354 0.01901668682694435
v 0.0933656319975853 0.07347137480974197 0.0197682436555624
v 0.1878933608531952 0.04052681475877762 0.025998368859291077
v 0.19731740653514862 0.0390343964099884 0.039155907928943634
v 0.1972387135028839 0.04133990406990051 0.03778037428855896
v 0.19994740188121796 0.042692556977272034 0.04161568731069565
v 0.20002052187919617 0.04051227122545242 0.04290217161178589
v 0.16367898881435394 0.030896320939064026 0.01435073185712099
v 0.16844496130943298 0.03105497546494007 0.016180748119950294
v 0.19442495703697205 0.03763165697455406 0.03557790443301201
v 0.1728716492652893 0.03150134161114693 0.01826835796236992
v 0.17701856791973114 0.032160911709070206 0.020602378994226456
v 0.1809176802635193 0.03299746662378311 0.02317165397107601
v 0.1845957487821579 0.033981695771217346 0.02596501260995865
v 0.19434180855751038 0.04005567356944084 0.034113816916942596
v 0.19134312868118286 0.03631347045302391 0.032179299741983414
v 0.19125694036483765 0.0388486422598362 0.03062719851732254
v 0.17281363904476166 0.034454941749572754 0.016285255551338196
v 0.17694614827632904 0.035052280873060226 0.018704155460000038
v 0.18083639442920685 0.035814717411994934 0.021359002217650414
v 0.18450981378555298 0.03671424463391304 0.0242385882884264
v 0.18798141181468964 0.03773024305701256 0.027331719174981117
v 0.18806873261928558 0.03509197756648064 0.02897128462791443
v 0.1520398110151291 0.015600811690092087 0.03292224928736687
v 0.1582251787185669 0.01518460176885128 0.03376441448926926
v 0.1636568009853363 0.04425781965255737 0.008160987868905067
v 0.19117006659507751 0.04153243452310562 0.029370194301009178
v 0.19425800442695618 0.042618777602910995 0.03293273225426674
v 0.19715943932533264 0.043775107711553574 0.03667479753494263
v 0.19987371563911438 0.04499327763915062 0.0405852235853672
v 0.19191281497478485 0.0228860042989254 0.04807466268539429
v 0.16833457350730896 0.04066798463463783 0.011087899096310139
v 0.16829738020896912 0.04421241208910942 0.010271958075463772
v 0.16604109108448029 0.04062012583017349 0.010024124756455421
v 0.163662388920784 0.04064192250370979 0.009025787934660912
v 0.16365960240364075 0.0424337238073349 0.008525536395609379
v 0.1660183072090149 0.04420231655240059 0.009183960035443306
v 0.19047090411186218 0.06394071877002716 0.032179299741983414
v 0.18727225065231323 0.06129850447177887 0.027331719174981117
v 0.18389873206615448 0.058331623673439026 0.02282843180000782
v 0.1803407371044159 0.055074915289878845 0.01876702904701233
v 0.17657822370529175 0.05157900229096413 0.01524654496461153
v 0.1725780963897705 0.04792067036032677 0.012376739643514156
v 0.13797533512115479 0.049783166497945786 0.0009644852252677083
v 0.13798773288726807 0.051692668348550797 0.0006655273609794676
v 0.1414075493812561 0.05031919851899147 0.001240577781572938
v 0.14267495274543762 0.012833420187234879 0.04623765870928764
v 0.14039184153079987 0.01287675928324461 0.05349026992917061
v 0.1404852569103241 0.014962978661060333 0.046044833958148956
v 0.13923871517181396 0.01607583276927471 0.045994941145181656
v 0.1393013596534729 0.018489260226488113 0.03864895924925804
v 0.13767486810684204 0.019525598734617233 0.03861670941114426
v 0.13771629333496094 0.022307811304926872 0.03140770271420479
v 0.13583216071128845 0.023128792643547058 0.03139500692486763
v 0.1424991637468338 0.010668148286640644 0.053647756576538086
v 0.14408163726329803 0.003641056129708886 0.08406884968280792
v 0.14399641752243042 0.0029736291617155075 0.09172670543193817
v 0.1432543247938156 0.004139667842537165 0.08404038101434708
v 0.14317218959331512 0.003477417165413499 0.09170792996883392
v 0.14256682991981506 0.0046696169301867485 0.08401528000831604
v 0.1424897164106369 0.004012966528534889 0.09169140458106995
v 0.14198748767375946 0.005226799286901951 0.08399344980716705
v 0.14191699028015137 0.004576103296130896 0.09167706221342087
v 0.14008241891860962 0.007021316792815924 0.09164025634527206
v 0.14005917310714722 0.006649429444223642 0.09935937076807022
v 0.13899025321006775 0.008301228284835815 0.09163329750299454
v 0.14312638342380524 0.010158669203519821 0.05370519310235977
v 0.1436658352613449 0.007825321517884731 0.06124937906861305
v 0.14295299351215363 0.008324981667101383 0.06119554862380028
v 0.16903731226921082 0.0009310608147643507 0.09245066344738007
v 0.16377010941505432 0.00014431762974709272 0.09964046627283096
v 0.16376809775829315 0.0005511284107342362 0.09220466762781143
v 0.1578388661146164 0.00021950151131022722 0.0995420590043068
v 0.15785297751426697 0.0006283912807703018 0.09200749546289444
v 0.15102648735046387 0.0007057953043840826 0.09946680814027786
v 0.151063472032547 0.001114181592129171 0.09185656905174255
v 0.14763836562633514 0.0016952743753790855 0.09179716557264328
v 0.14771658182144165 0.002375244162976742 0.08417545258998871
v 0.1450803577899933 0.003177902428433299 0.08410079032182693
v 0.14519654214382172 0.004129055421799421 0.07648181915283203
v 0.14419695734977722 0.004585575312376022 0.07643865048885345
v 0.14434002339839935 0.0058182221837341785 0.06884765625
v 0.14350339770317078 0.006300186272710562 0.0687984824180603
v 0.16905061900615692 0.0005291557754389942 0.09976333379745483
v 0.13897593319416046 0.007937885820865631 0.0993560180068016
v 0.13829021155834198 0.008939624764025211 0.09163244813680649
v 0.13827908039093018 0.008580571040511131 0.09935564547777176
v 0.14310377836227417 0.0029513626359403133 0.10708626359701157
v 0.14312125742435455 0.003082534996792674 0.0993928387761116
v 0.14392545819282532 0.0024434090591967106 0.10708626359701157
v 0.14394357800483704 0.0025756226386874914 0.09940217435359955
v 0.14492297172546387 0.001971759833395481 0.10708626359701157
v 0.14494122564792633 0.002104915678501129 0.09941265732049942
v 0.14757323265075684 0.0011550483759492636 0.10708626359701157
v 0.14758987724781036 0.0012897491687908769 0.09943722188472748
v 0.14244192838668823 0.003621460171416402 0.09938464313745499
v 0.1510137915611267 0.0005701713962480426 0.10708626359701157
v 0.13575619459152222 0.016091572120785713 0.05344856157898903
v 0.13384398818016052 0.018761826679110527 0.0460100919008255
v 0.13577957451343536 0.018061690032482147 0.045979343354701996
v 0.13760054111480713 0.015154507011175156 0.053438689559698105
v 0.13763615489006042 0.01715839095413685 0.045973699539899826
v 0.13918109238147736 0.014031289145350456 0.053452055901288986
v 0.1338174194097519 0.015190167352557182 0.061026085168123245
v 0.1338300108909607 0.016817662864923477 0.05348005145788193
v 0.13573512434959412 0.014442035928368568 0.06099594756960869
v 0.1424255222082138 0.003491409355774522 0.10708626359701157
v 0.1418582946062088 0.004059349186718464 0.10708626359701157
v 0.1418732851743698 0.004188198130577803 0.09937752783298492
v 0.13748259842395782 0.009546738117933273 0.09163328260183334
v 0.14499446749687195 0.002505756448954344 0.09174779057502747
v 0.1400512158870697 0.006525936536490917 0.10708626359701157
v 0.1389710158109665 0.007817257195711136 0.10708626359701157
v 0.1375684291124344 0.013475948944687843 0.06098409742116928
v 0.17381252348423004 0.001803054939955473 0.09274405986070633
v 0.17819316685199738 0.0030475808307528496 0.09308280795812607
v 0.17383365333080292 0.0014091873308643699 0.0999099463224411
v 0.14296671748161316 0.016819553449749947 0.035362694412469864
v 0.1430705040693283 0.01837211474776268 0.03182515874505043
v 0.14317718148231506 0.020050987601280212 0.028344858437776566
v 0.14328648149967194 0.021867593750357628 0.024933762848377228
v 0.14476801455020905 0.02104364149272442 0.025177331641316414
v 0.1448981761932373 0.023037122562527657 0.021871285513043404
v 0.14286601543426514 0.015384156256914139 0.03894871100783348
v 0.1469375491142273 0.024513261392712593 0.01901264302432537
v 0.19269028306007385 0.011302590370178223 0.08875784277915955
v 0.189485102891922 0.008486676029860973 0.09435059130191803
v 0.18943381309509277 0.009066307917237282 0.08800895512104034
v 0.18598920106887817 0.0064308857545256615 0.09388812631368637
v 0.185938760638237 0.007034614682197571 0.08731559664011002
v 0.18223588168621063 0.004606056492775679 0.09346485137939453
v 0.18218816816806793 0.005231872666627169 0.0866808295249939
v 0.1435275673866272 0.01491335779428482 0.03903074190020561
v 0.14405541121959686 0.011874161660671234 0.04638413339853287
v 0.14331859350204468 0.012342006899416447 0.046306535601615906
v 0.16898685693740845 0.002564117545261979 0.07789983600378036
v 0.1637648642063141 0.0012341156834736466 0.0847892016172409
v 0.16376051306724548 0.002202205825597048 0.07740570604801178
v 0.15787571668624878 0.0013144531985744834 0.08449256420135498
v 0.15790648758411407 0.0022861596662551165 0.07700849324464798
v 0.15112315118312836 0.0017990227788686752 0.08426512777805328
v 0.15120388567447662 0.002768291626125574 0.07670320570468903
v 0.14782238006591797 0.003337467322126031 0.07658252120018005
v 0.14795367419719696 0.004593105521053076 0.06903041899204254
v 0.1453407257795334 0.005370285362005234 0.06890261173248291
v 0.14551055431365967 0.0069175343960523605 0.0613773912191391
v 0.14450855553150177 0.007354889065027237 0.06130993366241455
v 0.14470021426677704 0.009217021986842155 0.05384316295385361
v 0.14385057985782623 0.009673718363046646 0.053770262748003006
v 0.17815063893795013 0.0036930772475898266 0.08610773086547852
v 0.1737784445285797 0.002465255791321397 0.085599385201931
v 0.18602049350738525 0.006072662770748138 0.10048195719718933
v 0.1822654753923416 0.004234424792230129 0.10027028620243073
v 0.1782195270061493 0.0026639557909220457 0.10007926821708679
v 0.16901588439941406 0.0016062698559835553 0.08515884727239609
v 0.13839825987815857 0.012911190278828144 0.06098547950387001
v 0.14280053973197937 0.006812218111008406 0.0687549039721489
v 0.14336547255516052 0.005076912231743336 0.07640009373426437
v 0.14234063029289246 0.008850017562508583 0.0611482635140419
v 0.1578340232372284 8.381271618418396e-05 0.10708626359701157
v 0.16377079486846924 9.426117685507052e-06 0.10708626359701157
v 0.14030756056308746 0.011126927100121975 0.061020996421575546
v 0.12997561693191528 0.016248242929577827 0.06113550812005997
v 0.12997111678123474 0.017845219001173973 0.05360144376754761
v 0.1299661248922348 0.01975284330546856 0.046139877289533615
v 0.13385915756225586 0.02106030285358429 0.038642387837171555
v 0.12996071577072144 0.022008268162608147 0.03877585753798485
v 0.13387538492679596 0.02376447804272175 0.031415101140737534
v 0.13580496609210968 0.020390238612890244 0.0386151522397995
v 0.12997959554195404 0.014934368431568146 0.06872394680976868
v 0.16905517876148224 0.00039599230512976646 0.10708626359701157
v 0.17384089529514313 0.0012788010062649846 0.10708626359701157
v 0.21561777591705322 0.07101985812187195 0.09107893705368042
v 0.21448871493339539 0.07210608571767807 0.0880076065659523
v 0.21443690359592438 0.07347854226827621 0.09261214733123779
v 0.21309562027454376 0.07476208359003067 0.09031930565834045
v 0.213042750954628 0.0758102536201477 0.09582934528589249
v 0.21149185299873352 0.07721058279275894 0.0943191722035408
v 0.2114487737417221 0.07788407057523727 0.1006782278418541
v 0.20974618196487427 0.07858166843652725 0.09284190833568573
v 0.21451832354068756 0.07121020555496216 0.08579543977975845
v 0.2077452838420868 0.08075366914272308 0.09921431541442871
v 0.20780785381793976 0.07992099970579147 0.09140162914991379
v 0.20336578786373138 0.08249363303184509 0.08864834159612656
v 0.20349416136741638 0.08075515180826187 0.07961545884609222
v 0.20086921751499176 0.08372142165899277 0.0873434916138649
v 0.20101243257522583 0.08185243606567383 0.07766901701688766
v 0.19826816022396088 0.0840228945016861 0.08091853559017181
v 0.19835303723812103 0.0829101949930191 0.07580143958330154
v 0.21563886106014252 0.07026737183332443 0.08922354131937027
v 0.21566142141819 0.06937631964683533 0.08744253218173981
v 0.21455000340938568 0.07014947384595871 0.08367155492305756
v 0.17822857201099396 0.0025370637886226177 0.10708626359701157
v 0.18227560818195343 0.004111614543944597 0.10708626359701157
v 0.18603120744228363 0.0059543801471591 0.10708626359701157
v 0.21764229238033295 0.06620588153600693 0.09581560641527176
v 0.21761101484298706 0.06496454030275345 0.09439142048358917
v 0.21731890738010406 0.06639862805604935 0.09316474944353104
v 0.2166106104850769 0.06674954295158386 0.08867558091878891
v 0.21659430861473083 0.06774317473173141 0.08991017937660217
v 0.21568524837493896 0.06832659244537354 0.08576399832963943
v 0.18952779471874237 0.008029644377529621 0.10708626359701157
v 0.13380636274814606 0.013851319439709187 0.06862921267747879
v 0.12998294830322266 0.013883156701922417 0.07635311037302017
v 0.13379696011543274 0.012780285440385342 0.07627511769533157
v 0.1383325308561325 0.010397503152489662 0.07624026387929916
v 0.13754017651081085 0.012094364501535892 0.06858991086483002
v 0.13836270570755005 0.011515103280544281 0.06858989596366882
v 0.1390446275472641 0.009775993414223194 0.07624288648366928
v 0.13908343017101288 0.01090614777058363 0.06859410554170609
v 0.14017058908939362 0.008529762737452984 0.07625873386859894
v 0.14023348689079285 0.009684990160167217 0.06861582398414612
v 0.142201229929924 0.007350368890911341 0.06871678680181503
v 0.13751620054244995 0.010988651774823666 0.07624100148677826
v 0.13378937542438507 0.01196164358407259 0.08395249396562576
v 0.1356881707906723 0.011169025674462318 0.0839344933629036
v 0.13570085167884827 0.011999051086604595 0.07625208050012589
v 0.13749687373638153 0.010143166407942772 0.08392540365457535
v 0.13830818235874176 0.009542721323668957 0.08392444252967834
v 0.1390133798122406 0.00891138892620802 0.0839259922504425
v 0.13571658730506897 0.013084858655929565 0.06860202550888062
v 0.1391291320323944 0.012317531742155552 0.06099196895956993
v 0.14011988043785095 0.00764556135982275 0.08393702656030655
v 0.13567881286144257 0.010583660565316677 0.0916396975517273
v 0.1337791234254837 0.010926784947514534 0.10708626359701157
v 0.13378377258777618 0.011384319514036179 0.0916520282626152
v 0.135671004652977 0.010119705460965633 0.10708626359701157
v 0.13827525079250336 0.008461376652121544 0.10708626359701157
v 0.13747373223304749 0.009191727265715599 0.09935612231492996
v 0.14208287000656128 0.0061478810384869576 0.0763363391160965
v 0.1426711231470108 0.005599029827862978 0.07636602967977524
v 0.17373237013816833 0.003405506256967783 0.0784880742430687
v 0.1780930906534195 0.0046104853972792625 0.07916632294654846
v 0.1052665263414383 0.05079939588904381 0.0054354481399059296
v 0.11341600865125656 0.050612062215805054 0.0031028292141854763
v 0.10527749359607697 0.049086928367614746 0.006103271618485451
v 0.09732569009065628 0.04915200173854828 0.009237068705260754
v 0.19289244711399078 0.07937715947628021 0.05585832893848419
v 0.1899012178182602 0.07736818492412567 0.04807466268539429
v 0.18645891547203064 0.08066815137863159 0.05127168074250221
v 0.18660765886306763 0.07789105921983719 0.045620083808898926
v 0.183158278465271 0.07839465141296387 0.04333685338497162
v 0.18331283330917358 0.07503070682287216 0.037746209651231766
v 0.11340395361185074 0.05242346227169037 0.0025897216983139515
v 0.17970405519008636 0.07542025297880173 0.03543918952345848
v 0.17985674738883972 0.07137696444988251 0.030049767345190048
v 0.17607322335243225 0.07167530059814453 0.02775675244629383
v 0.17614305019378662 0.06935425102710724 0.025175796821713448
v 0.17217035591602325 0.06964408606290817 0.023018846288323402
v 0.17222709953784943 0.06709153205156326 0.02053161710500717
v 0.16803912818431854 0.06740980595350266 0.018529731780290604
v 0.168075293302536 0.06461746990680695 0.016180748119950294
v 0.1636233776807785 0.06502986699342728 0.01435073185712099
v 0.12167049944400787 0.052054792642593384 0.0011207809438928962
v 0.12166067957878113 0.05394003167748451 0.0008012390462681651
v 0.12580379843711853 0.05365201085805893 0.00040955355507321656
v 0.1339818239212036 0.05267496779561043 0.0003376388631295413
v 0.12991861999034882 0.051356155425310135 0.0005676727741956711
v 0.12581732869148254 0.049907948821783066 0.0012441331055015326
v 0.12169009447097778 0.04843368008732796 0.002338386606425047
v 0.1399078518152237 0.060504183173179626 0.002342491177842021
v 0.14153769612312317 0.05799805745482445 0.001999008236452937
v 0.13803733885288239 0.05933208391070366 0.0014512711204588413
v 0.1380249559879303 0.05746232345700264 0.0009644852252677083
v 0.1339964121580124 0.058427438139915466 0.0006453247624449432
v 0.133991539478302 0.05652439594268799 0.0003376388631295413
v 0.12991340458393097 0.05710019916296005 0.0002535476814955473
v 0.12991513311862946 0.05517801642417908 0.00014679718879051507
v 0.12579703330993652 0.055569279938936234 0.0003014297690242529
v 0.16362887620925903 0.061995018273591995 0.012200096622109413
v 0.1588345468044281 0.06251106411218643 0.010554123669862747
v 0.15879547595977783 0.05922863259911537 0.008672249503433704
v 0.12168029695749283 0.05021444335579872 0.0016395951388403773
v 0.11342805624008179 0.04885974898934364 0.00379383098334074
v 0.135860875248909 0.026348551735281944 0.024378472939133644
v 0.13391046226024628 0.030704298987984657 0.017652016133069992
v 0.13391965627670288 0.03284331038594246 0.014443062245845795
v 0.13392896950244904 0.03518514335155487 0.011379898525774479
v 0.13393841683864594 0.03775651752948761 0.008507606573402882
v 0.13394795358181 0.04058605432510376 0.00589080061763525
v 0.12581056356430054 0.051757778972387314 0.0007275925017893314
v 0.12991687655448914 0.0532558299601078 0.0002535476814955473
v 0.15353581309318542 0.05984538793563843 0.007210823241621256
v 0.15343278646469116 0.05631905049085617 0.005697273649275303
v 0.1484045833349228 0.05727537348866463 0.00442449189722538
v 0.1483301967382431 0.055429063737392426 0.0038388597313314676
v 0.14465516805648804 0.05665012449026108 0.002793403808027506
v 0.14459402859210968 0.0547604113817215 0.0023423158563673496
v 0.1415051966905594 0.05611594766378403 0.0015288925496861339
v 0.14147265255451202 0.054196547716856 0.001240577781572938
v 0.13801254332065582 0.05555282533168793 0.0006655273609794676
v 0.13800014555454254 0.05362274497747421 0.0005641021998599172
v 0.1339866816997528 0.05459968373179436 0.00023315430735237896
v 0.14144009351730347 0.05225787311792374 0.0011428605066612363
v 0.17593717575073242 0.07581406086683273 0.03333606943488121
v 0.17211441695690155 0.07200829684734344 0.025689279660582542
v 0.1680034101009369 0.06999745219945908 0.021102730184793472
v 0.16361793875694275 0.06784684956073761 0.016783196479082108
v 0.1588732749223709 0.06556271761655807 0.012787163257598877
v 0.15363827347755432 0.06314118951559067 0.009171532467007637
v 0.14855287969112396 0.06080392375588417 0.00600670650601387
v 0.14471623301506042 0.05849296227097511 0.003405739087611437
v 0.17955784499645233 0.07888193428516388 0.04123445972800255
v 0.1794194132089615 0.08184120804071426 0.047314584255218506
v 0.14447157084941864 0.050894077867269516 0.001972595229744911
v 0.14453281462192535 0.052836157381534576 0.002066093496978283
v 0.14818111062049866 0.051618289202451706 0.0031454165000468493
v 0.14825567603111267 0.05353948473930359 0.003408485557883978
v 0.15332935750484467 0.052601344883441925 0.004731148015707731
v 0.2035731077194214 0.07956534624099731 0.07519178092479706
v 0.19844959676265717 0.08154738694429398 0.07075922191143036
v 0.19263841211795807 0.08337290585041046 0.06671891361474991
v 0.19276012480258942 0.08154541254043579 0.061217546463012695
v 0.18631991744041443 0.08302962779998779 0.05712467059493065
v 0.1722845435142517 0.0643400028347969 0.01826835796236992
v 0.16811184585094452 0.06161506101489067 0.014113503508269787
v 0.16363441944122314 0.058740224689245224 0.010398110374808311
v 0.15875619649887085 0.05573050305247307 0.007229301612824202
v 0.17621390521526337 0.06684961169958115 0.022777771577239037
v 0.17993512749671936 0.06910982728004456 0.02756267599761486
v 0.18676476180553436 0.07463818043470383 0.04024698957800865
v 0.18347425758838654 0.07110021263360977 0.03255762532353401
v 0.05222565308213234 0.025790074840188026 0.09266846626996994
v 0.0542106069624424 0.02270498499274254 0.09920673817396164
v 0.05229310318827629 0.024712223559617996 0.09985426813364029
v 0.1379629373550415 0.047913409769535065 0.0014512711204588413
v 0.15798966586589813 0.005138378590345383 0.06218715384602547
v 0.15130405128002167 0.004033279605209827 0.06918312609195709
v 0.15142205357551575 0.00561025645583868 0.0617198571562767
v 0.1481083333492279 0.006158229894936085 0.06153373792767525
v 0.1482842117547989 0.008054501377046108 0.05411088839173317
v 0.14570370316505432 0.00879230909049511 0.05392409861087799
v 0.14591781795024872 0.01102354098111391 0.046566352248191833
v 0.1449127048254013 0.011433475650846958 0.04647066444158554
v 0.1579446792602539 0.0035552065819501877 0.06956814974546432
v 0.14514370262622833 0.014042721129953861 0.03922440484166145
v 0.14427806437015533 0.01446506567299366 0.0391225591301918
v 0.14439541101455688 0.015922440215945244 0.035551827400922775
v 0.1925368756055832 0.013131794519722462 0.07668393105268478
v 0.18936443328857422 0.009892437607049942 0.081700399518013
v 0.18927833437919617 0.0109781539067626 0.07543866336345673
v 0.18587049841880798 0.007894287817180157 0.08077656477689743
v 0.18578578531742096 0.00902304146438837 0.07428496330976486
v 0.1821235865354538 0.006122162099927664 0.07993051409721375
v 0.18204344809055328 0.007289993576705456 0.0732279047369957
v 0.16374871134757996 0.005047180224210024 0.06279075145721436
v 0.16890844702720642 0.0053825341165065765 0.06353777647018433
v 0.16375510394573212 0.0034674874041229486 0.07006749510765076
v 0.14464065432548523 0.019201502203941345 0.02856864221394062
v 0.19243676960468292 0.014437900856137276 0.0707322210073471
v 0.18917693197727203 0.012341453693807125 0.06924042850732803
v 0.18568600714206696 0.010439014993607998 0.06785768270492554
v 0.18194907903671265 0.00875354465097189 0.06659000366926193
v 0.17802169919013977 0.005812732968479395 0.07227255403995514
v 0.1779375970363617 0.0073179020546376705 0.06544344872236252
v 0.17367519438266754 0.00463651679456234 0.07142399996519089
v 0.17360781133174896 0.00617617042735219 0.06442402303218842
v 0.16895084083080292 0.003817005315795541 0.07068728655576706
v 0.14451634883880615 0.017498211935162544 0.0320308618247509
v 0.19262182712554932 0.01209260243922472 0.08269793540239334
v 0.1800951063632965 0.06403268873691559 0.02317165397107601
v 0.17628560960292816 0.06415212899446487 0.020602378994226456
v 0.18001462519168854 0.06666438281536102 0.025257142260670662
v 0.18364113569259644 0.06652034819126129 0.027958642691373825
v 0.18355709314346313 0.06889652460813522 0.03016858734190464
v 0.18701303005218506 0.06870438903570175 0.03298259899020195
v 0.18692880868911743 0.07083602994680405 0.0352696031332016
v 0.19021818041801453 0.07057898491621017 0.03817502036690712
v 0.17635804414749146 0.061260759830474854 0.018704155460000038
v 0.19005626440048218 0.07423853874206543 0.04293132945895195
v 0.19318360090255737 0.0738278180360794 0.04578910768032074
v 0.19303405284881592 0.07682322710752487 0.050691112875938416
v 0.19600115716457367 0.07625482976436615 0.05345994234085083
v 0.12992897629737854 0.041229065507650375 0.005897377151995897
v 0.17234256863594055 0.06138640269637108 0.016285255551338196
v 0.1724010407924652 0.058234088122844696 0.014641663059592247
v 0.16814865171909332 0.05840341001749039 0.012391007505357265
v 0.14137502014636993 0.048399802297353745 0.0015288925496861339
v 0.14441032707691193 0.04895200580358505 0.002066093496978283
v 0.14810650050640106 0.04968082532286644 0.003056503366678953
v 0.15327753126621246 0.05069411173462868 0.004481880459934473
v 0.15871675312519073 0.05205700919032097 0.006314071826636791
v 0.16363999247550964 0.05528426542878151 0.009025787934660912
v 0.16818569600582123 0.055004462599754333 0.011087899096310139
v 0.12993237376213074 0.03843099996447563 0.008543159812688828
v 0.12993575632572174 0.035893477499485016 0.0114403385668993
v 0.12993909418582916 0.0335860401391983 0.014524170197546482
v 0.1299423724412918 0.03148092329502106 0.017749588936567307
v 0.12994877994060516 0.02778618596494198 0.02450638636946678
v 0.13389255106449127 0.026945525780320168 0.024386513978242874
v 0.12995490431785583 0.024662397801876068 0.0315459780395031
v 0.19232295453548431 0.016033412888646126 0.06486329436302185
v 0.05414314195513725 0.023828890174627304 0.09137673676013947
v 0.05212085694074631 0.027611076831817627 0.08558549731969833
v 0.054038312286138535 0.025733131915330887 0.0836569294333458
v 0.189485102891922 0.008486676029860973 0.1198219284415245
v 0.19269028306007385 0.011302590370178223 0.1254146844148636
v 0.18943381309509277 0.009066307917237282 0.1261635720729828
v 0.18598920106887817 0.0064308857545256615 0.12028440088033676
v 0.185938760638237 0.007034614682197571 0.1268569380044937
v 0.18223588168621063 0.004606056492775679 0.1207076758146286
v 0.18218816816806793 0.005231872666627169 0.12749168276786804
v 0.17819316685199738 0.0030475808307528496 0.12108971923589706
v 0.19274090230464935 0.010748798958957195 0.11932233721017838
v 0.17815063893795013 0.0036930772475898266 0.12806479632854462
v 0.17381252348423004 0.001803054939955473 0.1214284673333168
v 0.1737784445285797 0.002465255791321397 0.12857313454151154
v 0.16903731226921082 0.0009310608147643507 0.12172186374664307
v 0.16901588439941406 0.0016062698559835553 0.12901367247104645
v 0.16376809775829315 0.0005511284107342362 0.1219678521156311
v 0.1637648642063141 0.0012341156834736466 0.12938332557678223
v 0.15785297751426697 0.0006283912807703018 0.1221650242805481
v 0.15787571668624878 0.0013144531985744834 0.12967994809150696
v 0.1957244724035263 0.013719574548304081 0.12461334466934204
v 0.19577328860759735 0.013193115592002869 0.11878766864538193
v 0.1985933780670166 0.015798775479197502 0.11821998655796051
v 0.19565841555595398 0.014471257105469704 0.08376508951187134
v 0.19577328860759735 0.013193115592002869 0.09538485109806061
v 0.19274090230464935 0.010748798958957195 0.09485018253326416
v 0.19581390917301178 0.01277880184352398 0.10708626359701157
v 0.19278302788734436 0.010312565602362156 0.10708626359701157
v 0.20094814896583557 0.021682104095816612 0.07580143958330154
v 0.20103302597999573 0.020569412037730217 0.08091853559017181
v 0.1984071135520935 0.017945537343621254 0.07942894101142883
v 0.19848467409610748 0.01700807735323906 0.08489778637886047
v 0.1985933780670166 0.015798775479197502 0.09595254063606262
v 0.19863183796405792 0.015407322905957699 0.10708626359701157
v 0.151063472032547 0.001114181592129171 0.12231594324111938
v 0.15112315118312836 0.0017990227788686752 0.12990739941596985
v 0.14763836562633514 0.0016952743753790855 0.12237534672021866
v 0.13748259842395782 0.009546738117933273 0.12253924459218979
v 0.13830818235874176 0.009542721323668957 0.1302480846643448
v 0.13749687373638153 0.010143166407942772 0.1302471160888672
v 0.13567881286144257 0.010583660565316677 0.12253282964229584
v 0.1356881707906723 0.011169025674462318 0.13023802638053894
v 0.13378377258777618 0.011384319514036179 0.12252049148082733
v 0.13378937542438507 0.01196164358407259 0.13022002577781677
v 0.12998764216899872 0.01251268107444048 0.122480109333992
v 0.13829021155834198 0.008939624764025211 0.12254006415605545
v 0.12998564541339874 0.013079529628157616 0.13016030192375183
v 0.20103302597999573 0.020569412037730217 0.13325399160385132
v 0.20110510289669037 0.019686421379446983 0.1280805766582489
v 0.20352382957935333 0.02248983085155487 0.12682902812957764
v 0.20120608806610107 0.01854868419468403 0.11762133240699768
v 0.20361600816249847 0.021425943821668625 0.11699377745389938
v 0.20124183595180511 0.01818089559674263 0.10708626359701157
v 0.2036486119031906 0.021082475781440735 0.10708626359701157
v 0.20120608806610107 0.01854868419468403 0.09655118733644485
v 0.12203389406204224 0.015365960076451302 0.13754591345787048
v 0.1390133798122406 0.00891138892620802 0.13024652004241943
v 0.13899025321006775 0.008301228284835815 0.1225392296910286
v 0.14011988043785095 0.00764556135982275 0.130235493183136
v 0.14771658182144165 0.002375244162976742 0.12999707460403442
v 0.14499446749687195 0.002505756448954344 0.12242472916841507
v 0.1450803577899933 0.003177902428433299 0.1300717443227768
v 0.14399641752243042 0.0029736291617155075 0.12244582176208496
v 0.14408163726329803 0.003641056129708886 0.1301036775112152
v 0.14317218959331512 0.003477417165413499 0.12246459722518921
v 0.1432543247938156 0.004139667842537165 0.13013215363025665
v 0.1424897164106369 0.004012966528534889 0.12248112261295319
v 0.14256682991981506 0.0046696169301867485 0.1301572471857071
v 0.14191699028015137 0.004576103296130896 0.12249546498060226
v 0.14198748767375946 0.005226799286901951 0.13017906248569489
v 0.14008241891860962 0.007021316792815924 0.12253227084875107
v 0.20361600816249847 0.021425943821668625 0.09717874974012375
v 0.19557645916938782 0.01546089630573988 0.07801572233438492
v 0.19547991454601288 0.01670585386455059 0.07232701033353806
v 0.19831575453281403 0.019125880673527718 0.07401875406503677
v 0.2090713083744049 0.042714923620224 0.15114305913448334
v 0.20724543929100037 0.038073260337114334 0.1518489271402359
v 0.20915640890598297 0.04035429656505585 0.1481640338897705
v 0.2073400318622589 0.035879556089639664 0.14830315113067627
v 0.20923790335655212 0.03834081068634987 0.14491470158100128
v 0.20742961764335632 0.034014567732810974 0.14455068111419678
v 0.20931507647037506 0.03662979602813721 0.1414739340543747
v 0.20751333236694336 0.032436616718769073 0.14064830541610718
v 0.20714662969112396 0.04064439237117767 0.1551026552915573
v 0.2093871831893921 0.0351828932762146 0.13789428770542145
v 0.20759031176567078 0.031111588701605797 0.13663479685783386
v 0.2094535082578659 0.033968593925237656 0.1342116892337799
v 0.2076597660779953 0.030012179166078568 0.13253779709339142
v 0.2095133513212204 0.032961662858724594 0.1304517537355423
v 0.20777268707752228 0.028407355770468712 0.12417010962963104
v 0.20961061120033264 0.03149312734603882 0.12277089804410934
v 0.20579251646995544 0.02481996826827526 0.12094499170780182
v 0.2096465826034546 0.031002549454569817 0.11887601763010025
v 0.20898331701755524 0.04546496644616127 0.15373097360134125
v 0.20889316499233246 0.0486181378364563 0.15575221180915833
v 0.20704448223114014 0.04363954812288284 0.15793351829051971
v 0.20582760870456696 0.024413688108325005 0.11633937060832977
v 0.20585684478282928 0.024095039814710617 0.10708626359701157
v 0.20582760870456696 0.024413688108325005 0.09783315658569336
v 0.20352382957935333 0.02248983085155487 0.0873434916138649
v 0.20574502646923065 0.025401869788765907 0.08864834159612656
v 0.1996506005525589 0.05229615420103073 0.1749160885810852
v 0.1997251659631729 0.04982953146100044 0.17477092146873474
v 0.20226454734802246 0.0507977120578289 0.17061097919940948
v 0.20233246684074402 0.04850738123059273 0.17020493745803833
v 0.2046772539615631 0.04967160522937775 0.1659354716539383
v 0.20473787188529968 0.04758310690522194 0.16530606150627136
v 0.20688681304454803 0.04893932119011879 0.16095761954784393
v 0.20693983137607574 0.047075316309928894 0.1601504683494568
v 0.20784534513950348 0.027496347203850746 0.1156601533293724
v 0.1948249340057373 0.027773147448897362 0.04578910768032074
v 0.19769592583179474 0.029647711664438248 0.04881013184785843
v 0.19497448205947876 0.024777727201581 0.050691112875938416
v 0.1978374570608139 0.02679647132754326 0.05345994234085083
v 0.1951160877943039 0.02222379483282566 0.05585832893848419
v 0.19797144830226898 0.024367017671465874 0.058365948498249054
v 0.19524841010570526 0.02005554921925068 0.061217546463012695
v 0.19809666275978088 0.022306010127067566 0.06345753371715546
v 0.1953701227903366 0.01822805032134056 0.06671891361474991
v 0.19821186363697052 0.020570341497659683 0.06868655234575272
v 0.20085160434246063 0.02304491586983204 0.07075922191143036
v 0.20074458420276642 0.02468382753431797 0.06581605970859528
v 0.20787106454372406 0.02720290794968605 0.10708626359701157
v 0.20784534513950348 0.027496347203850746 0.09851236641407013
v 0.20777268707752228 0.028407355770468712 0.09000241756439209
v 0.20037220418453217 0.03162705525755882 0.05198425427079201
v 0.20050370693206787 0.028929004445672035 0.05637166649103165
v 0.20062822103500366 0.02663148194551468 0.06100482493638992
v 0.20110510289669037 0.019686421379446983 0.08609194308519363
v 0.20338061451911926 0.024358822032809258 0.07766901701688766
v 0.178889200091362 0.090907983481884 0.07993051409721375
v 0.17142383754253387 0.09243584424257278 0.0784880742430687
v 0.17882461845874786 0.09179827570915222 0.0866808295249939
v 0.1858198493719101 0.089962437748909 0.08800895512104034
v 0.18576855957508087 0.09054207056760788 0.09435059130191803
v 0.19223527610301971 0.08840784430503845 0.09538485109806061
v 0.19228407740592957 0.08788137882947922 0.12461334466934204
v 0.19223527610301971 0.08840784430503845 0.11878766864538193
v 0.18576855957508087 0.09054207056760788 0.1198219284415245
v 0.1857367604970932 0.0908857211470604 0.1134592741727829
v 0.17148102819919586 0.09120482951402664 0.07142399996519089
v 0.178747296333313 0.092795729637146 0.11390224099159241
v 0.17873716354370117 0.09291853755712509 0.10708626359701157
v 0.17131531238555908 0.09456254541873932 0.10708626359701157
v 0.17132256925106049 0.09443215280771255 0.0999099463224411
v 0.16353227198123932 0.09578187018632889 0.09964046627283096
v 0.1635342687368393 0.09537506103515625 0.09220466762781143
v 0.15538792312145233 0.09643024206161499 0.09185656905174255
v 0.15532824397087097 0.09574540704488754 0.08426512777805328
v 0.14695563912391663 0.09656135737895966 0.08399344980716705
v 0.16354727745056152 0.09245871007442474 0.07006749510765076
v 0.1635536551475525 0.09087900817394257 0.06279075145721436
v 0.15936484932899475 0.09142833203077316 0.06218715384602547
v 0.14607711136341095 0.08640400320291519 0.03894871100783348
v 0.14626817405223846 0.08895473927259445 0.04623765870928764
v 0.15474636852741241 0.08774938434362411 0.047045085579156876
v 0.1548951417207718 0.09002334624528885 0.05433225259184837
v 0.15931369364261627 0.08950868248939514 0.054885171353816986
v 0.19243209064006805 0.08614006638526917 0.1361568123102188
v 0.1923501342535019 0.08712970465421677 0.1304074376821518
v 0.18588922917842865 0.08913630992174149 0.13247212767601013
v 0.1858198493719101 0.089962437748909 0.1261635720729828
v 0.17882461845874786 0.09179827570915222 0.12749168276786804
v 0.1635342687368393 0.09537506103515625 0.1219678521156311
v 0.17134366929531097 0.09403828531503677 0.1214284673333168
v 0.16353227198123932 0.09578187018632889 0.11453204602003098
v 0.15542490780353546 0.09683863073587418 0.11470571160316467
v 0.15543760359287262 0.09697424620389938 0.10708626359701157
v 0.14708483219146729 0.09772881120443344 0.10708626359701157
v 0.14706982672214508 0.09759996831417084 0.09937752783298492
v 0.1385265588760376 0.09805376827716827 0.09935612231492996
v 0.1713777333498001 0.09337608516216278 0.12857313454151154
v 0.13851770758628845 0.09769875556230545 0.09163328260183334
v 0.146860271692276 0.09564027935266495 0.0763363391160965
v 0.1552475243806839 0.09477613866329193 0.07670320570468903
v 0.14674191176891327 0.09443779289722443 0.06871678680181503
v 0.15514732897281647 0.09351114183664322 0.06918312609195709
v 0.14660249650478363 0.0929381474852562 0.0611482635140419
v 0.1384318768978119 0.09376954287290573 0.06098409742116928
v 0.13846011459827423 0.09515112638473511 0.06858991086483002
v 0.178889200091362 0.090907983481884 0.1342420130968094
v 0.17877689003944397 0.09242409467697144 0.1207076758146286
v 0.17132256925106049 0.09443215280771255 0.11426258087158203
v 0.1635315716266632 0.0959167629480362 0.10708626359701157
v 0.15542490780353546 0.09683863073587418 0.09946680814027786
v 0.14702613651752472 0.097212053835392 0.09167706221342087
v 0.13850340247154236 0.0971023291349411 0.08392540365457535
v 0.1925286203622818 0.08489510416984558 0.14184550940990448
v 0.1859753131866455 0.08805059641599655 0.1387338638305664
v 0.19081911444664001 0.0530412383377552 0.02789730206131935
v 0.19391947984695435 0.053570736199617386 0.031558435410261154
v 0.19683906435966492 0.05414656177163124 0.03539688140153885
v 0.19957603514194489 0.05476276949048042 0.0394015908241272
v 0.19819609820842743 0.08490587770938873 0.08609194308519363
v 0.19243209064006805 0.08614006638526917 0.07801572233438492
v 0.1925286203622818 0.08489510416984558 0.07232701033353806
v 0.18607673048973083 0.08668728917837143 0.06924042850732803
v 0.18619205057621002 0.08502347767353058 0.06312665343284607
v 0.17917104065418243 0.08649396151304245 0.06003819406032562
v 0.1923501342535019 0.08712970465421677 0.08376508951187134
v 0.1859753131866455 0.08805059641599655 0.07543866336345673
v 0.20535500347614288 0.03146863356232643 0.06664147228002548
v 0.20319482684135437 0.027174407616257668 0.0682852566242218
v 0.2030886560678482 0.029003316536545753 0.0637662410736084
v 0.20742961764335632 0.034014567732810974 0.06962183862924576
v 0.2054501622915268 0.029763178899884224 0.07085726410150528
v 0.20561665296554565 0.02714034914970398 0.07961545884609222
v 0.2076597660779953 0.030012179166078568 0.08163472265005112
v 0.20961061120033264 0.03149312734603882 0.09140162914991379
v 0.2095133513212204 0.032961662858724594 0.08372076600790024
v 0.21118071675300598 0.0359763465821743 0.08586757630109787
v 0.2094535082578659 0.033968593925237656 0.07996083050966263
v 0.2110745906829834 0.03799033537507057 0.07911144196987152
v 0.2093871831893921 0.0351828932762146 0.07627822458744049
v 0.20931507647037506 0.03662979602813721 0.07269859313964844
v 0.20751333236694336 0.032436616718769073 0.07352421432733536
v 0.17906369268894196 0.08827660977840424 0.06659000366926193
v 0.17162498831748962 0.08779355883598328 0.057509325444698334
v 0.20558811724185944 0.08235783129930496 0.11137709021568298
v 0.20326142013072968 0.08372168242931366 0.11171695590019226
v 0.2032831758260727 0.0834818184375763 0.11633937060832977
v 0.20075273513793945 0.08504381775856018 0.11204440146684647
v 0.19809509813785553 0.08604361861944199 0.11762133240699768
v 0.19806848466396332 0.08632038533687592 0.11235839873552322
v 0.19220499694347382 0.08871950209140778 0.1129419133067131
v 0.1921946108341217 0.08882215619087219 0.10708626359701157
v 0.1857258677482605 0.09099910408258438 0.10708626359701157
v 0.1857367604970932 0.0908857211470604 0.10071324557065964
v 0.178747296333313 0.092795729637146 0.10027028620243073
v 0.17877689003944397 0.09242409467697144 0.09346485137939453
v 0.17134366929531097 0.09403828531503677 0.09274405986070633
v 0.1713777333498001 0.09337608516216278 0.085599385201931
v 0.16353750228881836 0.09469207376241684 0.0847892016172409
v 0.16354186832904816 0.09372398257255554 0.07740570604801178
v 0.20574502646923065 0.025401869788765907 0.12552417814731598
v 0.20561665296554565 0.02714034914970398 0.13455705344676971
v 0.21241962909698486 0.04505708068609238 0.07367495447397232
v 0.21247568726539612 0.043417856097221375 0.07631168514490128
v 0.21094904839992523 0.040856387466192245 0.07274176925420761
v 0.2125287801027298 0.04202581197023392 0.07910647988319397
v 0.20683348178863525 0.05086985602974892 0.052640534937381744
v 0.20677994191646576 0.052837349474430084 0.052303001284599304
v 0.20880155265331268 0.05209608003497124 0.057166941463947296
v 0.2087092399597168 0.05570705980062485 0.05676359310746193
v 0.2149507850408554 0.049912337213754654 0.08166928589344025
v 0.21050433814525604 0.05661393702030182 0.06144483759999275
v 0.2104266881942749 0.05988355353474617 0.06180514767765999
v 0.21204844117164612 0.06045680493116379 0.0665440559387207
v 0.21198542416095734 0.06328103691339493 0.0675438717007637
v 0.20693983137607574 0.047075316309928894 0.05402204394340515
v 0.20688681304454803 0.04893932119011879 0.0532149039208889
v 0.20889316499233246 0.0486181378364563 0.05842031538486481
v 0.21058201789855957 0.05334431678056717 0.06180514767765999
v 0.2121119499206543 0.05753342807292938 0.06622584909200668
v 0.21491582691669464 0.051378246396780014 0.07983854413032532
v 0.21674928069114685 0.05588763207197189 0.08867558091878891
v 0.21661490201950073 0.05418897792696953 0.08932551741600037
v 0.21498426795005798 0.04866278916597366 0.08367155492305756
v 0.21588316559791565 0.049765001982450485 0.08948014676570892
v 0.2150159478187561 0.04760205000638962 0.08579543977975845
v 0.21257838606834412 0.04084959626197815 0.0820159837603569
v 0.21266517043113708 0.0390462763607502 0.08806909620761871
v 0.21273209154605865 0.03785627707839012 0.0943191722035408
v 0.21276889741420746 0.0371972993016243 0.10031444579362869
v 0.2096731960773468 0.030660459771752357 0.09921431541442871
v 0.21272030472755432 0.03704189509153366 0.1007554829120636
v 0.2125568687915802 0.03652498871088028 0.10257107764482498
v 0.21686600148677826 0.05603628605604172 0.08960922062397003
v 0.21676121652126312 0.05523611977696419 0.08946108818054199
v 0.2162044793367386 0.05157313495874405 0.08927261829376221
v 0.2147292196750641 0.06162400543689728 0.07627954334020615
v 0.21664470434188843 0.06426861882209778 0.08678548038005829
v 0.21666225790977478 0.0628160908818245 0.08628453314304352
v 0.21476712822914124 0.059406131505966187 0.07604316622018814
v 0.21217547357082367 0.05461004748940468 0.0665440559387207
v 0.21065907180309296 0.050190094858407974 0.06293132156133652
v 0.2175419181585312 0.06350883096456528 0.0930870845913887
v 0.20898331701755524 0.04546496644616127 0.06044153869152069
v 0.20704448223114014 0.04363954812288284 0.05623900145292282
v 0.20714662969112396 0.04064439237117767 0.05906986445188522
v 0.2050332874059677 0.03862644359469414 0.055228736251592636
v 0.20514561235904694 0.035851530730724335 0.058751147240400314
v 0.19855661690235138 0.07990847527980804 0.06581605970859528
v 0.20366065204143524 0.07813233137130737 0.07085726410150528
v 0.21316418051719666 0.0731726586818695 0.08498399704694748
v 0.2115587592124939 0.07602058351039886 0.08806909620761871
v 0.2134326845407486 0.06352563202381134 0.07224676758050919
v 0.21192339062690735 0.06584718823432922 0.06916984170675278
v 0.21338367462158203 0.06578885763883591 0.07367346435785294
v 0.21186286211013794 0.06808707118034363 0.07126128673553467
v 0.21333585679531097 0.06776507943868637 0.07551209628582001
v 0.21180430054664612 0.07000976800918579 0.07367495447397232
v 0.21328961849212646 0.06946153193712234 0.0776362195611
v 0.21174824237823486 0.07164900004863739 0.07631168514490128
v 0.21324531733989716 0.07090768218040466 0.07995811849832535
v 0.21169513463974 0.07304104417562485 0.07910647988319397
v 0.21320338547229767 0.07213549315929413 0.08242017775774002
v 0.21164552867412567 0.07421725988388062 0.0820159837603569
v 0.20861691236495972 0.059318047016859055 0.057166941463947296
v 0.2103496491909027 0.06303777545690536 0.06293132156133652
v 0.20852531492710114 0.0627959817647934 0.05842031538486481
v 0.2064601629972458 0.06432852149009705 0.055038731545209885
v 0.20843513309955597 0.06594915688037872 0.06044153869152069
v 0.20640811324119568 0.06599371135234833 0.05623900145292282
v 0.2083471417427063 0.0686991959810257 0.0630294680595398
v 0.20630595088005066 0.0689888671040535 0.05906986445188522
v 0.20826204121112823 0.07105983048677444 0.06600847840309143
v 0.20620715618133545 0.07155999541282654 0.062323588877916336
v 0.2079051285982132 0.0784524604678154 0.08372076600790024
v 0.20818054676055908 0.07307331264019012 0.06925783306360245
v 0.2061125636100769 0.07375369966030121 0.06586937606334686
v 0.20375581085681915 0.07642687112092972 0.06664147228002548
v 0.20656578242778778 0.060693930834531784 0.0532149039208889
v 0.20651276409626007 0.06255794316530228 0.05402204394340515
v 0.2067262977361679 0.05481662601232529 0.05219312757253647
v 0.20667266845703125 0.05679590627551079 0.052303001284599304
v 0.20982800424098969 0.07725152373313904 0.08586757630109787
v 0.20993411540985107 0.07523753494024277 0.07911144196987152
v 0.2079649418592453 0.07744552940130234 0.07996083050966263
v 0.2114487737417221 0.07788407057523727 0.11349429935216904
v 0.2129966765642166 0.07659344375133514 0.10708626359701157
v 0.211433544754982 0.07810043543577194 0.10708626359701157
v 0.2096935212612152 0.07933510094881058 0.11423557251691818
v 0.2096749097108841 0.07957732677459717 0.10708626359701157
v 0.20772312581539154 0.08102159202098846 0.10708626359701157
v 0.20558153092861176 0.08243034780025482 0.10708626359701157
v 0.2032831758260727 0.0834818184375763 0.09783315658569336
v 0.2007444053888321 0.0851287841796875 0.10708626359701157
v 0.20325393974781036 0.08380046486854553 0.10708626359701157
v 0.21005965769290924 0.0723714828491211 0.07274176925420761
v 0.20810338854789734 0.07478433102369308 0.07269859313964844
v 0.20999476313591003 0.07392467558383942 0.07586304843425751
v 0.2080312818288803 0.0762312263250351 0.07627822458744049
v 0.19809509813785553 0.08604361861944199 0.09655118733644485
v 0.20661911368370056 0.058763399720191956 0.052640534937381744
v 0.21012821793556213 0.07054303586483002 0.0697956532239914
v 0.210199773311615 0.06839878112077713 0.06709685176610947
v 0.21027380228042603 0.0659007728099823 0.06475551426410675
v 0.199501633644104 0.05720824748277664 0.03984325751662254
v 0.1967589557170868 0.056742265820503235 0.03587516024708748
v 0.19867296516895294 0.07796081900596619 0.06100482493638992
v 0.19667917490005493 0.05927620083093643 0.03667479753494263
v 0.19935379922389984 0.06189974769949913 0.04161568731069565
v 0.19942748546600342 0.059599023312330246 0.0405852235853672
v 0.1938348263502121 0.05631120875477791 0.03207441046833992
v 0.2038576602935791 0.07441235333681107 0.06258586049079895
v 0.2048579454421997 0.043656375259160995 0.050854746252298355
v 0.20253407955169678 0.042056016623973846 0.046805497258901596
v 0.20479816198349 0.04556858167052269 0.049747712910175323
v 0.20246735215187073 0.04410498961806297 0.0456085279583931
v 0.20473787188529968 0.04758310690522194 0.048866450786590576
v 0.2024001032114029 0.04626527801156044 0.04465283453464508
v 0.2046772539615631 0.04967160522937775 0.04823705181479454
v 0.20233246684074402 0.04850738123059273 0.043967586010694504
v 0.2026001214981079 0.040130890905857086 0.04821249470114708
v 0.20461638271808624 0.051802441477775574 0.04786568880081177
v 0.20226454734802246 0.0507977120578289 0.04356154054403305
v 0.20455540716648102 0.053947754204273224 0.047744445502758026
v 0.20219650864601135 0.05310562998056412 0.04342854768037796
v 0.2044944316148758 0.056093063205480576 0.04786568880081177
v 0.20212845504283905 0.05541354417800903 0.04356154054403305
v 0.20443354547023773 0.0582238994538784 0.04823705181479454
v 0.2020605504512787 0.05770387500524521 0.043967586010694504
v 0.20437291264533997 0.06031240150332451 0.048866450786590576
v 0.20491714775562286 0.041858822107315063 0.052158959209918976
v 0.2027297019958496 0.03667014092206955 0.05151679366827011
v 0.21223850548267365 0.05178581550717354 0.0675438717007637
v 0.21073490381240845 0.04732710123062134 0.06475551426410675
v 0.2090713083744049 0.042714923620224 0.0630294680595398
v 0.20724543929100037 0.038073260337114334 0.062323588877916336
v 0.20525315403938293 0.03348314389586449 0.06258586049079895
v 0.2029750496149063 0.03116224892437458 0.05941680446267128
v 0.20285502076148987 0.03369903191924095 0.05530131235718727
v 0.21480505168437958 0.0571882538497448 0.07627954334020615
v 0.20199289917945862 0.059945981949567795 0.04465283453464508
v 0.20431266725063324 0.06232692301273346 0.049747712910175323
v 0.20192566514015198 0.06210627034306526 0.0456085279583931
v 0.20329250395298004 0.025636576116085052 0.07292994856834412
v 0.20759031176567078 0.031111588701605797 0.07753772288560867
v 0.20553769171237946 0.028330156579613686 0.07519178092479706
v 0.2096731960773468 0.030660459771752357 0.11495820432901382
v 0.20969533920288086 0.03039252571761608 0.10708626359701157
v 0.20425286889076233 0.06423912942409515 0.050854746252298355
v 0.20185895264148712 0.06415524333715439 0.046805497258901596
v 0.20419365167617798 0.06603668630123138 0.052158959209918976
v 0.2017928808927536 0.06608036905527115 0.04821249470114708
v 0.20407752692699432 0.06926906108856201 0.055228736251592636
v 0.2016633152961731 0.06954111903905869 0.05151679366827011
v 0.2039652019739151 0.07204397767782211 0.058751147240400314
v 0.20153799653053284 0.07251222431659698 0.05530131235718727
v 0.20141799747943878 0.0750490054488182 0.05941680446267128
v 0.21667994558811188 0.061318591237068176 0.08612750470638275
v 0.2073400318622589 0.035879556089639664 0.06586937606334686
v 0.20915640890598297 0.04035429656505585 0.06600847840309143
v 0.2108089178800583 0.04482908919453621 0.06709685176610947
v 0.21669761836528778 0.05982108786702156 0.08628453314304352
v 0.21730950474739075 0.060179173946380615 0.09103016555309296
v 0.21671515703201294 0.05836855620145798 0.08678548038005829
v 0.21484266221523285 0.05504057928919792 0.0770287960767746
v 0.21487969160079956 0.05308576300740242 0.0782553032040596
v 0.21230055391788483 0.04921967163681984 0.06916984170675278
v 0.21236106753349304 0.04697978496551514 0.07126128673553467
v 0.2174413800239563 0.0618831105530262 0.09196645766496658
v 0.21088050305843353 0.04268484190106392 0.0697956532239914
v 0.20923790335655212 0.03834081068634987 0.06925783306360245
v 0.21713995933532715 0.05840175971388817 0.0902797058224678
v 0.2167324274778366 0.05704473331570625 0.08760937303304672
v 0.13848409056663513 0.09625683724880219 0.07624100148677826
v 0.14565666019916534 0.07992057502269745 0.024933762848377228
v 0.14543113112449646 0.07582094520330429 0.01838112808763981
v 0.1419501006603241 0.07684142142534256 0.01795343868434429
v 0.1418885588645935 0.07458765804767609 0.01480939518660307
v 0.13817110657691956 0.07562605291604996 0.014533653855323792
v 0.1381472945213318 0.07323391735553741 0.011502869427204132
v 0.13404437899589539 0.07401422411203384 0.011379898525774479
v 0.1340349316596985 0.0714428499341011 0.008507606573402882
v 0.14955021440982819 0.07904930412769318 0.025469552725553513
v 0.12989789247512817 0.07192502915859222 0.008543159812688828
v 0.1011580154299736 0.06925136595964432 0.011476296000182629
v 0.10512435436248779 0.07213348150253296 0.012654991820454597
v 0.11323657631874084 0.07487262040376663 0.013421769253909588
v 0.12151555716991425 0.07713507115840912 0.015173454768955708
v 0.12990128993988037 0.06912696361541748 0.005897377151995897
v 0.14981329441070557 0.08263888955116272 0.032281000167131424
v 0.15458464622497559 0.08507344126701355 0.03989226743578911
v 0.15441156923770905 0.08194360882043839 0.03292224928736687
v 0.1340719312429428 0.08045455813407898 0.020974213257431984
v 0.138240247964859 0.08166933804750443 0.02440757118165493
v 0.1416991651058197 0.06651158630847931 0.00651306938380003
v 0.14163485169410706 0.06330672651529312 0.004341850522905588
v 0.13998743891716003 0.06714010238647461 0.006275230553001165
v 0.13994775712490082 0.06396105140447617 0.004075286909937859
v 0.13809889554977417 0.0677378848195076 0.006092994939535856
v 0.1380743831396103 0.06458486616611481 0.003866806160658598
v 0.13400611281394958 0.06209411099553108 0.0018214416923001409
v 0.1340109407901764 0.0638328343629837 0.0026529007591307163
v 0.13606710731983185 0.0651019960641861 0.0037155153695493937
v 0.13402539491653442 0.06861331313848495 0.00589080061763525
v 0.1340157836675644 0.06550003588199615 0.003620514180511236
v 0.12990473210811615 0.06604067981243134 0.003595825284719467
v 0.1635609269142151 0.0889621153473854 0.05559581145644188
v 0.16356895864009857 0.08667784184217453 0.04850936308503151
v 0.1592569649219513 0.08722274005413055 0.047688037157058716
v 0.15919531881809235 0.0845312550663948 0.0406310148537159
v 0.12989120185375214 0.07676999270915985 0.014524170197546482
v 0.12153438478708267 0.07487901300191879 0.012084747664630413
v 0.16771352291107178 0.08612121641635895 0.04951775074005127
v 0.16357770562171936 0.08398663252592087 0.04156782105565071
v 0.159129336476326 0.08138211816549301 0.03376441448926926
v 0.15422877669334412 0.07829056680202484 0.026207588613033295
v 0.14927545189857483 0.07484839111566544 0.01901264302432537
v 0.14531537890434265 0.07350525259971619 0.015283806249499321
v 0.14182615280151367 0.0721304789185524 0.011821571737527847
v 0.13812321424484253 0.07061328738927841 0.008667892776429653
v 0.17154838144779205 0.08966517448425293 0.06442402303218842
v 0.17896932363510132 0.08974015712738037 0.0732279047369957
v 0.11326001584529877 0.07243215292692184 0.010550613515079021
v 0.10919073224067688 0.06964745372533798 0.008915107697248459
v 0.10514593124389648 0.0694853886961937 0.010100997984409332
v 0.19228407740592957 0.08788137882947922 0.0895591676235199
v 0.18588922917842865 0.08913630992174149 0.081700399518013
v 0.13406288623809814 0.0784950703382492 0.017652016133069992
v 0.08241602033376694 0.08427949249744415 0.04853927716612816
v 0.0824061781167984 0.08189550042152405 0.04240958020091057
v 0.1635870635509491 0.08083635568618774 0.034822944551706314
v 0.15905965864658356 0.07770644128322601 0.027163216844201088
v 0.15403786301612854 0.07402151823043823 0.01986234448850155
v 0.14913444221019745 0.07248088717460632 0.01597040705382824
v 0.16777166724205017 0.08344794809818268 0.04271180182695389
v 0.14519792795181274 0.07098636031150818 0.012348351068794727
v 0.14176297187805176 0.06944628059864044 0.009034866467118263
v 0.13804972171783447 0.06114858016371727 0.002109436085447669
v 0.1420699506998062 0.08082090318202972 0.02458488568663597
v 0.13821761310100555 0.07982315123081207 0.021014366298913956
v 0.17170992493629456 0.0855594053864479 0.050707630813121796
v 0.1678338646888733 0.08031690865755081 0.0361071415245533
v 0.1635969579219818 0.07715877890586853 0.02835174649953842
v 0.1589868813753128 0.07341334223747253 0.020944612100720406
v 0.15393990278244019 0.07161974161863327 0.016882698982954025
v 0.1489913910627365 0.0699109435081482 0.013095551170408726
v 0.14507906138896942 0.06824254244565964 0.009619392454624176
v 0.1792900413274765 0.08436181396245956 0.053600385785102844
v 0.17556826770305634 0.0849752128124237 0.052071135491132736
v 0.12987537682056427 0.08569362759590149 0.0315459780395031
v 0.13411420583724976 0.08813906461000443 0.038642387837171555
v 0.12986956536769867 0.08834777027368546 0.03877585753798485
v 0.12142619490623474 0.0858362689614296 0.03214922547340393
v 0.12139339745044708 0.08842035382986069 0.03933851048350334
v 0.11310354620218277 0.08561981469392776 0.03321654722094536
v 0.11306323111057281 0.08815169334411621 0.0403057336807251
v 0.10498175024986267 0.08509769290685654 0.03476208820939064
v 0.10494500398635864 0.0875864252448082 0.04169347509741783
v 0.09712246805429459 0.08429383486509323 0.03680000454187393
v 0.09709721803665161 0.08674485236406326 0.04351767897605896
v 0.08957944810390472 0.08322203159332275 0.03934445232152939
v 0.08957070857286453 0.08563876897096634 0.045794300734996796
v 0.08594266325235367 0.07976149767637253 0.03470688685774803
v 0.11314612627029419 0.08263713866472244 0.026303185150027275
v 0.10506109148263931 0.07868975400924683 0.021517762914299965
v 0.10108457505702972 0.07837153226137161 0.02268087863922119
v 0.09719128161668777 0.07603176683187485 0.021011024713516235
v 0.09717698395252228 0.07798273861408234 0.023998498916625977
v 0.0933457463979721 0.07752587646245956 0.025471201166510582
v 0.09332650899887085 0.08092185854911804 0.031602852046489716
v 0.08958867192268372 0.08037351816892624 0.033083245158195496
v 0.11330755054950714 0.06674618273973465 0.005625106859952211
v 0.10921423137187958 0.0666891485452652 0.006649742368608713
v 0.1051676794886589 0.06655823439359665 0.007875527255237103
v 0.10117684304714203 0.06635779142379761 0.009299591183662415
v 0.0972352847456932 0.06894882768392563 0.013038971461355686
v 0.1132836863398552 0.06973327696323395 0.007920639589428902
v 0.09725022315979004 0.06609131395816803 0.010919044725596905
v 0.09338601678609848 0.06858120113611221 0.014787010848522186
v 0.09339632838964462 0.06576227396726608 0.012731003575026989
v 0.08961848169565201 0.06815192848443985 0.016718391329050064
v 0.08962365984916687 0.06537413597106934 0.014732582494616508
v 0.08594099432229996 0.06766442209482193 0.01883109286427498
v 0.08594070374965668 0.06493037939071655 0.0169209074229002
v 0.08236218988895416 0.06712203472852707 0.021123085170984268
v 0.08235637098550797 0.06443437188863754 0.01929309219121933
v 0.11743736267089844 0.06672218441963196 0.004804512020200491
v 0.11741475015878677 0.06973595917224884 0.007119614165276289
v 0.12159209698438644 0.06660788506269455 0.004190849605947733
v 0.13605093955993652 0.061682894825935364 0.0019359742291271687
v 0.14201059937477112 0.0789131447672844 0.021219955757260323
v 0.13819456100463867 0.077814981341362 0.017715195193886757
v 0.13405370712280273 0.07635606080293655 0.014443062245845795
v 0.12989452481269836 0.07446254789829254 0.0114403385668993
v 0.12572984397411346 0.07222215086221695 0.00876683834940195
v 0.1215534433722496 0.07239363342523575 0.009176773950457573
v 0.12574312090873718 0.06945046037435532 0.006105957552790642
v 0.12157269567251205 0.06964655965566635 0.006514045875519514
v 0.1340012550354004 0.060288671404123306 0.001145790098235011
v 0.07889438420534134 0.0665271133184433 0.023592369630932808
v 0.07888337969779968 0.06388843804597855 0.021846245974302292
v 0.07555211335420609 0.0658813938498497 0.02623690851032734
v 0.05154973641037941 0.041392210870981216 0.06363736838102341
v 0.05346704646945 0.040285877883434296 0.05968766286969185
v 0.053561896085739136 0.037222009152173996 0.06247805804014206
v 0.05164455249905586 0.038507621735334396 0.06618307530879974
v 0.053653616458177567 0.03455628454685211 0.06560903787612915
v 0.0517362579703331 0.035990990698337555 0.0690452829003334
v 0.053741455078125 0.032239530235528946 0.06897113472223282
v 0.05182407423853874 0.0337984636425972 0.07212265580892563
v 0.05145258083939552 0.04467666149139404 0.06156573444604874
v 0.05382462218403816 0.03022897057235241 0.07249539345502853
v 0.051907218992710114 0.03189145028591156 0.07535111904144287
v 0.05390234291553497 0.028490575030446053 0.07613664865493774
v 0.051984913647174835 0.0302391666918993 0.07868865132331848
v 0.05397382378578186 0.02699846588075161 0.07986437529325485
v 0.05205637961626053 0.028818229213356972 0.08210683614015579
v 0.05336987227201462 0.043785613030195236 0.05740921199321747
v 0.05332064628601074 0.04569751396775246 0.05653597414493561
v 0.0553252175450325 0.04514063522219658 0.05240907147526741
v 0.07553683966398239 0.06329428404569626 0.024577485397458076
v 0.07233703881502151 0.06265312433242798 0.02748393453657627
v 0.0723191425204277 0.05993644893169403 0.026269158348441124
v 0.06929441541433334 0.05931909754872322 0.029422907158732414
v 0.06927693635225296 0.05652998387813568 0.02869817428290844
v 0.06647457182407379 0.055956270545721054 0.03207162022590637
v 0.06646239012479782 0.05318044498562813 0.031839944422245026
v 0.06397853046655655 0.05265512317419052 0.03539510443806648
v 0.06398036330938339 0.049973174929618835 0.03560914099216461
v 0.05948161333799362 0.04939040541648865 0.04315052926540375
v 0.05951309949159622 0.04696337878704071 0.04368143528699875
v 0.05527849495410919 0.0472625270485878 0.05169264227151871
v 0.1299116611480713 0.05899987742304802 0.0005676727741956711
v 0.08232694864273071 0.04884742572903633 0.01785915531218052
v 0.08593925088644028 0.04897422716021538 0.015418579801917076
v 0.0859389528632164 0.046002019196748734 0.0169209074229002
v 0.08232108503580093 0.045934807509183884 0.01929309219121933
v 0.08593866229057312 0.04326797276735306 0.01883109286427498
v 0.08231525868177414 0.04324714466929436 0.021123085170984268
v 0.12990647554397583 0.06438447535037994 0.0026126480661332607
v 0.1257699728012085 0.0630214586853981 0.0019401932368054986
v 0.08593938499689102 0.05054328218102455 0.014857735484838486
v 0.12575650215148926 0.06638795137405396 0.003786987392231822
v 0.1488465815782547 0.0671188160777092 0.010432373732328415
v 0.1449590027332306 0.06525338441133499 0.007160103414207697
v 0.12161162495613098 0.06326346844434738 0.002338386606425047
v 0.08964716643095016 0.05067030340433121 0.012579109519720078
v 0.08964454382658005 0.05231982469558716 0.012145500630140305
v 0.09731058776378632 0.052528541535139084 0.008136681281030178
v 0.12990818917751312 0.06265474855899811 0.0017666092608124018
v 0.1299099326133728 0.060856178402900696 0.0010781708406284451
v 0.1257767230272293 0.0612306073307991 0.0012441331055015326
v 0.12578347325325012 0.059380777180194855 0.0007275925017893314
v 0.12163122743368149 0.05964234843850136 0.0011207809438928962
v 0.12164103239774704 0.05775711312890053 0.0008012390462681651
v 0.11336773633956909 0.058037169277668 0.002273628255352378
v 0.11337980628013611 0.056158240884542465 0.0021661072969436646
v 0.10523353517055511 0.056213486939668655 0.004530968144536018
v 0.10524453222751617 0.05437997728586197 0.0046347277238965034
v 0.09730303287506104 0.05428226292133331 0.00784856453537941
v 0.07882779836654663 0.04868783801794052 0.020483575761318207
v 0.0788167417049408 0.04583784192800522 0.021846245974302292
v 0.07880572974681854 0.04319917410612106 0.023592369630932808
v 0.0973181426525116 0.050813984125852585 0.008605011738836765
v 0.10525553673505783 0.052568469196558 0.004939888138324022
v 0.0823298841714859 0.05038157105445862 0.017325324937701225
v 0.11339188367128372 0.05427931621670723 0.002273628255352378
v 0.12165085971355438 0.05584857240319252 0.0006925583002157509
v 0.12579025328159332 0.057486552745103836 0.00040955355507321656
v 0.08593954145908356 0.05215686932206154 0.014443611726164818
v 0.12162141501903534 0.06148269772529602 0.0016395951388403773
v 0.11335565894842148 0.05989302322268486 0.0025897216983139515
v 0.10522252321243286 0.05804700031876564 0.0046347277238965034
v 0.09729547798633575 0.05605625361204147 0.007750663906335831
v 0.08964193612337112 0.054004330188035965 0.011879128403961658
v 0.17180226743221283 0.08292309194803238 0.0440567322075367
v 0.14157013595104218 0.059829920530319214 0.002635795623064041
v 0.0824413076043129 0.08943171799182892 0.06762450188398361
v 0.08954229205846786 0.09204638749361038 0.07262133061885834
v 0.089548259973526 0.09086152166128159 0.0658128634095192
v 0.0970151349902153 0.09325148165225983 0.07137463986873627
v 0.0970323458313942 0.09204664081335068 0.06431303918361664
v 0.10482552647590637 0.0942043736577034 0.07037463039159775
v 0.10485058277845383 0.09297698736190796 0.06311021000146866
v 0.11293214559555054 0.09489425271749496 0.06960822641849518
v 0.08244803547859192 0.09059972316026688 0.07412779331207275
v 0.11295963078737259 0.0936422124505043 0.06218956410884857
v 0.1212868019938469 0.09530721604824066 0.06906235963106155
v 0.12130914628505707 0.09402772784233093 0.0615362673997879
v 0.12985070049762726 0.09542165696620941 0.06872394680976868
v 0.12985464930534363 0.09410778433084488 0.06113550812005997
v 0.14587262272834778 0.08341605216264725 0.03182515874505043
v 0.07575955241918564 0.08776622265577316 0.06976277381181717
v 0.06956414878368378 0.08587179332971573 0.07224250584840775
v 0.07577715069055557 0.08892131596803665 0.07590710371732712
v 0.06954148411750793 0.08447516709566116 0.06657259911298752
v 0.15502935647964478 0.09193415939807892 0.0617198571562767
v 0.15940982103347778 0.09301150590181351 0.06956814974546432
v 0.14644396305084229 0.09112001210451126 0.053647756576538086
v 0.1980593502521515 0.08641140162944794 0.10708626359701157
v 0.14239495992660522 0.08955276757478714 0.046044833958148956
v 0.14229340851306915 0.08709200471639633 0.03871379420161247
v 0.12984734773635864 0.09647287428379059 0.07635311037302017
v 0.12126781791448593 0.09633117914199829 0.07662659883499146
v 0.17148102819919586 0.09120482951402664 0.14274851977825165
v 0.17896932363510132 0.08974015712738037 0.14094461500644684
v 0.17142383754253387 0.09243584424257278 0.13568446040153503
v 0.16354186832904816 0.09372398257255554 0.13676682114601135
v 0.16353750228881836 0.09469207376241684 0.12938332557678223
v 0.15532824397087097 0.09574540704488754 0.12990739941596985
v 0.15538792312145233 0.09643024206161499 0.12231594324111938
v 0.14702613651752472 0.097212053835392 0.12249546498060226
v 0.17906369268894196 0.08827660977840424 0.1475825160741806
v 0.14706982672214508 0.09759996831417084 0.11479499191045761
v 0.1385265588760376 0.09805376827716827 0.11481640487909317
v 0.13852959871292114 0.09817160665988922 0.10708626359701157
v 0.12984097003936768 0.09829267859458923 0.10708626359701157
v 0.1298426240682602 0.09784334897994995 0.09169241786003113
v 0.13836413621902466 0.09008710086345673 0.045973699539899826
v 0.1341293752193451 0.09043753892183304 0.0460100919008255
v 0.13839974999427795 0.09209098666906357 0.053438689559698105
v 0.13414333760738373 0.09238170087337494 0.05348005145788193
v 0.13415592908859253 0.09400920569896698 0.061026085168123245
v 0.18607673048973083 0.08668728917837143 0.1449320912361145
v 0.18619205057621002 0.08502347767353058 0.15104587376117706
v 0.19263841211795807 0.08337290585041046 0.14745360612869263
v 0.19276012480258942 0.08154541254043579 0.15295498073101044
v 0.13416700065135956 0.0953480526804924 0.06862921267747879
v 0.06958408653736115 0.08701945096254349 0.07797233015298843
v 0.0757920891046524 0.08984275907278061 0.08209572732448578
v 0.08245372772216797 0.09153126180171967 0.08067390322685242
v 0.08953724056482315 0.0929918959736824 0.07947074621915817
v 0.09700051695108414 0.0942138209939003 0.07847535610198975
v 0.10480426996946335 0.09518568217754364 0.07767680287361145
v 0.11290880292654037 0.09589599817991257 0.07706418633460999
v 0.13417640328407288 0.0964190810918808 0.07627511769533157
v 0.12984462082386017 0.09727650135755539 0.0840122178196907
v 0.19030128419399261 0.06852728128433228 0.17817872762680054
v 0.18701303005218506 0.06870438903570175 0.18118992447853088
v 0.1903855800628662 0.0663161352276802 0.18018877506256104
v 0.1870984584093094 0.06640655547380447 0.18330132961273193
v 0.19047090411186218 0.06394071877002716 0.18199321627616882
v 0.1871849149465561 0.06393676996231079 0.1852012425661087
v 0.1905571073293686 0.06140555068850517 0.18354532122612
v 0.18727225065231323 0.06129850447177887 0.18684080243110657
v 0.18692880868911743 0.07083602994680405 0.17890292406082153
v 0.19064399600028992 0.05872175842523575 0.1848023384809494
v 0.18736030161380768 0.05850192904472351 0.18817415833473206
v 0.19073137640953064 0.05592046305537224 0.18572041392326355
v 0.18744885921478271 0.05557768791913986 0.18915314972400665
v 0.19081911444664001 0.0530412383377552 0.18627521395683289
v 0.1875377595424652 0.05256635695695877 0.18974800407886505
v 0.19090701639652252 0.050127096474170685 0.18645958602428436
v 0.18762683868408203 0.049514371901750565 0.1899464875459671
v 0.19099493324756622 0.047212954610586166 0.18627521395683289
v 0.19021818041801453 0.07057898491621017 0.1759975105524063
v 0.19318360090255737 0.0738278180360794 0.1683834195137024
v 0.19005626440048218 0.07423853874206543 0.17124119400978088
v 0.19819609820842743 0.08490587770938873 0.1280805766582489
v 0.19826816022396088 0.0840228945016861 0.13325399160385132
v 0.19835303723812103 0.0829101949930191 0.138371080160141
v 0.19844959676265717 0.08154738694429398 0.14341330528259277
v 0.19855661690235138 0.07990847527980804 0.14835646748542786
v 0.19867296516895294 0.07796081900596619 0.1531676948070526
v 0.19289244711399078 0.07937715947628021 0.15831419825553894
v 0.19600115716457367 0.07625482976436615 0.1607125848531723
v 0.19303405284881592 0.07682322710752487 0.16348141431808472
v 0.18771590292453766 0.04646239057183266 0.18974800407886505
v 0.1910826712846756 0.04433372989296913 0.18572041392326355
v 0.18780481815338135 0.043451059609651566 0.18915314972400665
v 0.17200544476509094 0.07622289657592773 0.03144700825214386
v 0.16796819865703583 0.07239262014627457 0.02385806478559971
v 0.16361257433891296 0.0704539343714714 0.01943839341402054
v 0.15891163051128387 0.0683889165520668 0.015300629660487175
v 0.15373988449573517 0.06619542837142944 0.011484665796160698
v 0.1487003117799759 0.06408731639385223 0.008043228648602962
v 0.14483797550201416 0.062002722173929214 0.005052764900028706
v 0.1758068948984146 0.07935851067304611 0.039322398602962494
v 0.19117006659507751 0.04153243452310562 0.1848023384809494
v 0.17568354308605194 0.08239050954580307 0.04559389874339104
v 0.17190109193325043 0.07983306050300598 0.03761012479662895
v 0.16789957880973816 0.07666067779064178 0.029782181605696678
v 0.16360725462436676 0.07286505401134491 0.02227381244301796
v 0.15894952416419983 0.07100053131580353 0.018034188076853752
v 0.15384051203727722 0.0690169557929039 0.014075531624257565
v 0.20810338854789734 0.07478433102369308 0.1414739340543747
v 0.20375581085681915 0.07642687112092972 0.14753104746341705
v 0.2061125636100769 0.07375369966030121 0.14830315113067627
v 0.2038576602935791 0.07441235333681107 0.15158666670322418
v 0.2039652019739151 0.07204397767782211 0.15542137622833252
v 0.20153799653053284 0.07251222431659698 0.15887120366096497
v 0.2016633152961731 0.06954111903905869 0.16265572607517242
v 0.19906631112098694 0.0698065236210823 0.1662277728319168
v 0.20366065204143524 0.07813233137130737 0.14331525564193726
v 0.1992083042860031 0.06612735986709595 0.16976185142993927
v 0.19644328951835632 0.06618043780326843 0.17340797185897827
v 0.19928067922592163 0.06408003717660904 0.17127037048339844
v 0.19652120769023895 0.0640169158577919 0.1750166118144989
v 0.19935379922389984 0.06189974769949913 0.17255684733390808
v 0.19659987092018127 0.06171140447258949 0.17639213800430298
v 0.19942748546600342 0.059599023312330246 0.17358730733394623
v 0.19667917490005493 0.05927620083093643 0.1774977147579193
v 0.199501633644104 0.05720824748277664 0.1743292659521103
v 0.2080312818288803 0.0762312263250351 0.13789428770542145
v 0.2079649418592453 0.07744552940130234 0.1342116892337799
v 0.2035731077194214 0.07956534624099731 0.13898073136806488
v 0.207728773355484 0.08095540851354599 0.11102582514286041
v 0.2077452838420868 0.08075366914272308 0.11495820432901382
v 0.20780785381793976 0.07992099970579147 0.12277089804410934
v 0.20336578786373138 0.08249363303184509 0.12552417814731598
v 0.20785251259803772 0.07927226275205612 0.12663331627845764
v 0.20342473685741425 0.0817250981926918 0.13006599247455597
v 0.2079051285982132 0.0784524604678154 0.1304517537355423
v 0.20349416136741638 0.08075515180826187 0.13455705344676971
v 0.1967589557170868 0.056742265820503235 0.17829737067222595
v 0.19957603514194489 0.05476276949048042 0.17477092146873474
v 0.19683906435966492 0.05414656177163124 0.1787756383419037
v 0.1594480276107788 0.09428055584430695 0.07700849324464798
v 0.1969193071126938 0.05152565613389015 0.17893338203430176
v 0.19699954986572266 0.04890475049614906 0.1787756383419037
v 0.1997995674610138 0.04738405719399452 0.1743292659521103
v 0.1970796287059784 0.04630904272198677 0.17829737067222595
v 0.19987371563911438 0.04499327763915062 0.17358730733394623
v 0.19715943932533264 0.043775107711553574 0.1774977147579193
v 0.19994740188121796 0.042692556977272034 0.17255684733390808
v 0.1972387135028839 0.04133990406990051 0.17639213800430298
v 0.20002052187919617 0.04051227122545242 0.17127037048339844
v 0.19731740653514862 0.0390343964099884 0.1750166118144989
v 0.20009289681911469 0.03846494480967522 0.16976185142993927
v 0.21768924593925476 0.05208559334278107 0.09240340441465378
v 0.21727274358272552 0.05217229202389717 0.09188278019428253
v 0.21788807213306427 0.05367162451148033 0.09240691363811493
v 0.21749292314052582 0.053795792162418365 0.09189469367265701
v 0.21806217730045319 0.05527221038937569 0.09257478266954422
v 0.2205803096294403 0.05457209795713425 0.09389518201351166
v 0.22054432332515717 0.05364568531513214 0.09376029670238495
v 0.21993593871593475 0.05314537510275841 0.09363069385290146
v 0.22051295638084412 0.053019728511571884 0.09369940310716629
v 0.22041106224060059 0.051473814994096756 0.09365437924861908
v 0.2171747386455536 0.051506154239177704 0.09192754328250885
v 0.21829535067081451 0.06850527971982956 0.10684588551521301
v 0.21810291707515717 0.06873325258493423 0.10683933645486832
v 0.218303382396698 0.06847523152828217 0.10792791843414307
v 0.21811020374298096 0.0687035322189331 0.10795076936483383
v 0.21834923326969147 0.06829730421304703 0.10922379791736603
v 0.21815158426761627 0.06852763891220093 0.10928162932395935
v 0.2184276580810547 0.06796501576900482 0.1105213537812233
v 0.21822169423103333 0.06819930672645569 0.11061397939920425
v 0.21849529445171356 0.067642442882061 0.11142560094594955
v 0.21828126907348633 0.06788071990013123 0.11154244840145111
v 0.2186044454574585 0.06701584905385971 0.11278373003005981
v 0.21760010719299316 0.051435437053442 0.09244969487190247
v 0.21737293899059296 0.04990774020552635 0.0926724374294281
v 0.21692650020122528 0.04993955418467522 0.09215136617422104
v 0.21592560410499573 0.04260199889540672 0.09664046764373779
v 0.21537604928016663 0.04242803528904915 0.09624750912189484
v 0.21599134802818298 0.042876627296209335 0.09636412560939789
v 0.2154456526041031 0.042710788547992706 0.0959610566496849
v 0.21624766290187836 0.04398639500141144 0.0953887477517128
v 0.21571765840053558 0.043853212147951126 0.09495054930448532
v 0.21650949120521545 0.045192424207925797 0.09453905373811722
v 0.2159966230392456 0.045094288885593414 0.09407138079404831
v 0.21677322685718536 0.04649541899561882 0.09381702542304993
v 0.21627886593341827 0.04643446207046509 0.09332577139139175
v 0.21687711775302887 0.04703695699572563 0.09356826543807983
v 0.21639038622379303 0.04699119180440903 0.0930694043636322
v 0.21713107824325562 0.04844137281179428 0.09304646402597427
v 0.2166641652584076 0.04843423515558243 0.0925331637263298
v 0.21511976420879364 0.041417356580495834 0.0974203571677208
v 0.2183750867843628 0.0672619640827179 0.11293718218803406
v 0.21870329976081848 0.06624145805835724 0.11409461498260498
v 0.21845582127571106 0.06649662554264069 0.11428439617156982
v 0.21858493983745575 0.05626857280731201 0.12095051258802414
v 0.2181728035211563 0.056444473564624786 0.12136979401111603
v 0.21843859553337097 0.05453810840845108 0.1212456002831459
v 0.21800141036510468 0.05468522012233734 0.1216784194111824
v 0.2182764858007431 0.05295896902680397 0.12134648114442825
v 0.2178167849779129 0.05307837575674057 0.12178604304790497
v 0.21808870136737823 0.05139395222067833 0.12128645926713943
v 0.2176070362329483 0.051484785974025726 0.12172733247280121
v 0.2183019071817398 0.058064188808202744 0.12090349942445755
v 0.21786387264728546 0.04976432025432587 0.12104687094688416
v 0.21735981106758118 0.049824342131614685 0.12148316204547882
v 0.2176392674446106 0.048321641981601715 0.12067160755395889
v 0.2171158492565155 0.048353541642427444 0.12109832465648651
v 0.2173997312784195 0.04693260043859482 0.12014824151992798
v 0.2168581336736679 0.046936679631471634 0.12056030333042145
v 0.21736985445022583 0.04676825925707817 0.12007474899291992
v 0.21682612597942352 0.046768996864557266 0.12048467993736267
v 0.21869061887264252 0.05786357820034027 0.12050248682498932
v 0.2187654972076416 0.05941309034824371 0.11989433318376541
v 0.21839983761310577 0.059635963290929794 0.12027213722467422
v 0.21877865493297577 0.06532363593578339 0.11535096168518066
v 0.21851123869419098 0.06558698415756226 0.1155773475766182
v 0.2187977284193039 0.06497590243816376 0.11576704680919647
v 0.21852321922779083 0.06524135172367096 0.11600606888532639
v 0.21883298456668854 0.06383446604013443 0.1169573962688446
v 0.2185368537902832 0.06410235911607742 0.11723414063453674
v 0.21883656084537506 0.0625699982047081 0.11802797019481659
v 0.21851880848407745 0.06283289194107056 0.11834050714969635
v 0.21881568431854248 0.06117597594857216 0.11897303909063339
v 0.21847623586654663 0.06142423301935196 0.11931813508272171
v 0.21881015598773956 0.06091242656111717 0.11912810802459717
v 0.21846677362918854 0.061156969517469406 0.11947858333587646
v 0.21712440252304077 0.04548168554902077 0.11940447986125946
v 0.21568305790424347 0.04162048175930977 0.09777145087718964
v 0.21546189486980438 0.04076510667800903 0.09899764508008957
v 0.21488668024539948 0.040536485612392426 0.09869244694709778
v 0.21741370856761932 0.05318879336118698 0.12230215221643448
v 0.21718233823776245 0.051556721329689026 0.12224940955638885
v 0.21691220998764038 0.049853984266519547 0.12200397998094559
v 0.2166476994752884 0.048344023525714874 0.12161093205213547
v 0.21761974692344666 0.05483211576938629 0.1221819669008255
v 0.21636998653411865 0.046888116747140884 0.12105784565210342
v 0.21633560955524445 0.046715736389160156 0.1209799274802208
v 0.21656440198421478 0.04545590654015541 0.11979460716247559
v 0.2160552740097046 0.0453653559088707 0.12026768922805786
v 0.21630167961120605 0.044228892773389816 0.11897055804729462
v 0.21577516198158264 0.04410279914736748 0.11941534280776978
v 0.21604135632514954 0.04308818653225899 0.11801104992628098
v 0.2178141325712204 0.05662826821208 0.12185244262218475
v 0.21827222406864166 0.065873883664608 0.11582072824239731
v 0.21827882528305054 0.06553076207637787 0.11626404523849487
v 0.21827585995197296 0.06439480930566788 0.11753632873296738
v 0.2182409018278122 0.06311973929405212 0.11868550628423691
v 0.2181805521249771 0.06169464439153671 0.11970292776823044
v 0.21816779673099518 0.06142323091626167 0.11987003684043884
v 0.21808190643787384 0.05987740308046341 0.12069825083017349
v 0.2179640680551529 0.058278780430555344 0.12136043608188629
v 0.2154986709356308 0.04292859882116318 0.11842150241136551
v 0.21600474417209625 0.04293311387300491 0.11786334961652756
v 0.2154598832130432 0.042768944054841995 0.11826842278242111
v 0.21482931077480316 0.03849520906805992 0.1067051813006401
v 0.21422319114208221 0.03819894790649414 0.10669080168008804
v 0.21486277878284454 0.03860936313867569 0.10515354573726654
v 0.21425819396972656 0.03831649199128151 0.10508061945438385
v 0.21487078070640564 0.03863675519824028 0.1049434244632721
v 0.2142665535211563 0.038344696164131165 0.10486257076263428
v 0.21495318412780762 0.03892109915614128 0.10342985391616821
v 0.2143527865409851 0.038637496531009674 0.10329188406467438
v 0.21423499286174774 0.03823845833539963 0.10829459130764008
v 0.21507588028907776 0.03935161978006363 0.10196051746606827
v 0.21448130905628204 0.03908083960413933 0.10176704823970795
v 0.2152365893125534 0.03992870822548866 0.10054027289152145
v 0.21464988589286804 0.03967513144016266 0.10029317438602448
v 0.2152658998966217 0.040035638958215714 0.1003163754940033
v 0.21468064188957214 0.03978525102138519 0.1000608280301094
v 0.2148405909538269 0.03853357955813408 0.10825064778327942
v 0.21489396691322327 0.03871634975075722 0.10974512249231339
v 0.2142908126115799 0.038426660001277924 0.10984545201063156
v 0.21575920283794403 0.041923440992832184 0.11677677929401398
v 0.21520012617111206 0.04172933101654053 0.11714185029268265
v 0.2155310958623886 0.0410289391875267 0.11558301001787186
v 0.21495956182479858 0.04080818220973015 0.11590353399515152
v 0.21532480418682098 0.04025222361087799 0.11428239941596985
v 0.214742511510849 0.0400082990527153 0.1145540252327919
v 0.2152978926897049 0.040152981877326965 0.11409132927656174
v 0.21471424400806427 0.0399060994386673 0.11435575038194656
v 0.21512696146965027 0.03953341394662857 0.11270622909069061
v 0.21453486382961273 0.03926805034279823 0.11291836202144623
v 0.21499119699001312 0.03905356675386429 0.11125627160072327
v 0.21439258754253387 0.038773905485868454 0.1114136353135109
v 0.21687646210193634 0.0442800298333168 0.11860471963882446
v 0.21912367641925812 0.05768032744526863 0.12016414105892181
v 0.21904310584068298 0.05610375851392746 0.12060222029685974
v 0.21892279386520386 0.05439363047480583 0.12089195847511292
v 0.21878336369991302 0.052833035588264465 0.12099252641201019
v 0.21861688792705536 0.05128620192408562 0.120936319231987
v 0.21841302514076233 0.049675267189741135 0.12070496380329132
v 0.2182057946920395 0.04824906215071678 0.12034070491790771
v 0.21798184514045715 0.0468759685754776 0.11983150988817215
v 0.21795374155044556 0.046713534742593765 0.1197599470615387
v 0.21917316317558289 0.05921223387122154 0.11957067996263504
v 0.21919307112693787 0.06069306656718254 0.1188235655426979
v 0.2188521921634674 0.0667911097407341 0.11263935267925262
v 0.21897272765636444 0.06601008027791977 0.11391830444335938
v 0.21907208859920502 0.06508619338274002 0.11514362692832947
v 0.2190997451543808 0.06473693996667862 0.11554925888776779
v 0.21916095912456512 0.06359408050775528 0.1167091354727745
v 0.21919013559818268 0.062334366142749786 0.1177518218755722
v 0.2191941887140274 0.06095334142446518 0.1186724379658699
v 0.21772165596485138 0.04544204846024513 0.11910681426525116
v 0.21627171337604523 0.039263784885406494 0.11102870851755142
v 0.21562281250953674 0.0392182283103466 0.11112688481807709
v 0.21618007123470306 0.038939688354730606 0.10959988087415695
v 0.21552897989749908 0.03888879343867302 0.10966257750988007
v 0.21612967550754547 0.0387641005218029 0.10818697512149811
v 0.21547743678092957 0.03871025890111923 0.10821448266506195
v 0.21611903607845306 0.03872724249958992 0.1067260354757309
v 0.21546652913093567 0.038672782480716705 0.10671702027320862
v 0.2157537043094635 0.039687082171440125 0.11253193020820618
v 0.21615064144134521 0.038836900144815445 0.10525917261838913
v 0.2154988795518875 0.03878428414463997 0.10521356761455536
v 0.2161581814289093 0.03886321187019348 0.10506051778793335
v 0.21550659835338593 0.03881103917956352 0.10500995814800262
v 0.2162359058856964 0.039136454463005066 0.1036294475197792
v 0.21558615565299988 0.039088811725378036 0.10354331880807877
v 0.21635138988494873 0.03955036401748657 0.10224005579948425
v 0.21570447087287903 0.03950944170355797 0.10211951285600662
v 0.2163993865251541 0.03972521424293518 0.11239983141422272
v 0.21655960381031036 0.0403214693069458 0.11370989680290222
v 0.21591819822788239 0.040292609483003616 0.11387423425912857
v 0.21748526394367218 0.04425495117902756 0.11832687258720398
v 0.21724824607372284 0.043152421712875366 0.11741872876882553
v 0.21662941575050354 0.043163418769836426 0.11767400056123734
v 0.2172147035598755 0.04300263151526451 0.11727893352508545
v 0.21659457683563232 0.04301166534423828 0.11753076314926147
v 0.2169886976480484 0.04202791675925255 0.1162506490945816
v 0.21636039018630981 0.042023807764053345 0.11647720634937286
v 0.21677720546722412 0.0411653034389019 0.11512109637260437
v 0.21614208817481995 0.04114898294210434 0.11532000452280045
v 0.21658478677272797 0.04041702300310135 0.113890640437603
v 0.2159440517425537 0.040389616042375565 0.11405941843986511
v 0.21872489154338837 0.0674232617020607 0.1113145723938942
v 0.2186478078365326 0.0677485391497612 0.11043290048837662
v 0.21585923433303833 0.04007339850068092 0.10074319690465927
v 0.2158874273300171 0.040177907794713974 0.10052621364593506
v 0.21607570350170135 0.04089101776480675 0.09924811124801636
v 0.218082457780838 0.05134551227092743 0.09289052337408066
v 0.2181626856327057 0.05198387801647186 0.0928444191813469
v 0.21833950281143188 0.05354185402393341 0.09284460544586182
v 0.21849104762077332 0.05511530116200447 0.0930037871003151
v 0.2178758978843689 0.049846142530441284 0.09310910105705261
v 0.21849966049194336 0.06829289346933365 0.10685218870639801
v 0.21850858628749847 0.06826263666152954 0.10790591686964035
v 0.2185596376657486 0.06808343529701233 0.10916828364133835
v 0.21861621737480164 0.056698624044656754 0.09332580864429474
v 0.21765336394309998 0.04840777441859245 0.09347391128540039
v 0.21628761291503906 0.04172747582197189 0.0980595275759697
v 0.21651920676231384 0.042687658220529556 0.09696302562952042
v 0.2165818214416504 0.042956385761499405 0.09669505804777145
v 0.21682527661323547 0.04404260963201523 0.09574901312589645
v 0.21707271039485931 0.045223601162433624 0.09492446482181549
v 0.21732038259506226 0.046500153839588165 0.09422329813241959
v 0.21741743385791779 0.04703087732195854 0.0939815491437912
v 0.2182321548461914 0.06677363812923431 0.1144861951470375
v 0.2181655913591385 0.0675278827548027 0.11309876292943954
v 0.21707554161548615 0.053287945687770844 0.12288419902324677
v 0.21680930256843567 0.053373802453279495 0.12352017313241959
v 0.2168237864971161 0.051608216017484665 0.12284141778945923
v 0.21653909981250763 0.0516381599009037 0.12349055707454681
v 0.2165311723947525 0.04985257610678673 0.1225975900888443
v 0.216225266456604 0.049820151180028915 0.12325061857700348
v 0.21624571084976196 0.04829331114888191 0.12219750136137009
v 0.21591925621032715 0.048202577978372574 0.1228443831205368
v 0.21705152094364166 0.05511382967233658 0.12336083501577377
v 0.2159469723701477 0.04678806662559509 0.1216290071606636
v 0.2155991494655609 0.04663891717791557 0.12226015329360962
v 0.21591004729270935 0.04660974442958832 0.12154864519834518
v 0.21555961668491364 0.046453557908535004 0.12217721343040466
v 0.21560941636562347 0.04521222412586212 0.12081220746040344
v 0.21523770689964294 0.04500025883316994 0.12141488492488861
v 0.21530982851982117 0.0439048632979393 0.11992809176445007
v 0.21491721272468567 0.043639976531267166 0.12049616128206253
v 0.21501487493515015 0.04268862307071686 0.11889511346817017
v 0.21730104088783264 0.05497591570019722 0.12274643778800964
v 0.21751545369625092 0.056816622614860535 0.12238970398902893
v 0.2172822207212448 0.0570061169564724 0.12297181785106659
v 0.21806681156158447 0.06584140658378601 0.11653853207826614
v 0.2178892195224762 0.06617030501365662 0.11682692170143127
v 0.21805289387702942 0.06470859050750732 0.11786060780286789
v 0.21787036955356598 0.0650402307510376 0.11820340156555176
v 0.21800629794597626 0.06342694908380508 0.11905865371227264
v 0.21781794726848602 0.06375066190958023 0.1194552481174469
v 0.2179327756166458 0.06198344752192497 0.120122030377388
v 0.2177363634109497 0.0622866116464138 0.1205696314573288
v 0.21791745722293854 0.06170744076371193 0.1202969178557396
v 0.21771927177906036 0.062005575746297836 0.12075317651033401
v 0.21781660616397858 0.0601336769759655 0.12116605788469315
v 0.2176080048084259 0.060400813817977905 0.12166833132505417
v 0.21768274903297424 0.05850373953580856 0.12186558544635773
v 0.21746274828910828 0.05873527750372887 0.12241046130657196
v 0.21788781881332397 0.06650780141353607 0.11634963750839233
v 0.2146020233631134 0.04237424209713936 0.1194201186299324
v 0.2149735391139984 0.04252324625849724 0.1187358871102333
v 0.21455787122249603 0.04220213368535042 0.11925408244132996
v 0.21366329491138458 0.037791378796100616 0.10667423158884048
v 0.2131635546684265 0.03728265315294266 0.10665589570999146
v 0.21370019018650055 0.03791297227144241 0.10499659180641174
v 0.21320265531539917 0.03740885853767395 0.10490357875823975
v 0.2137090116739273 0.037942152470350266 0.10476941615343094
v 0.2132120132446289 0.037439145147800446 0.10466627031564713
v 0.21379996836185455 0.03824508562684059 0.10313284397125244
v 0.21330848336219788 0.03775366023182869 0.10295671224594116
v 0.21317674219608307 0.037325065582990646 0.10840123146772385
v 0.21393561363220215 0.03870386630296707 0.10154394060373306
v 0.21345248818397522 0.038230136036872864 0.1012967899441719
v 0.21411381661891937 0.03931901603937149 0.10000808537006378
v 0.21364179253578186 0.03886929154396057 0.09969215840101242
v 0.21414637565612793 0.03943302109837532 0.09976597130298615
v 0.21367640793323517 0.03898777440190315 0.09943920373916626
v 0.21436454355716705 0.04021087661385536 0.09834017604589462
v 0.21390855312347412 0.03979644924402237 0.09794966131448746
v 0.21367573738098145 0.03783224895596504 0.10834520310163498
v 0.21373458206653595 0.03802694380283356 0.10996104776859283
v 0.2132391333580017 0.0375271700322628 0.11008906364440918
v 0.2146971970796585 0.04144633188843727 0.11756329238414764
v 0.2142629772424698 0.04108153283596039 0.11803055554628372
v 0.21444177627563477 0.04049225151538849 0.11627351492643356
v 0.21399079263210297 0.040089063346385956 0.11668369174003601
v 0.2142118513584137 0.039663948118686676 0.1148674488067627
v 0.21374604105949402 0.039227813482284546 0.11521485447883606
v 0.21418191492557526 0.039558134973049164 0.11466085910797119
v 0.21371421217918396 0.03911782056093216 0.11499900370836258
v 0.2139921933412552 0.03889762982726097 0.1131630390882492
v 0.21351258456707 0.038431424647569656 0.11343412101268768
v 0.21384195983409882 0.038386233150959015 0.1115950420498848
v 0.21335305273532867 0.037900228053331375 0.11179597675800323
v 0.21806380152702332 0.0661817416548729 0.1160789281129837
v 0.21786291897296906 0.06738463044166565 0.11491961777210236
v 0.21803401410579681 0.06707039475440979 0.11469846963882446
v 0.21275043487548828 0.03672954812645912 0.10846128314733505
v 0.21273641288280487 0.03668542578816414 0.10663624852895737
v 0.2127780318260193 0.036816708743572235 0.10480387508869171
v 0.21278797090053558 0.036848217248916626 0.10455571115016937
v 0.2128906399011612 0.03717548027634621 0.10276788473129272
v 0.2130439728498459 0.03767148777842522 0.10103175789117813
v 0.2132456749677658 0.038337212055921555 0.09935330599546432
v 0.21328257024288177 0.038460664451122284 0.09908871352672577
v 0.21353009343147278 0.03930358961224556 0.09753068536520004
v 0.21281683444976807 0.036939799785614014 0.11022628098726273
v 0.2129380851984024 0.03732803463935852 0.11201141774654388
v 0.21427038311958313 0.04199328273534775 0.11998341977596283
v 0.214223250746727 0.04181361943483353 0.11981009691953659
v 0.2139083445072174 0.04064406454563141 0.11853194236755371
v 0.21361784636974335 0.03960872441530228 0.11712378263473511
v 0.21335682272911072 0.0387108139693737 0.1155875101685524
v 0.21332289278507233 0.03859617933630943 0.11536172777414322
v 0.21310798823833466 0.03788109868764877 0.11372482776641846
v 0.21417194604873657 0.040745340287685394 0.09656564891338348
v 0.21381117403507233 0.040293287485837936 0.09608344733715057
v 0.21446260809898376 0.04183463379740715 0.0952911451458931
v 0.21942633390426636 0.048074930906295776 0.09415312111377716
v 0.22014875710010529 0.04877166077494621 0.09395240992307663
v 0.22004026174545288 0.04789523407816887 0.09416092932224274
v 0.21984480321407318 0.046509359031915665 0.09461709856987
v 0.2177569419145584 0.06923199445009232 0.10682562738656998
v 0.2176048755645752 0.06950066238641739 0.10681852698326111
v 0.21776317059993744 0.06920328736305237 0.10799866914749146
v 0.21761076152324677 0.06947260349988937 0.108023501932621
v 0.21779809892177582 0.0690334141254425 0.10940321534872055
v 0.2176438421010971 0.06930657476186752 0.10946641117334366
v 0.21960578858852386 0.04949970543384552 0.09382515400648117
v 0.2178562879562378 0.06871657073497772 0.11080987751483917
v 0.21769870817661285 0.06899695098400116 0.11091217398643494
v 0.21790459752082825 0.06840919703245163 0.11179101467132568
v 0.21774399280548096 0.0686965212225914 0.11192136257886887
v 0.2179773598909378 0.06781188398599625 0.11326739937067032
v 0.21781153976917267 0.06811215728521347 0.11344202607870102
v 0.22021280229091644 0.04933900758624077 0.09384794533252716
v 0.21976202726364136 0.05098172277212143 0.09363964200019836
v 0.21624183654785156 0.049911677837371826 0.09090450406074524
v 0.21601900458335876 0.049852609634399414 0.09020679444074631
v 0.21653026342391968 0.05158426985144615 0.09068594127893448
v 0.2141215056180954 0.04143001511693001 0.09475160390138626
v 0.2145417332649231 0.0421394407749176 0.09498024731874466
v 0.2142060101032257 0.04174817353487015 0.0944269448518753
v 0.21485160291194916 0.043370962142944336 0.09388541430234909
v 0.21453693509101868 0.043033819645643234 0.09328480809926987
v 0.21517051756381989 0.044708311557769775 0.09293671697378159
v 0.21487747132778168 0.044429898262023926 0.09229747951030731
v 0.2154943346977234 0.04615102708339691 0.09213730692863464
v 0.2152230441570282 0.045935362577438354 0.09146866202354431
v 0.21562263369560242 0.04674972966313362 0.09186423569917679
v 0.2153598666191101 0.046559784561395645 0.09118665754795074
v 0.2159382700920105 0.04829934611916542 0.0912984162569046
v 0.21569615602493286 0.048174723982810974 0.09060563892126083
v 0.21461181342601776 0.04112318530678749 0.09701503813266754
v 0.21650223433971405 0.04010557383298874 0.10089687258005142
v 0.21488428115844727 0.042170099914073944 0.0957939550280571
v 0.21495841443538666 0.04246300086379051 0.09549590200185776
v 0.2152484506368637 0.04364636167883873 0.09444527328014374
v 0.22038713097572327 0.051172107458114624 0.09366334974765778
v 0.22035905718803406 0.05083787813782692 0.09368021041154861
v 0.21696129441261292 0.055896125733852386 0.09027515351772308
v 0.21792319416999817 0.06897582858800888 0.1068325787782669
v 0.2179298847913742 0.06894657015800476 0.10797439515590668
v 0.21981924772262573 0.051611531525850296 0.09360579401254654
v 0.21796759963035583 0.06877337396144867 0.10934152454137802
v 0.2180308997631073 0.06845024228096008 0.11071031540632248
v 0.21808402240276337 0.06813676655292511 0.11166447401046753
v 0.21692202985286713 0.052242133766412735 0.09129361063241959
v 0.2155466228723526 0.04493159428238869 0.09353288263082504
v 0.2158491015434265 0.04631873592734337 0.09276135265827179
v 0.21596887707710266 0.04689468443393707 0.0924968421459198
v 0.21626345813274384 0.04838652163743973 0.09194593131542206
v 0.21654660999774933 0.04994087666273117 0.09155759960412979
v 0.2168155312538147 0.05155612528324127 0.09133534878492355
v 0.21652966737747192 0.04020850360393524 0.10068508982658386
v 0.2184942066669464 0.061967454850673676 0.09520365297794342
v 0.21852929890155792 0.06334322690963745 0.09624816477298737
v 0.21883860230445862 0.06307738274335861 0.09654705971479416
v 0.21882317960262299 0.06429686397314072 0.09766809642314911
v 0.21914100646972656 0.0640564039349556 0.09790467470884323
v 0.21906571090221405 0.06515898555517197 0.0991169735789299
v 0.2193804383277893 0.06494980305433273 0.09930164366960526
v 0.21936555206775665 0.0650734007358551 0.09945064038038254
v 0.2182053029537201 0.06224546208977699 0.09483323246240616
v 0.21969670057296753 0.06489399820566177 0.09961109608411789
v 0.21633107960224152 0.052337631583213806 0.08924565464258194
v 0.21644611656665802 0.05232568457722664 0.08996089547872543
v 0.2167186141014099 0.054110441356897354 0.09002061188220978
v 0.2169022262096405 0.054017435759305954 0.09068937599658966
v 0.21713250875473022 0.055746737867593765 0.09091652184724808
v 0.21737635135650635 0.05559096485376358 0.09152111411094666
v 0.2175634354352951 0.05727243795990944 0.09190534055233002
v 0.21952754259109497 0.06583195924758911 0.1008591502904892
v 0.21785733103752136 0.05707377940416336 0.0924345925450325
v 0.21813294291496277 0.0607360377907753 0.09391019493341446
v 0.2177608162164688 0.05941223353147507 0.09267228096723557
v 0.21787598729133606 0.06100798770785332 0.09346456825733185
v 0.21971550583839417 0.06477034837007523 0.09946426004171371
v 0.21868081390857697 0.06644495576620102 0.1003950983285904
v 0.21850250661373138 0.06578052788972855 0.09884881228208542
v 0.21843796968460083 0.06669788807630539 0.10021424293518066
v 0.21826663613319397 0.066065713763237 0.09861386567354202
v 0.21821793913841248 0.06697218120098114 0.10002244263887405
v 0.21806028485298157 0.06637167185544968 0.09836503118276596
v 0.21802228689193726 0.0672658234834671 0.099821075797081
v 0.21788524091243744 0.06669573485851288 0.09810449182987213
v 0.21785244345664978 0.06757669150829315 0.09961161762475967
v 0.21774302423000336 0.06703509390354156 0.0978344976902008
v 0.21770966053009033 0.06790251284837723 0.09939559549093246
v 0.21717289090156555 0.05767428129911423 0.09072652459144592
v 0.21722856163978577 0.05819059908390045 0.09089594334363937
v 0.21738706529140472 0.05797628313302994 0.09149031341075897
v 0.21754731237888336 0.059664223343133926 0.09215037524700165
v 0.21948568522930145 0.06384570896625519 0.09811323881149292
v 0.21790146827697754 0.057553116232156754 0.09257259219884872
v 0.21824845671653748 0.05735164135694504 0.09304162114858627
v 0.2183598428964615 0.05893944203853607 0.09359784424304962
v 0.21834857761859894 0.06745634227991104 0.10163412243127823
v 0.21814288198947906 0.06771920621395111 0.1014840230345726
v 0.21795731782913208 0.06799965351819992 0.10132768005132675
v 0.2177930474281311 0.06829596310853958 0.10116603225469589
v 0.21765103936195374 0.06860633194446564 0.1010001003742218
v 0.21974781155586243 0.06604831665754318 0.1015496775507927
v 0.219842329621315 0.06568119674921036 0.10098390281200409
v 0.22004489600658417 0.06474556028842926 0.09974899888038635
v 0.21892356872558594 0.06739657372236252 0.10339149832725525
v 0.21881525218486786 0.06698969751596451 0.10191193968057632
v 0.21868528425693512 0.0675947368144989 0.1032971516251564
v 0.2185731828212738 0.06721267104148865 0.10177705436944962
v 0.21846066415309906 0.0678124725818634 0.10319732129573822
v 0.21963128447532654 0.06645787507295609 0.10226033627986908
v 0.21873575448989868 0.058726243674755096 0.09398660808801651
v 0.21879355609416962 0.06024601683020592 0.09468083828687668
v 0.21918745338916779 0.06003516912460327 0.09499449282884598
v 0.21919482946395874 0.061483755707740784 0.09582901746034622
v 0.21959714591503143 0.061284564435482025 0.09607554227113724
v 0.21955622732639313 0.06263111531734467 0.09704191237688065
v 0.2199559062719345 0.062456026673316956 0.09723193198442459
v 0.21985363960266113 0.06366696953773499 0.09829162061214447
v 0.2202410101890564 0.06352204829454422 0.09843796491622925
v 0.22006791830062866 0.06462223082780838 0.09960339218378067
v 0.21825087070465088 0.0680486336350441 0.10309254378080368
v 0.21918229758739471 0.06283906102180481 0.09681270271539688
v 0.21961621940135956 0.05985136702656746 0.09525398164987564
v 0.22002702951431274 0.0611175075173378 0.09627335518598557
v 0.22047875821590424 0.060984835028648376 0.0964197888970375
v 0.21774137020111084 0.06584842503070831 0.09616014361381531
v 0.21788190305233002 0.06550202518701553 0.09649486839771271
v 0.21770264208316803 0.06461402028799057 0.0947965756058693
v 0.217842236161232 0.06427262723445892 0.0951894223690033
v 0.21915479004383087 0.05853317677974701 0.09431739896535873
v 0.21762874722480774 0.063178651034832 0.09355179965496063
v 0.22032688558101654 0.0628100037574768 0.09778973460197449
v 0.22037659585475922 0.062315892428159714 0.09738049656152725
v 0.21827031672000885 0.06594517827033997 0.09844794869422913
v 0.21806244552135468 0.0651703029870987 0.096816286444664
v 0.21806266903877258 0.06625235825777054 0.0981932058930397
v 0.2178870141506195 0.06657771021127701 0.09792625159025192
v 0.21774494647979736 0.06691833585500717 0.0976494625210762
v 0.2186475396156311 0.05716163292527199 0.09345138818025589
v 0.21632510423660278 0.051589980721473694 0.08999337255954742
v 0.2166445106267929 0.052293628454208374 0.09064842015504837
v 0.2171620875597 0.05391184240579605 0.09131830185651779
v 0.21768823266029358 0.055431779474020004 0.09207739681005478
v 0.2182103544473648 0.056881364434957504 0.09291090816259384
v 0.21733392775058746 0.0574738010764122 0.0913325771689415
v 0.21761265397071838 0.057762544602155685 0.09205246716737747
v 0.21803312003612518 0.05916933715343475 0.09315736591815948
v 0.21844032406806946 0.060480792075395584 0.09431761503219604
v 0.2188255339860916 0.061712414026260376 0.09553707391023636
v 0.21805702149868011 0.0683019831776619 0.10298334807157516
v 0.21921896934509277 0.06764842569828033 0.10567811131477356
v 0.2189800888299942 0.06780814379453659 0.10564347356557846
v 0.2192036360502243 0.06768695265054703 0.1059459000825882
v 0.2170831710100174 0.05787031352519989 0.09009794890880585
v 0.21932236850261688 0.06737923622131348 0.1044846698641777
v 0.2173960655927658 0.059921249747276306 0.09160004556179047
v 0.21752764284610748 0.06158578395843506 0.09248548746109009
v 0.21907298266887665 0.06753712147474289 0.10442233085632324
v 0.21917425096035004 0.06721899658441544 0.10347987711429596
v 0.21776963770389557 0.06285516172647476 0.09400171786546707
v 0.21802811324596405 0.06394444406032562 0.09556525945663452
v 0.2182810753583908 0.06485673040151596 0.09712105244398117
v 0.21850815415382385 0.06565888971090317 0.09868822246789932
v 0.21876585483551025 0.06551860272884369 0.09906783699989319
v 0.21894465386867523 0.06621524691581726 0.10056367516517639
v 0.2190733700990677 0.06678877025842667 0.1020379513502121
v 0.21763773262500763 0.06727122515439987 0.09736529737710953
v 0.21777909994125366 0.06912746280431747 0.10539645701646805
v 0.2179470658302307 0.06886925548315048 0.10544140636920929
v 0.2181290239095688 0.06862501800060272 0.10548508912324905
v 0.2183241993188858 0.06839582324028015 0.10552731901407242
v 0.21762587130069733 0.06939849257469177 0.10535045713186264
v 0.21853171288967133 0.06818266212940216 0.10556791722774506
v 0.21871499717235565 0.06809699535369873 0.10685822367668152
v 0.21875065565109253 0.06798648089170456 0.10560669004917145
v 0.21894043684005737 0.06791839748620987 0.10686396062374115
v 0.2191750556230545 0.06775786727666855 0.10686938464641571
v 0.21748802065849304 0.06968116760253906 0.1053035780787468
v 0.21746760606765747 0.06978069990873337 0.1068112924695015
v 0.2176349014043808 0.06738679111003876 0.09755741059780121
v 0.21759501099586487 0.06824090331792831 0.09917459636926651
v 0.2175322324037552 0.06892884522676468 0.10083088278770447
v 0.21745984256267548 0.06945956498384476 0.10251423716545105
v 0.21758075058460236 0.06915150582790375 0.10263515263795853
v 0.21741242706775665 0.06973715871572495 0.10370846837759018
v 0.21753394603729248 0.06943710893392563 0.10379687696695328
v 0.21736621856689453 0.06997424364089966 0.10525605827569962
v 0.2173457145690918 0.07007090002298355 0.10680396854877472
v 0.21883375942707062 0.06771498173475266 0.10435566306114197
v 0.21860593557357788 0.06791197508573532 0.10428499430418015
v 0.21922758221626282 0.06601040810346603 0.10071872919797897
v 0.21934594213962555 0.06661113351583481 0.10215432196855545
v 0.21767322719097137 0.06129263713955879 0.09298732131719589
v 0.21905437111854553 0.06528220325708389 0.09926903247833252
v 0.21796268224716187 0.06254269927740097 0.09443078190088272
v 0.2182580530643463 0.06363340467214584 0.09591958671808243
v 0.21853552758693695 0.06456456333398819 0.09740597754716873
v 0.21877409517765045 0.06539605557918549 0.09891189634799957
v 0.21788010001182556 0.06857120245695114 0.10287033021450043
v 0.21772105991840363 0.06885486841201782 0.10275405645370483
v 0.21941746771335602 0.06711623072624207 0.10369987785816193
v 0.21943603456020355 0.06706295907497406 0.10356182605028152
v 0.21767301857471466 0.06914796680212021 0.10388394445180893
v 0.21782901883125305 0.06887111067771912 0.1039692610502243
v 0.21800115704536438 0.0686078667640686 0.10405240952968597
v 0.21818864345550537 0.06835948675870895 0.1041330099105835
v 0.2183905392885208 0.06812715530395508 0.10421065986156464
v 0.21720609068870544 0.040238846093416214 0.11360242962837219
v 0.21704787015914917 0.039646852761507034 0.11231324076652527
v 0.2169216424226761 0.039189089089632034 0.11096420139074326
v 0.21683096885681152 0.0388677679002285 0.1095585823059082
v 0.21678107976913452 0.038693759590387344 0.1081688329577446
v 0.21677051484584808 0.03865724429488182 0.10673197358846664
v 0.21680180728435516 0.03876589611172676 0.10528924316167831
v 0.21680928766727448 0.038791973143815994 0.10509384423494339
v 0.21688620746135712 0.03906283155083656 0.10368608683347702
v 0.2172309309244156 0.040333766490221024 0.11378031224012375
v 0.2174205183982849 0.041077498346567154 0.11499128490686417
v 0.2185906171798706 0.04676814377307892 0.11961765587329865
v 0.21856386959552765 0.04660613089799881 0.11954779922962189
v 0.21834155917167664 0.045337975025177 0.11890887469053268
v 0.21811307966709137 0.044154271483421326 0.11814384907484055
v 0.21788236498832703 0.043055467307567596 0.11725159734487534
v 0.21784962713718414 0.04290623962879181 0.11711416393518448
v 0.2176283746957779 0.041935671120882034 0.11610276252031326
v 0.21700043976306915 0.03947335109114647 0.1023191511631012
v 0.2185194194316864 0.04634183272719383 0.09474416077136993
v 0.2179071456193924 0.04644854739308357 0.09453483670949936
v 0.21860644221305847 0.046865031123161316 0.09451427310705185
v 0.21799850463867188 0.04697311297059059 0.09429941326379776
v 0.21881449222564697 0.04822239652276039 0.09403373301029205
v 0.2182188779115677 0.04833420738577843 0.09380556643009186
v 0.21900500357151031 0.049639806151390076 0.09369201958179474
v 0.2184240221977234 0.04975615814328194 0.09345153719186783
v 0.21767248213291168 0.045187048614025116 0.09521821141242981
v 0.21917523443698883 0.05111617222428322 0.09349200874567032
v 0.21861131489276886 0.05123831704258919 0.09324048459529877
v 0.21923911571502686 0.05174430459737778 0.09345205873250961
v 0.21868298947811127 0.05186930298805237 0.09319645911455154
v 0.219373881816864 0.053276047110557556 0.0934627428650856
v 0.21883812546730042 0.05340910330414772 0.09319893270730972
v 0.21948008239269257 0.054821308702230453 0.09362544119358063
v 0.21896672248840332 0.05496403947472572 0.09335624426603317
v 0.2182942032814026 0.0450836680829525 0.09541309624910355
v 0.2180655151605606 0.04392052814364433 0.09620226919651031
v 0.2174362689256668 0.04402047023177147 0.09602244198322296
v 0.21714945137500763 0.04002442955970764 0.1009974405169487
v 0.21717655658721924 0.04012664407491684 0.10078901797533035
v 0.2173570841550827 0.040824707597494125 0.09956126660108566
v 0.21671275794506073 0.040911052376031876 0.09943757206201553
v 0.21755921840667725 0.041644830256700516 0.09841953963041306
v 0.21691825985908508 0.04173566401004791 0.09827738255262375
v 0.21777862310409546 0.04258774220943451 0.09736667573451996
v 0.21714207530021667 0.042682867497205734 0.09720712155103683
v 0.2178376317024231 0.04285189136862755 0.09710950404405594
v 0.21720241010189056 0.04294806718826294 0.09694559872150421
v 0.21880219876766205 0.048137497156858444 0.1201133280992508
v 0.2189948856830597 0.04955919831991196 0.12046512961387634
v 0.21906769275665283 0.05652880668640137 0.09367191791534424
v 0.2190917730331421 0.056986402720212936 0.09379474818706512
v 0.21872492134571075 0.06806666404008865 0.10788486897945404
v 0.21878184378147125 0.06788698583841324 0.1091153621673584
v 0.2188810259103775 0.06755095720291138 0.11034905910491943
v 0.2196100503206253 0.06050199642777443 0.1185692846775055
v 0.2196166068315506 0.059036508202552795 0.11930617690086365
v 0.21959374845027924 0.05751752108335495 0.11989416182041168
v 0.21953897178173065 0.05595303326845169 0.12033122777938843
v 0.21944458782672882 0.05425461009144783 0.1206243708729744
v 0.2193269431591034 0.05270317196846008 0.12073148041963577
v 0.21918025612831116 0.05116385221481323 0.12068446725606918
v 0.2196064591407776 0.06075942516326904 0.11842051893472672
v 0.21957510709762573 0.0621289387345314 0.11751553416252136
v 0.21896882355213165 0.06722436845302582 0.11120998114347458
v 0.21911677718162537 0.06658919900655746 0.11250501126050949
v 0.2192620486021042 0.06580426543951035 0.11375679075717926
v 0.2193889170885086 0.06487679481506348 0.11495719850063324
v 0.21942633390426636 0.06452673673629761 0.1153547614812851
v 0.21951721608638763 0.06338386237621307 0.11649210005998611
v 0.2195567935705185 0.056374941021203995 0.0939430519938469
v 0.21957343816757202 0.05682900920510292 0.09406571090221405
v 0.21799249947071075 0.0406341589987278 0.09961610287427902
v 0.21819442510604858 0.04145725816488266 0.09848245233297348
v 0.21841298043727875 0.042404670268297195 0.09743770211935043
v 0.21847163140773773 0.042670249938964844 0.09718268364667892
v 0.21781183779239655 0.039934393018484116 0.1008353978395462
v 0.2186974287033081 0.0437452495098114 0.09628403931856155
v 0.21892261505126953 0.04491598904132843 0.09550436586141586
v 0.21914249658584595 0.046182580292224884 0.0948462188243866
v 0.21922680735588074 0.04670921340584755 0.09462101757526398
v 0.21778470277786255 0.03983200713992119 0.10104237496852875
v 0.21746541559696198 0.03867482393980026 0.10953973233699799
v 0.21741539239883423 0.038500986993312836 0.10816049575805664
v 0.2174047976732254 0.038464516401290894 0.10673471540212631
v 0.21743619441986084 0.038573041558265686 0.10530301928520203
v 0.21744370460510254 0.03859909623861313 0.10510909557342529
v 0.2175208479166031 0.03886977955698967 0.10371182858943939
v 0.217635378241539 0.03928033635020256 0.10235479474067688
v 0.21755637228488922 0.03899601474404335 0.11093497276306152
v 0.220094695687294 0.05821947380900383 0.09478486329317093
v 0.2205902338027954 0.05851954221725464 0.0950898751616478
v 0.2206004112958908 0.05810388922691345 0.09491398930549622
v 0.22049161791801453 0.06077330932021141 0.09628430008888245
v 0.22007349133491516 0.059697315096855164 0.09545544534921646
v 0.21961021423339844 0.05836334079504013 0.09458492696285248
v 0.22055259346961975 0.05957528203725815 0.09559593349695206
v 0.22002136707305908 0.05468982085585594 0.09380622953176498
v 0.22007472813129425 0.056239765137434006 0.09413439780473709
v 0.22008410096168518 0.05669219046831131 0.09425956010818481
v 0.21768292784690857 0.03945395350456238 0.11227431893348694
v 0.2193964272737503 0.06641140580177307 0.11238154768943787
v 0.21956907212734222 0.06562556326389313 0.11361131072044373
v 0.21972626447677612 0.06469732522964478 0.1147933378815651
v 0.21977446973323822 0.0643472746014595 0.11518540978431702
v 0.21989776194095612 0.06320612877607346 0.11630868911743164
v 0.2199866771697998 0.06195630878210068 0.11732205748558044
v 0.2200467735528946 0.06059693545103073 0.11822079867124557
v 0.22005528211593628 0.060341931879520416 0.11836886405944824
v 0.2200889140367508 0.05888862907886505 0.11910492926836014
v 0.2192257195711136 0.06704685837030411 0.11111238598823547
v 0.2191261351108551 0.06737327575683594 0.11027025431394577
v 0.2206123173236847 0.05612568557262421 0.09424252808094025
v 0.22061488032341003 0.05657833814620972 0.09437291324138641
v 0.21895144879817963 0.06788814067840576 0.1078648716211319
v 0.21901483833789825 0.06770884990692139 0.10906524211168289
v 0.22009293735027313 0.0573778972029686 0.11969709396362305
v 0.2187443971633911 0.04398048296570778 0.11806020140647888
v 0.2185160517692566 0.04287497326731682 0.11717677116394043
v 0.218483567237854 0.04272489994764328 0.11704053729772568
v 0.21826337277889252 0.04174937307834625 0.11603725701570511
v 0.21896903216838837 0.04517199471592903 0.11881546676158905
v 0.21805591881275177 0.04088775813579559 0.1149338036775589
v 0.21786630153656006 0.04014193266630173 0.11373119801282883
v 0.21784143149852753 0.0400468111038208 0.11355453729629517
v 0.21918562054634094 0.04644862562417984 0.119443379342556
v 0.2200634926557541 0.05581912025809288 0.12014245986938477
v 0.21999379992485046 0.05412375554442406 0.12044806033372879
v 0.21989606320858002 0.05257204920053482 0.12056871503591537
v 0.21976658701896667 0.051029544323682785 0.12053636461496353
v 0.21959635615348816 0.049418721348047256 0.12033279240131378
v 0.21941466629505157 0.04798953980207443 0.11999475955963135
v 0.21921150386333466 0.04661169648170471 0.11951179057359695
v 0.21300873160362244 0.07640308886766434 0.11273644864559174
v 0.21460700035095215 0.04331466555595398 0.12110551446676254
v 0.21494923532009125 0.044734612107276917 0.12206104397773743
v 0.058155350387096405 0.019468672573566437 0.10708626359701157
v 0.05813570320606232 0.019860127940773964 0.09797852486371994
v 0.06012345105409622 0.01860070787370205 0.10708626359701157
v 0.060108330100774765 0.018995923921465874 0.09740176796913147
v 0.06208193302154541 0.018082311376929283 0.10708626359701157
v 0.06207303702831268 0.018478253856301308 0.09685251861810684
v 0.06401750445365906 0.01789512299001217 0.10708626359701157
v 0.06401663273572922 0.01828903891146183 0.09633276611566544
v 0.056164998561143875 0.021091118454933167 0.09858083724975586
v 0.06888570636510849 0.017802681773900986 0.10708626359701157
v 0.06889411062002182 0.0181923545897007 0.09538646787405014
v 0.07516075670719147 0.01757516898214817 0.10708626359701157
v 0.0751681700348854 0.017965398728847504 0.09456125646829605
v 0.0822129100561142 0.017234409227967262 0.10708626359701157
v 0.08221574127674103 0.017628788948059082 0.09385135769844055
v 0.0897509902715683 0.01679261028766632 0.10708626359701157
v 0.08974847197532654 0.01719362661242485 0.0932510569691658
v 0.09761816263198853 0.01623758301138878 0.10708626359701157
v 0.056187521666288376 0.020706776529550552 0.10708626359701157
v 0.05423448234796524 0.0223313607275486 0.10708626359701157
v 0.04287775233387947 0.045049674808979034 0.10708626359701157
v 0.0428704135119915 0.04523484781384468 0.10408338904380798
v 0.04406297206878662 0.040632378309965134 0.10708626359701157
v 0.04405224323272705 0.04085667431354523 0.10334740579128265
v 0.04544548690319061 0.03657057136297226 0.10708626359701157
v 0.045431219041347504 0.03683018684387207 0.10262126475572586
v 0.046992842108011246 0.032896287739276886 0.10708626359701157
v 0.046975210309028625 0.0331871435046196 0.1019069105386734
v 0.04867330938577652 0.029629318043589592 0.10708626359701157
v 0.05045618116855621 0.02678236924111843 0.10708626359701157
v 0.05231697857379913 0.024353129789233208 0.10708626359701157
v 0.04191507399082184 0.04992536082863808 0.10482723265886307
v 0.09761091321706772 0.016646916046738625 0.09275459498167038
v 0.10570314526557922 0.015544475987553596 0.10708626359701157
v 0.10569259524345398 0.015963120386004448 0.09235624969005585
v 0.057677291333675385 0.03254495561122894 0.1551111340522766
v 0.055552855134010315 0.03620442375540733 0.1552894115447998
v 0.05563941225409508 0.033410053700208664 0.15189464390277863
v 0.053561896085739136 0.037222009152173996 0.15169446170330048
v 0.053653616458177567 0.03455628454685211 0.14856348931789398
v 0.05164455249905586 0.038507621735334396 0.1479894518852234
v 0.0517362579703331 0.035990990698337555 0.14512723684310913
v 0.049816787242889404 0.040068119764328 0.14418435096740723
v 0.057601798325777054 0.035447750240564346 0.15876424312591553
v 0.049903981387615204 0.037721242755651474 0.14159543812274933
v 0.04809454083442688 0.04191030561923981 0.14028917253017426
v 0.04817347601056099 0.039754051715135574 0.13797765970230103
v 0.046496037393808365 0.04403557628393173 0.13631395995616913
v 0.04656379669904709 0.04209068790078163 0.13428343832492828
v 0.045043736696243286 0.04643505811691284 0.13226866722106934
v 0.045098524540662766 0.044721491634845734 0.13052232563495636
v 0.04376078024506569 0.0490950308740139 0.12816333770751953
v 0.05975542962551117 0.031949516385793686 0.15820343792438507
v 0.06075996905565262 0.03477700054645538 0.1637294441461563
v 0.05969731882214546 0.034940991550683975 0.16210898756980896
v 0.11389508843421936 0.014686089009046555 0.10708626359701157
v 0.11388351023197174 0.015114368870854378 0.09205026179552078
v 0.12206050008535385 0.014030453749001026 0.09183090180158615
v 0.040767017751932144 0.060165319591760635 0.10859234631061554
v 0.04076911136507988 0.05996926873922348 0.10708626359701157
v 0.0617595911026001 0.042367540299892426 0.17215652763843536
v 0.05957565829157829 0.04242001846432686 0.1685137152671814
v 0.06177780032157898 0.04022635892033577 0.17070232331752777
v 0.05960659682750702 0.04034613445401192 0.16715839505195618
v 0.061795830726623535 0.0382336787879467 0.16905193030834198
v 0.05963722988963127 0.03841136768460274 0.16561545431613922
v 0.06181362643837929 0.03638447821140289 0.167246013879776
v 0.05966747924685478 0.03661208227276802 0.16392315924167633
v 0.04380199313163757 0.04763165861368179 0.1267039030790329
v 0.04191946983337402 0.04978274181485176 0.10708626359701157
v 0.041209813207387924 0.05477554351091385 0.10708626359701157
v 0.04120774567127228 0.054872725158929825 0.10557696223258972
v 0.12585093080997467 0.04168810695409775 0.006105957552790642
v 0.04076856002211571 0.060018718242645264 0.10633063316345215
v 0.0426708348095417 0.05199341103434563 0.12400797009468079
v 0.042726073414087296 0.04974387586116791 0.12157329171895981
v 0.041828703135252 0.05338424816727638 0.1179828867316246
v 0.0588650107383728 0.08262772858142853 0.13116957247257233
v 0.06394674628973007 0.08375426381826401 0.13909399509429932
v 0.06394466757774353 0.08490173518657684 0.13383595645427704
v 0.05883451923727989 0.08354077488183975 0.12639817595481873
v 0.06394290924072266 0.08582107722759247 0.12853345274925232
v 0.05880993604660034 0.08424199372529984 0.12159550935029984
v 0.06394147127866745 0.08652469515800476 0.12319817394018173
v 0.05879177153110504 0.08473841100931168 0.11677075922489166
v 0.05890093743801117 0.0814923495054245 0.13589853048324585
v 0.06394042819738388 0.08702120929956436 0.1178397610783577
v 0.05878050997853279 0.08503501862287521 0.11193195730447769
v 0.06393977999687195 0.08731701970100403 0.11246662586927414
v 0.05877663940191269 0.0851336270570755 0.10708626359701157
v 0.06393954157829285 0.08741512894630432 0.10708626359701157
v 0.06394042819738388 0.08702120929956436 0.09633276611566544
v 0.06962473690509796 0.0891285091638565 0.09538646787405014
v 0.06394147127866745 0.08652469515800476 0.0909743458032608
v 0.06961466372013092 0.08863595873117447 0.08955511450767517
v 0.0639491081237793 0.08236227929592133 0.14429283142089844
v 0.058941785246133804 0.0801205039024353 0.14057104289531708
v 0.06395173817873001 0.08070407807826996 0.14941319823265076
v 0.050959035754203796 0.06305041909217834 0.15053515136241913
v 0.05105618014931679 0.05976596847176552 0.1526067852973938
v 0.054997518658638 0.060276396572589874 0.1608068197965622
v 0.05490582063794136 0.0639684647321701 0.15832164883613586
v 0.05703744292259216 0.06459463387727737 0.162035271525383
v 0.05695939436554909 0.06795111298561096 0.15876424312591553
v 0.059202779084444046 0.06879334151744843 0.16210898756980896
v 0.05914466828107834 0.07178480923175812 0.15820343792438507
v 0.0615059956908226 0.0727689191699028 0.16116195917129517
v 0.059089019894599915 0.07436364889144897 0.15402893722057343
v 0.06395763158798218 0.0764658972620964 0.15930192172527313
v 0.05903632193803787 0.07658528536558151 0.14966650307178497
v 0.06395458430051804 0.0787511095404625 0.15442869067192078
v 0.0589870810508728 0.07849320769309998 0.1451687067747116
v 0.0492573156952858 0.059723131358623505 0.14834754168987274
v 0.06394290924072266 0.08582107722759247 0.08563906699419022
v 0.06960101425647736 0.08793624490499496 0.08374714851379395
v 0.06394466757774353 0.08490173518657684 0.0803365558385849
v 0.06394674628973007 0.08375426381826401 0.07507851719856262
v 0.0639491081237793 0.08236227929592133 0.0698796808719635
v 0.06664109975099564 0.0817847028374672 0.06281153857707977
v 0.051105398684740067 0.05797656625509262 0.1533975899219513
v 0.04935117065906525 0.05634165182709694 0.14958249032497406
v 0.05115489661693573 0.056107569485902786 0.1539856195449829
v 0.1390446275472641 0.009775993414223194 0.13792963325977325
v 0.1383325308561325 0.010397503152489662 0.13793225586414337
v 0.13751620054244995 0.010988651774823666 0.13793152570724487
v 0.13570085167884827 0.011999051086604595 0.13792045414447784
v 0.14017058908939362 0.008529762737452984 0.1379137933254242
v 0.13379696011543274 0.012780285440385342 0.13789740204811096
v 0.12998294830322266 0.013883156701922417 0.13781942427158356
v 0.12201490998268127 0.01638992689549923 0.14511016011238098
v 0.11382746696472168 0.017422234639525414 0.14456428587436676
v 0.11379998922348022 0.018674273043870926 0.15198296308517456
v 0.10561646521091461 0.01944999024271965 0.15106230974197388
v 0.14208287000656128 0.0061478810384869576 0.13783618807792664
v 0.04185831919312477 0.05205514281988144 0.11594561487436295
v 0.04118099808692932 0.05632052198052406 0.11300496011972427
v 0.04119279980659485 0.055640753358602524 0.11157052963972092
v 0.040761496871709824 0.060753922909498215 0.11004934459924698
v 0.14519654214382172 0.004129055421799421 0.1376906931400299
v 0.14419695734977722 0.004585575312376022 0.13773387670516968
v 0.14336547255516052 0.005076912231743336 0.13777242600917816
v 0.1426711231470108 0.005599029827862978 0.1378064900636673
v 0.10558798164129257 0.02094302512705326 0.1582762748003006
v 0.097539022564888 0.021532883867621422 0.1568688601255417
v 0.09751731902360916 0.023288384079933167 0.1638086438179016
v 0.06398759037256241 0.04029921442270279 0.17409171164035797
v 0.06514634191989899 0.0426088348031044 0.17732873558998108
v 0.06398580968379974 0.04249697923660278 0.17564527690410614
v 0.06398399919271469 0.04485412314534187 0.17694684863090515
v 0.05954447016119957 0.04463164508342743 0.16964037716388702
v 0.05951309949159622 0.04696337878704071 0.1704910844564438
v 0.05527849495410919 0.0472625270485878 0.16247987747192383
v 0.06513983011245728 0.04038604348897934 0.17572534084320068
v 0.05523158982396126 0.04946069046854973 0.16292330622673035
v 0.053221434354782104 0.04976708069443703 0.15868985652923584
v 0.05317162349820137 0.051868900656700134 0.15882563591003418
v 0.051254384219646454 0.05222131684422493 0.15446874499320984
v 0.05513758584856987 0.053933314979076385 0.16292330622673035
v 0.05120459571480751 0.05417877063155174 0.15434692800045013
v 0.06641391664743423 0.04270825907588005 0.17897064983844757
v 0.06640197336673737 0.040460921823978424 0.17731738090515137
v 0.06917253881692886 0.040583811700344086 0.18037614226341248
v 0.08971609175205231 0.02372552640736103 0.16179469227790833
v 0.08970791101455688 0.025775019079446793 0.16837821900844574
v 0.08226143568754196 0.02608969248831272 0.16563324630260468
v 0.0822712779045105 0.02847367525100708 0.17176294326782227
v 0.0753137618303299 0.028679853305220604 0.1681629866361618
v 0.07874227315187454 0.03137270361185074 0.17578324675559998
v 0.07534102350473404 0.031444549560546875 0.17372183501720428
v 0.07876279205083847 0.03465982526540756 0.18124745786190033
v 0.07536947727203369 0.03470100834965706 0.1789902299642563
v 0.07538408786058426 0.036545198410749435 0.1814718246459961
v 0.07215911149978638 0.036542221903800964 0.17895299196243286
v 0.07217638939619064 0.03852327913045883 0.1811954379081726
v 0.06915555149316788 0.038465533405542374 0.17840775847434998
v 0.18951688706874847 0.008143017068505287 0.1134592741727829
v 0.18602049350738525 0.006072662770748138 0.1136905699968338
v 0.1822654753923416 0.004234424792230129 0.11390224099159241
v 0.14394357800483704 0.0025756226386874914 0.11477035284042358
v 0.14312125742435455 0.003082534996792674 0.11477967351675034
v 0.14244192838668823 0.003621460171416402 0.11478788405656815
v 0.1418732851743698 0.004188198130577803 0.11479499191045761
v 0.14005917310714722 0.006649429444223642 0.11481314897537231
v 0.13897593319416046 0.007937885820865631 0.11481650918722153
v 0.13827908039093018 0.008580571040511131 0.11481687426567078
v 0.13747069239616394 0.009073887020349503 0.10708626359701157
v 0.13747373223304749 0.009191727265715599 0.11481640487909317
v 0.14494122564792633 0.002104915678501129 0.11475986987352371
v 0.14758987724781036 0.0012897491687908769 0.11473529785871506
v 0.1782195270061493 0.0026639557909220457 0.11409325152635574
v 0.17383365333080292 0.0014091873308643699 0.11426258087158203
v 0.16905061900615692 0.0005291557754389942 0.1144091859459877
v 0.16377010941505432 0.00014431762974709272 0.11453204602003098
v 0.1578388661146164 0.00021950151131022722 0.11463046073913574
v 0.15102648735046387 0.0007057953043840826 0.11470571160316467
v 0.18424861133098602 0.04579015448689461 0.19302143156528473
v 0.1843360811471939 0.04265403002500534 0.19238519668579102
v 0.1878933608531952 0.04052681475877762 0.18817415833473206
v 0.19125694036483765 0.0388486422598362 0.18354532122612
v 0.19434180855751038 0.04005567356944084 0.18005870282649994
v 0.19442495703697205 0.03763165697455406 0.17859461903572083
v 0.18058928847312927 0.045208144932985306 0.1960844248533249
v 0.19739532470703125 0.03687087073922157 0.17340797185897827
v 0.19754812121391296 0.03298443183302879 0.16964922845363617
v 0.20023488998413086 0.034785784780979156 0.1662277728319168
v 0.19769592583179474 0.029647711664438248 0.1653623878955841
v 0.20037220418453217 0.03162705525755882 0.16218827664852142
v 0.1978374570608139 0.02679647132754326 0.1607125848531723
v 0.20050370693206787 0.028929004445672035 0.1578008532524109
v 0.1805063933134079 0.04851507768034935 0.1963127851486206
v 0.17657822370529175 0.05157900229096413 0.19892597198486328
v 0.17665208876132965 0.04815651848912239 0.19917020201683044
v 0.14543113112449646 0.07582094520330429 0.19579139351844788
v 0.14531537890434265 0.07350525259971619 0.19888871908187866
v 0.14913444221019745 0.07248088717460632 0.19820213317871094
v 0.1489913910627365 0.0699109435081482 0.20107696950435638
v 0.15384051203727722 0.0690169557929039 0.200096994638443
v 0.15373988449573517 0.06619542837142944 0.20268785953521729
v 0.1588732749223709 0.06556271761655807 0.20138534903526306
v 0.1588345468044281 0.06251106411218643 0.20361840724945068
v 0.16362887620925903 0.061995018273591995 0.20197242498397827
v 0.16363441944122314 0.058740224689245224 0.20377440750598907
v 0.16814865171909332 0.05840341001749039 0.2017815262079239
v 0.16818569600582123 0.055004462599754333 0.20308463275432587
v 0.17245985567569733 0.054907672107219696 0.20076631009578705
v 0.17251892387866974 0.051449261605739594 0.20153503119945526
v 0.1419501006603241 0.07684142142534256 0.1962190866470337
v 0.19797144830226898 0.024367017671465874 0.15580657124519348
v 0.20062822103500366 0.02663148194551468 0.1531676948070526
v 0.19809666275978088 0.022306010127067566 0.15071499347686768
v 0.20074458420276642 0.02468382753431797 0.14835646748542786
v 0.19821186363697052 0.020570341497659683 0.14548596739768982
v 0.20085160434246063 0.02304491586983204 0.14341330528259277
v 0.19831575453281403 0.019125880673527718 0.14015376567840576
v 0.20094814896583557 0.021682104095816612 0.138371080160141
v 0.1984071135520935 0.017945537343621254 0.1347435861825943
v 0.19848467409610748 0.01700807735323906 0.12927474081516266
v 0.14201059937477112 0.0789131447672844 0.19295257329940796
v 0.13821761310100555 0.07982315123081207 0.19315814971923828
v 0.138240247964859 0.08166933804750443 0.18976494669914246
v 0.06905905902385712 0.028806976974010468 0.1640140265226364
v 0.0720771923661232 0.028754083439707756 0.16615800559520721
v 0.06908994913101196 0.03152500465512276 0.16915199160575867
v 0.06767848879098892 0.03153151646256447 0.16791541874408722
v 0.06912219524383545 0.03471406549215317 0.17399901151657104
v 0.06770719587802887 0.03470226377248764 0.17265145480632782
v 0.06913875043392181 0.036513205617666245 0.17627088725566864
v 0.06637846678495407 0.03645922616124153 0.17342537641525269
v 0.07204712182283401 0.02641911618411541 0.16060273349285126
v 0.06639014929533005 0.03838073089718819 0.17545393109321594
v 0.06512700766324997 0.036420416086912155 0.17194132506847382
v 0.06513337045907974 0.03832574561238289 0.1739148646593094
v 0.06399112194776535 0.036370567977428436 0.17041637003421783
v 0.06398936361074448 0.03825929015874863 0.1723344326019287
v 0.07528795301914215 0.026328470557928085 0.16240395605564117
v 0.07526382803916931 0.024331778287887573 0.15650199353694916
v 0.08225223422050476 0.024067528545856476 0.15936461091041565
v 0.12206050008535385 0.014030453749001026 0.12234162539243698
v 0.11388351023197174 0.015114368870854378 0.12212225794792175
v 0.11385080963373184 0.016420483589172363 0.13710832595825195
v 0.10566279292106628 0.017241302877664566 0.13649572432041168
v 0.10564152151346207 0.018222609534859657 0.1437978893518448
v 0.09757581353187561 0.01886102184653282 0.14279788732528687
v 0.09755858778953552 0.02006586268544197 0.1498594880104065
v 0.08973037451505661 0.020552268251776695 0.14835965633392334
v 0.089723601937294 0.021996241062879562 0.15511351823806763
v 0.08224376291036606 0.022361526265740395 0.15299426019191742
v 0.13848409056663513 0.09625683724880219 0.13793152570724487
v 0.13416700065135956 0.0953480526804924 0.14554330706596375
v 0.13846011459827423 0.09515112638473511 0.14558261632919312
v 0.13415592908859253 0.09400920569896698 0.153146430850029
v 0.1384318768978119 0.09376954287290573 0.15318842232227325
v 0.13414333760738373 0.09238170087337494 0.1606924682855606
v 0.13839974999427795 0.09209098666906357 0.16073383390903473
v 0.1341293752193451 0.09043753892183304 0.16816243529319763
v 0.12985070049762726 0.09542165696620941 0.14544856548309326
v 0.13836413621902466 0.09008710086345673 0.16819880902767181
v 0.13411420583724976 0.08813906461000443 0.17553013563156128
v 0.13832543790340424 0.0877198874950409 0.17555582523345947
v 0.13409794867038727 0.08543488383293152 0.1827574223279953
v 0.13828399777412415 0.0849376767873764 0.18276482820510864
v 0.13408079743385315 0.0822538435459137 0.18978600203990936
v 0.12984734773635864 0.09647287428379059 0.13781942427158356
v 0.12126781791448593 0.09633117914199829 0.13754591345787048
v 0.12984462082386017 0.09727650135755539 0.13016030192375183
v 0.12124121934175491 0.09766668826341629 0.09183090180158615
v 0.121231809258461 0.09810476750135422 0.10708626359701157
v 0.1298413872718811 0.09818067401647568 0.11478646099567413
v 0.12123420834541321 0.09799553453922272 0.11471700668334961
v 0.1298426240682602 0.09784334897994995 0.122480109333992
v 0.12124121934175491 0.09766668826341629 0.12234162539243698
v 0.21936364471912384 0.04373786598443985 0.11807796359062195
v 0.21913349628448486 0.04261542484164238 0.11719610542058945
v 0.21910065412521362 0.04246312379837036 0.11705990135669708
v 0.21866747736930847 0.04060085117816925 0.11495012044906616
v 0.21877294778823853 0.04103165492415428 0.11552687734365463
v 0.2188778519630432 0.04147368296980858 0.11605577915906906
v 0.2184496819972992 0.039750173687934875 0.11356741935014725
v 0.21845972537994385 0.03978831321001053 0.11363844573497772
v 0.21847493946552277 0.03984632343053818 0.11374452710151672
v 0.2176419198513031 0.06617339700460434 0.11839868128299713
v 0.2176344096660614 0.06574230641126633 0.11892925202846527
v 0.21773038804531097 0.0653860792517662 0.11856093257665634
v 0.2194945216178894 0.04442582279443741 0.11852724850177765
v 0.21958880126476288 0.04494815692305565 0.11882888525724411
v 0.22038720548152924 0.05117307975888252 0.12050920724868774
v 0.22036319971084595 0.050886187702417374 0.12049520015716553
v 0.22020386159420013 0.04925701022148132 0.12031091749668121
v 0.2198040932416916 0.0462447851896286 0.1194491982460022
v 0.21982969343662262 0.04641035571694374 0.11951643228530884
v 0.21984370052814484 0.046502187848091125 0.1195526272058487
v 0.22002890706062317 0.04780863597989082 0.11998776346445084
v 0.2201487272977829 0.04877154529094696 0.12022008746862411
v 0.22047896683216095 0.05244237184524536 0.12050757557153702
v 0.2175888866186142 0.06443119049072266 0.12029868364334106
v 0.2176782339811325 0.06408681720495224 0.11987032741308212
v 0.21750779449939728 0.0629190057516098 0.12152501195669174
v 0.21600142121315002 0.04975743591785431 0.12394832074642181
v 0.21552133560180664 0.047910384833812714 0.12425780296325684
v 0.21567592024803162 0.04807393625378609 0.12353651225566864
v 0.2151603400707245 0.04620864614844322 0.12364106625318527
v 0.21533483266830444 0.04644422605633736 0.12293621897697449
v 0.21511562168598175 0.04600667580962181 0.12355270236730576
v 0.21529267728328705 0.04625091701745987 0.12285060435533524
v 0.2147509604692459 0.04442176595330238 0.1227349266409874
v 0.2158646285533905 0.04966584965586662 0.12467498332262039
v 0.21438685059547424 0.04293697327375412 0.12174110859632492
v 0.2140282392501831 0.04155522584915161 0.12057100236415863
v 0.21397797763347626 0.041367385536432266 0.12039007246494293
v 0.2136422097682953 0.040144871920347214 0.11905490607023239
v 0.2163344770669937 0.05164589732885361 0.1241828054189682
v 0.21662044525146484 0.05344457924365997 0.12419698387384415
v 0.21621429920196533 0.05163126066327095 0.12490319460630417
v 0.21759404242038727 0.06259991973638535 0.12103947252035141
v 0.21748991310596466 0.06262657046318054 0.12172766029834747
v 0.21757608652114868 0.06231340393424034 0.12123236060142517
v 0.21737302839756012 0.06095104292035103 0.12274476885795593
v 0.21745939552783966 0.06067468225955963 0.12219730019569397
v 0.21722032129764557 0.05920246243476868 0.1235821545124054
v 0.21730773150920868 0.05896950140595436 0.12298587709665298
v 0.2170277237892151 0.057374801486730576 0.12422769516706467
v 0.21711865067481995 0.05719330906867981 0.1235882118344307
v 0.21677802503108978 0.05536140874028206 0.12469078600406647
v 0.2168760448694229 0.05524316802620888 0.12401319295167923
v 0.21651285886764526 0.053498826920986176 0.124900683760643
v 0.22061285376548767 0.0572638139128685 0.11957626044750214
v 0.22059021890163422 0.05851968005299568 0.11908258497714996
v 0.21925756335258484 0.06754983961582184 0.10901816934347153
v 0.21938194334506989 0.06721637398004532 0.11019688099622726
v 0.2194175273180008 0.06711605191230774 0.11047311127185822
v 0.21949419379234314 0.06689169257879257 0.11102233082056046
v 0.21989142894744873 0.06547533720731735 0.11348296701908112
v 0.21974769234657288 0.06604880839586258 0.11262205988168716
v 0.21968941390514374 0.06625887751579285 0.11226977407932281
v 0.21734519302845 0.07007326930761337 0.10708626359701157
v 0.21735148131847382 0.07004436105489731 0.10807441174983978
v 0.2174733430147171 0.06975337117910385 0.10804878920316696
v 0.21738380193710327 0.06988725066184998 0.10959620773792267
v 0.2175055295228958 0.06959161907434464 0.10953084379434586
v 0.2174377143383026 0.06959418952465057 0.11112287640571594
v 0.21755895018577576 0.06928997486829758 0.11101668328046799
v 0.21748267114162445 0.06930942833423615 0.11219064891338348
v 0.21760310232639313 0.06899714469909668 0.11205482482910156
v 0.21918722987174988 0.06772784143686295 0.10784599930047989
v 0.21917396783828735 0.06776054203510284 0.10708626359701157
v 0.24699479341506958 0.047528382390737534 0.11460952460765839
v 0.24644288420677185 0.04626106470823288 0.11638245731592178
v 0.24270343780517578 0.037674300372600555 0.10708626359701157
v 0.24578340351581573 0.04474671930074692 0.1178879588842392
v 0.245035320520401 0.04302890971302986 0.1190827265381813
v 0.24786439538002014 0.049525197595357895 0.10822562873363495
v 0.24771592020988464 0.049184270203113556 0.11047158390283585
v 0.24742324650287628 0.04851222038269043 0.11262015253305435
v 0.21920368075370789 0.06768684089183807 0.10822754353284836
v 0.22054430842399597 0.05364525318145752 0.12041228264570236
v 0.2175513058900833 0.0687536746263504 0.11380472034215927
v 0.21766920387744904 0.06842675805091858 0.11362151801586151
v 0.2176068276166916 0.0680558830499649 0.11538171768188477
v 0.22049161791801453 0.060773275792598724 0.11788824945688248
v 0.22041963040828705 0.06181863322854042 0.11717383563518524
v 0.22032685577869415 0.06281014531850815 0.1163826733827591
v 0.22029843926429749 0.06306284666061401 0.11616092920303345
v 0.22050897777080536 0.06046812981367111 0.11807606369256973
v 0.2205827534198761 0.058770883828401566 0.11897005140781403
v 0.22055970132350922 0.05400361493229866 0.12036645412445068
v 0.220607191324234 0.05570446327328682 0.12003935873508453
v 0.22061225771903992 0.05611801892518997 0.11993208527565002
v 0.22052234411239624 0.06021513417363167 0.11822513490915298
v 0.217720165848732 0.06771396100521088 0.11514794826507568
v 0.21763919293880463 0.06720265746116638 0.11691872030496597
v 0.217745840549469 0.06684912741184235 0.11663040518760681
v 0.21764370799064636 0.06687031686306 0.11743437498807907
v 0.2177477329969406 0.06651437282562256 0.11712648719549179
v 0.2200811207294464 0.06454939395189285 0.11465354263782501
v 0.22014081478118896 0.0642002671957016 0.1150427982211113
v 0.21333232522010803 0.03906328231096268 0.11758275330066681
v 0.213053897023201 0.038125913590192795 0.11597608029842377
v 0.215542733669281 0.04801555722951889 0.0898837074637413
v 0.21518686413764954 0.04632937163114548 0.09048023819923401
v 0.21504178643226624 0.045676928013563156 0.09077145904302597
v 0.21297471225261688 0.03786490485072136 0.09872326254844666
v 0.21323871612548828 0.038744665682315826 0.09709376096725464
v 0.21353855729103088 0.03977835178375244 0.09558052569627762
v 0.21386949717998505 0.04096634313464165 0.09418882429599762
v 0.21395957469940186 0.04129895940423012 0.09384980797767639
v 0.21431224048137665 0.04264327883720398 0.09265832602977753
v 0.2146746665239334 0.04410316422581673 0.09163077175617218
v 0.21293537318706512 0.037736114114522934 0.09900001436471939
v 0.21931639313697815 0.043498970568180084 0.09626573324203491
v 0.2191276103258133 0.042588040232658386 0.09700058400630951
v 0.21949446201324463 0.04442543536424637 0.09564550220966339
v 0.21800605952739716 0.03815387189388275 0.10673417150974274
v 0.21800477802753448 0.038149476051330566 0.10708627104759216
v 0.21801680326461792 0.03819058835506439 0.10816217213869095
v 0.21805845201015472 0.03833376243710518 0.10935680568218231
v 0.21805845201015472 0.03833376616239548 0.10481567680835724
v 0.21804559230804443 0.0382893830537796 0.10510589927434921
v 0.21803796291351318 0.038263145834207535 0.10530015826225281
v 0.21260741353034973 0.03668393939733505 0.11223597824573517
v 0.21247819066047668 0.036279477179050446 0.11036927253007889
v 0.2124074548482895 0.03606052324175835 0.10852385312318802
v 0.21239250898361206 0.03601458668708801 0.10661577433347702
v 0.21273133158683777 0.03707713633775711 0.11352015286684036
v 0.21243683993816376 0.03615128621459007 0.10469997674226761
v 0.21806766092777252 0.038365669548511505 0.10954377800226212
v 0.21816007792949677 0.03868937864899635 0.11094173789024353
v 0.21301771700382233 0.03800629451870918 0.11573993414640427
v 0.21278855204582214 0.037260424345731735 0.11402788013219833
v 0.21821457147598267 0.03888348489999771 0.11156217008829117
v 0.21828866004943848 0.039151355624198914 0.11228404939174652
v 0.21244746446609497 0.03618409484624863 0.10444051027297974
v 0.21880796551704407 0.041177645325660706 0.09846452623605728
v 0.21877290308475494 0.04103146493434906 0.0986458882689476
v 0.21860310435295105 0.04034417122602463 0.09960069507360458
v 0.21845975518226624 0.039788443595170975 0.10053383558988571
v 0.2190885990858078 0.04240766912698746 0.09716331958770752
v 0.21902930736541748 0.04213820770382881 0.097418412566185
v 0.2197614312171936 0.045974619686603546 0.09483857452869415
v 0.21954239904880524 0.04468810185790062 0.09548978507518768
v 0.2184196263551712 0.039636559784412384 0.10082307457923889
v 0.21839207410812378 0.039533112198114395 0.10103057324886322
v 0.21824033558368683 0.03897614777088165 0.10234611481428146
v 0.21821457147598267 0.03888345882296562 0.10261043161153793
v 0.21812397241592407 0.038562122732400894 0.10370602458715439
v 0.24336133897304535 0.039185017347335815 0.1204124465584755
v 0.24248363077640533 0.03716951608657837 0.12050915509462357
v 0.24422013759613037 0.041157059371471405 0.11993236094713211
v 0.24077220261096954 0.033239636570215225 0.11955244839191437
v 0.23998773097991943 0.03143832087516785 0.11852655559778214
v 0.12172901630401611 0.04205058887600899 0.006514045875519514
v 0.12174827605485916 0.039303507655858994 0.009176773950457573
v 0.12176733464002609 0.03681812807917595 0.012084747664630413
v 0.12178616225719452 0.03456206992268562 0.015173454768955708
v 0.12180472165346146 0.0325065553188324 0.01839812472462654
v 0.12184089422225952 0.028903746977448463 0.02513955719769001
v 0.12187552452087402 0.025860873982310295 0.03214922547340393
v 0.12190830707550049 0.023276787251234055 0.03933851048350334
v 0.12193895876407623 0.021081261336803436 0.04665401950478554
v 0.12170961499214172 0.04508925974369049 0.004190849605947733
v 0.12169986218214035 0.04672378674149513 0.003195930738002062
v 0.08966013789176941 0.04326186329126358 0.016718391329050064
v 0.08965497463941574 0.046039652079343796 0.014732582494616508
v 0.08964976668357849 0.04906819388270378 0.013165581040084362
v 0.0934484452009201 0.04912795498967171 0.011103829368948936
v 0.09733320027589798 0.04755305126309395 0.010014633648097515
v 0.10528844594955444 0.047441981732845306 0.00692338589578867
v 0.11344006657600403 0.04717771336436272 0.004641662817448378
v 0.1219671368598938 0.019224250689148903 0.05406114459037781
v 0.24786439538002014 0.049525197595357895 0.10594689846038818
v 0.24771592020988464 0.049184270203113556 0.10370093584060669
v 0.24742324650287628 0.04851222038269043 0.10155236721038818
v 0.24788303673267365 0.049568045884370804 0.10708626359701157
v 0.24699479341506958 0.047528382390737534 0.09956300258636475
v 0.24644288420677185 0.04626106470823288 0.09779006242752075
v 0.1219925656914711 0.01766940765082836 0.0615362673997879
v 0.12201490998268127 0.01638992689549923 0.06906235963106155
v 0.12203389406204224 0.015365960076451302 0.07662659883499146
v 0.24077220261096954 0.033239636570215225 0.09462007135152817
v 0.24248363077640533 0.03716951608657837 0.09366336464881897
v 0.24336133897304535 0.039185017347335815 0.09376007318496704
v 0.08966527879238129 0.04073154181241989 0.01901668682694435
v 0.08230948448181152 0.04078651964664459 0.0232546404004097
v 0.10923787206411362 0.06343327462673187 0.0048436508513987064
v 0.10518955439329147 0.06334005296230316 0.006103271618485451
v 0.10119577497243881 0.06318135559558868 0.0075689698569476604
v 0.09726525843143463 0.06296050548553467 0.009237068705260754
v 0.09340672194957733 0.06268081068992615 0.011103829368948936
v 0.08962886035442352 0.06234559416770935 0.013165581040084362
v 0.0859404131770134 0.06195817515254021 0.015418579801917076
v 0.08235049992799759 0.061521757394075394 0.01785915531218052
v 0.07887230813503265 0.06103844195604324 0.020483575761318207
v 0.11333155632019043 0.06345673650503159 0.00379383098334074
v 0.11746010929346085 0.06340328603982925 0.002957496792078018
v 0.07552146911621094 0.06050969660282135 0.023288147523999214
v 0.06181362643837929 0.03638447821140289 0.04692652076482773
v 0.06398936361074448 0.03825929015874863 0.041838083416223526
v 0.06399112194776535 0.036370567977428436 0.0437561497092247
v 0.06512700766324997 0.036420416086912155 0.042231202125549316
v 0.06636695563793182 0.034685175865888596 0.0429086871445179
v 0.06637846678495407 0.03645922616124153 0.04074713960289955
v 0.06913875043392181 0.036513205617666245 0.037901636213064194
v 0.06915555149316788 0.038465533405542374 0.03576476499438286
v 0.061795830726623535 0.0382336787879467 0.045120589435100555
v 0.07217638939619064 0.03852327913045883 0.03297708183526993
v 0.07219385355710983 0.04067730903625488 0.030905740335583687
v 0.07541391998529434 0.04074076935648918 0.028184426948428154
v 0.07542907446622849 0.04312301427125931 0.02623690851032734
v 0.07879480719566345 0.04077661409974098 0.025633661076426506
v 0.05966747924685478 0.03661208227276802 0.050249356776475906
v 0.05963722988963127 0.03841136768460274 0.048557065427303314
v 0.057523734867572784 0.03880423307418823 0.05213724821805954
v 0.07230117172002792 0.0570637546479702 0.025493143126368523
v 0.06925942748785019 0.05366043373942375 0.028448335826396942
v 0.06645021587610245 0.0504046194255352 0.03207162022590637
v 0.06398218125104904 0.047354988753795624 0.0362338051199913
v 0.05954447016119957 0.04463164508342743 0.04453215375542641
v 0.05957565829157829 0.04242001846432686 0.04565881937742233
v 0.057443756610155106 0.042665813118219376 0.049445487558841705
v 0.05960659682750702 0.04034613445401192 0.04701412469148636
v 0.24578340351581573 0.04474671930074692 0.09628456085920334
v 0.245035320520401 0.04302890971302986 0.09508980065584183
v 0.24161219596862793 0.03516853600740433 0.12021971493959427
v 0.23818156123161316 0.027290893718600273 0.10053407400846481
v 0.23867353796958923 0.02842053957283497 0.0986461192369461
v 0.23928141593933105 0.02981640212237835 0.09700097888708115
v 0.23998773097991943 0.03143832087516785 0.095645971596241
v 0.23752516508102417 0.025783613324165344 0.10704567283391953
v 0.23759834468364716 0.025951633229851723 0.10481572896242142
v 0.23752516508102417 0.025783611461520195 0.10708626359701157
v 0.23781971633434296 0.026459956541657448 0.1026105210185051
v 0.24161219596862793 0.03516853600740433 0.09395281225442886
v 0.23818156123161316 0.027290893718600273 0.11363843828439713
v 0.23781971633434296 0.026459956541657448 0.11156199127435684
v 0.23752516508102417 0.025783613324165344 0.10712685436010361
v 0.23759834468364716 0.025951633229851723 0.10935678333044052
v 0.23928141593933105 0.02981640212237835 0.11717154830694199
v 0.23867353796958923 0.02842053957283497 0.11552639305591583
v 0.24422013759613037 0.041157059371471405 0.09424016624689102
v 0.23752361536026 0.025780683383345604 0.10708626359701157
v 0.2375236302614212 0.025780685245990753 0.10708627104759216
v 0.21436214447021484 0.07505878806114197 0.10708626359701157
v 0.21437124907970428 0.07489464432001114 0.11196407675743103
v 0.21552768349647522 0.07349893450737 0.10708626359701157
v 0.0859404131770134 0.06195817515254021 0.1987539529800415
v 0.08962886035442352 0.06234559416770935 0.2010069340467453
v 0.08962365984916687 0.06537413597106934 0.19943994283676147
v 0.08594070374965668 0.06493037939071655 0.19725161790847778
v 0.08961848169565201 0.06815192848443985 0.19745413959026337
v 0.08594099432229996 0.06766442209482193 0.19534143805503845
v 0.09714913368225098 0.08140449970960617 0.1839081346988678
v 0.09332650899887085 0.08092185854911804 0.18256966769695282
v 0.0933457463979721 0.07752587646245956 0.1887013167142868
v 0.08959830552339554 0.07700342684984207 0.18707290291786194
v 0.08963146805763245 0.06074348837137222 0.20159341394901276
v 0.08960827440023422 0.07298528403043747 0.1926240175962448
v 0.08594155311584473 0.07243769615888596 0.19067461788654327
v 0.08236797153949738 0.06958266347646713 0.19091787934303284
v 0.07566742599010468 0.08032456040382385 0.1681629866361618
v 0.07569324225187302 0.08267594873905182 0.16240395605564117
v 0.07248914986848831 0.07944907248020172 0.16615800559520721
v 0.0725192129611969 0.08178403973579407 0.16060273349285126
v 0.06945978105068207 0.07851389050483704 0.1640140265226364
v 0.06662208586931229 0.07982205599546432 0.15661707520484924
v 0.069489024579525 0.08083236217498779 0.158674418926239
v 0.06664109975099564 0.0817847028374672 0.15136098861694336
v 0.06951635330915451 0.08280576765537262 0.15319032967090607
v 0.06954148411750793 0.08447516709566116 0.14759992063045502
v 0.08234167098999023 0.0568060465157032 0.19748206436634064
v 0.08594012260437012 0.05877552926540375 0.19972890615463257
v 0.08234462141990662 0.05841195210814476 0.19724076986312866
v 0.0896393209695816 0.05570689216256142 0.20238380134105682
v 0.08963669836521149 0.05740945786237717 0.20229339599609375
v 0.09705192595720291 0.09057962149381638 0.1568688601255417
v 0.0895550325512886 0.08941754698753357 0.15511351823806763
v 0.09707362949848175 0.08882412314414978 0.1638086438179016
v 0.0895625427365303 0.08768825978040695 0.16179469227790833
v 0.09709721803665161 0.08674485236406326 0.17065483331680298
v 0.08957070857286453 0.08563876897096634 0.16837821900844574
v 0.09712246805429459 0.08429383486509323 0.1773725152015686
v 0.08957944810390472 0.08322203159332275 0.17482806742191315
v 0.12169009447097778 0.04843368008732796 0.2118341326713562
v 0.12168029695749283 0.05021444335579872 0.2125329226255417
v 0.11341600865125656 0.050612062215805054 0.21106970310211182
v 0.11340395361185074 0.05242346227169037 0.21158280968666077
v 0.10525553673505783 0.052568469196558 0.2092326432466507
v 0.10524453222751617 0.05437997728586197 0.2095377892255783
v 0.09730303287506104 0.05428226292133331 0.20632395148277283
v 0.09729547798633575 0.05605625361204147 0.2064218521118164
v 0.089548259973526 0.09086152166128159 0.14835965633392334
v 0.07561170309782028 0.07430341094732285 0.1789902299642563
v 0.07242424041032791 0.07348337024450302 0.17657428979873657
v 0.07240722328424454 0.07166092842817307 0.17895299196243286
v 0.06939664483070374 0.07260680198669434 0.17399901151657104
v 0.06938008964061737 0.07080765813589096 0.17627088725566864
v 0.08243367820978165 0.08800765872001648 0.15299426019191742
v 0.08242522180080414 0.08630165457725525 0.15936461091041565
v 0.08241602033376694 0.08427949249744415 0.16563324630260468
v 0.0824061781167984 0.08189550042152405 0.17176294326782227
v 0.0824413076043129 0.08943171799182892 0.14654803276062012
v 0.08594266325235367 0.07976149767637253 0.1794656366109848
v 0.11287608742713928 0.0972021147608757 0.12212225794792175
v 0.11286747455596924 0.09752361476421356 0.11460725218057632
v 0.1047665998339653 0.09677817672491074 0.11445430666208267
v 0.10477446019649506 0.09646385908126831 0.12181627750396729
v 0.09697464108467102 0.09577298909425735 0.11425524204969406
v 0.0969800353050232 0.09546558558940887 0.12141792476177216
v 0.08952828496694565 0.09452138841152191 0.11400716751813889
v 0.08953015506267548 0.09422016143798828 0.12092147022485733
v 0.08954229205846786 0.09204638749361038 0.1415511816740036
v 0.08244803547859192 0.09059972316026688 0.14004473388195038
v 0.06655783951282501 0.07167571783065796 0.17126382887363434
v 0.06654632836580276 0.06990166753530502 0.17342537641525269
v 0.06396594643592834 0.0689396783709526 0.17041637003421783
v 0.07897748053073883 0.0811401829123497 0.17003069818019867
v 0.07895783334970474 0.07835358381271362 0.17578324675559998
v 0.07564017176628113 0.07755986601114273 0.17372183501720428
v 0.07245741039514542 0.07670720666646957 0.17151185870170593
v 0.06942889094352722 0.07579586654901505 0.16915199160575867
v 0.06658027321100235 0.07482744008302689 0.16664086282253265
v 0.06522487848997116 0.0711890310049057 0.16983608901500702
v 0.0824638158082962 0.0930366963148117 0.11370717734098434
v 0.0970323458313942 0.09204664081335068 0.1498594880104065
v 0.0970151349902153 0.09325148165225983 0.14279788732528687
v 0.09340672194957733 0.06268081068992615 0.20306868851184845
v 0.09339632838964462 0.06576227396726608 0.20144152641296387
v 0.09338601678609848 0.06858120113611221 0.19938550889492035
v 0.09720578789710999 0.07389295101165771 0.196014866232872
v 0.10510299354791641 0.07453038543462753 0.1987251192331314
v 0.09719128161668777 0.07603176683187485 0.1931614875793457
v 0.0933656319975853 0.07347137480974197 0.19440427422523499
v 0.10508189350366592 0.07670673727989197 0.1957564800977707
v 0.10506109148263931 0.07868975400924683 0.19265475869178772
v 0.1132134199142456 0.07708701491355896 0.1977020502090454
v 0.11319059878587723 0.07910383492708206 0.19451995193958282
v 0.12151555716991425 0.07713507115840912 0.1989990621805191
v 0.12149699032306671 0.07919058948755264 0.1957743912935257
v 0.11314612627029419 0.08263713866472244 0.18786932528018951
v 0.10502055287361145 0.08216462284326553 0.18616460263729095
v 0.1132836863398552 0.06973327696323395 0.20625188946723938
v 0.11330755054950714 0.06674618273973465 0.2085474133491516
v 0.11741475015878677 0.06973595917224884 0.20705291628837585
v 0.10919073224067688 0.06964745372533798 0.20525743067264557
v 0.10921423137187958 0.0666891485452652 0.20752277970314026
v 0.09727279841899872 0.06129852682352066 0.20556750893592834
v 0.10521151125431061 0.05985851213335991 0.2092326432466507
v 0.10520052909851074 0.0616275854408741 0.2087370753288269
v 0.11335565894842148 0.05989302322268486 0.21158280968666077
v 0.11334360390901566 0.06170441582798958 0.21106970310211182
v 0.12163122743368149 0.05964234843850136 0.21305173635482788
v 0.12162141501903534 0.06148269772529602 0.2125329226255417
v 0.10117684304714203 0.06635779142379761 0.20487293601036072
v 0.10119577497243881 0.06318135559558868 0.20660355687141418
v 0.1051676794886589 0.06655823439359665 0.20629699528217316
v 0.10518955439329147 0.06334005296230316 0.20806924998760223
v 0.10923787206411362 0.06343327462673187 0.20932886004447937
v 0.1011580154299736 0.06925136595964432 0.20269621908664703
v 0.10514593124389648 0.0694853886961937 0.2040715217590332
v 0.10108457505702972 0.07837153226137161 0.19149164855480194
v 0.1212868019938469 0.09530721604824066 0.14511016011238098
v 0.11293214559555054 0.09489425271749496 0.14456428587436676
v 0.12130914628505707 0.09402772784233093 0.15263625979423523
v 0.11310354620218277 0.08561981469392776 0.18095597624778748
v 0.10494500398635864 0.0875864252448082 0.172479048371315
v 0.10498175024986267 0.08509769290685654 0.1794104427099228
v 0.10482552647590637 0.0942043736577034 0.1437978893518448
v 0.10485058277845383 0.09297698736190796 0.15106230974197388
v 0.10487908124923706 0.0914839506149292 0.1582762748003006
v 0.11306323111057281 0.08815169334411621 0.17386677861213684
v 0.10491066426038742 0.08969894796609879 0.1654229462146759
v 0.10104950517416 0.08181942999362946 0.18510599434375763
v 0.11302553862333298 0.09030207246541977 0.1666540950536728
v 0.11295963078737259 0.0936422124505043 0.15198296308517456
v 0.12133457511663437 0.09247288852930069 0.16011138260364532
v 0.11299088597297668 0.09212030470371246 0.15935178101062775
v 0.12136276066303253 0.09061587601900101 0.1675184965133667
v 0.12139339745044708 0.08842035382986069 0.1748340129852295
v 0.12142619490623474 0.0858362689614296 0.182023286819458
v 0.08246171474456787 0.09274039417505264 0.12032116204500198
v 0.07577715069055557 0.08892131596803665 0.13826541602611542
v 0.06958408653736115 0.08701945096254349 0.1362001895904541
v 0.07575955241918564 0.08776622265577316 0.14440974593162537
v 0.06956414878368378 0.08587179332971573 0.1419300138950348
v 0.05808017775416374 0.021043313667178154 0.12524674832820892
v 0.06009015440940857 0.019492337480187416 0.12159550935029984
v 0.06006558984518051 0.02019355446100235 0.12639817595481873
v 0.05813570320606232 0.019860127940773964 0.1161939948797226
v 0.056164998561143875 0.021091118454933167 0.11559168249368668
v 0.0542106069624424 0.02270498499274254 0.1149657815694809
v 0.05811210349202156 0.02035098895430565 0.12073101103305817
v 0.05229310318827629 0.024712223559617996 0.11431825906038284
v 0.05414314195513725 0.023828890174627304 0.12279579043388367
v 0.05613793805241585 0.02157229743897915 0.11982831358909607
v 0.060108330100774765 0.018995923921465874 0.11677075922489166
v 0.05610133334994316 0.022249964997172356 0.12404465675354004
v 0.06401558220386505 0.018785560503602028 0.12319817394018173
v 0.06622481346130371 0.019456567242741585 0.12951014935970306
v 0.06401415914297104 0.019489167258143425 0.12853345274925232
v 0.06204788759350777 0.019681274890899658 0.12749505043029785
v 0.06302452832460403 0.020465707406401634 0.1331968903541565
v 0.06202993541955948 0.020600613206624985 0.1325390487909317
v 0.06301234662532806 0.021613044664263725 0.13832785189151764
v 0.062008801847696304 0.021745912730693817 0.13753941655158997
v 0.06299848109483719 0.023003460839390755 0.1434001326560974
v 0.06198476254940033 0.02313247323036194 0.1424817144870758
v 0.06298312544822693 0.024658016860485077 0.14839458465576172
v 0.054038312286138535 0.025733131915330887 0.13051559031009674
v 0.05605591461062431 0.023129476234316826 0.12823224067687988
v 0.056002408266067505 0.024219313636422157 0.132380872964859
v 0.0580405630171299 0.02194327674806118 0.12973237037658691
v 0.05799390375614166 0.023060381412506104 0.134177103638649
v 0.060035087168216705 0.021106604486703873 0.13116957247257233
v 0.059999167919158936 0.022241979837417603 0.13589853048324585
v 0.06889411062002182 0.0181923545897007 0.1187860444188118
v 0.05043348670005798 0.027122944593429565 0.11365107446908951
v 0.05222565308213234 0.025790074840188026 0.1215040534734726
v 0.060970984399318695 0.02333519607782364 0.14153839647769928
v 0.060934364795684814 0.024974359199404716 0.14627139270305634
v 0.059958312660455704 0.0236138217151165 0.14057104289531708
v 0.05794082581996918 0.02440756745636463 0.13856744766235352
v 0.055941566824913025 0.025531183928251266 0.13647761940956116
v 0.061958104372024536 0.024780692532658577 0.14734700322151184
v 0.05397382378578186 0.02699846588075161 0.13430814445018768
v 0.06399621069431305 0.03151114657521248 0.16397716104984283
v 0.0629296749830246 0.031530193984508514 0.16258807480335236
v 0.06294853985309601 0.028879204764962196 0.15803462266921997
v 0.0618981309235096 0.028978150337934494 0.15673261880874634
v 0.061929136514663696 0.026717469096183777 0.15210948884487152
v 0.06089455261826515 0.026898330077528954 0.15090295672416687
v 0.0599130243062973 0.025241121649742126 0.1451687067747116
v 0.06296641379594803 0.026604458689689636 0.15328508615493774
v 0.050369344651699066 0.028143102303147316 0.12017334252595901
v 0.05212085694074631 0.027611076831817627 0.1285870224237442
v 0.050269681960344315 0.029862025752663612 0.12660092115402222
v 0.051984913647174835 0.0302391666918993 0.13548387587070465
v 0.05014042556285858 0.032334957271814346 0.13285712897777557
v 0.06510848551988602 0.031527407467365265 0.16532817482948303
v 0.06399942934513092 0.028844347223639488 0.15930192172527313
v 0.06891782581806183 0.01938461884856224 0.1304253786802292
v 0.0751681700348854 0.017965398728847504 0.11961127072572708
v 0.07518909871578217 0.01916165091097355 0.13207678496837616
v 0.08953724056482315 0.0929918959736824 0.13470177352428436
v 0.08245372772216797 0.09153126180171967 0.13349862396717072
v 0.07580412179231644 0.09054514020681381 0.12585553526878357
v 0.0757920891046524 0.08984275907278061 0.13207678496837616
v 0.06961466372013092 0.08863595873117447 0.12461740523576736
v 0.06960101425647736 0.08793624490499496 0.1304253786802292
v 0.06962473690509796 0.0891285091638565 0.1187860444188118
v 0.06963099539279938 0.08942126482725143 0.11293981224298477
v 0.07581853866577148 0.09133221954107285 0.11335235089063644
v 0.07581302523612976 0.0910390242934227 0.11961127072572708
v 0.09700051695108414 0.0942138209939003 0.1356971710920334
v 0.10480426996946335 0.09518568217754364 0.13649572432041168
v 0.0757395401597023 0.08635838329792023 0.15049506723880768
v 0.07571735233068466 0.08467263728380203 0.15650199353694916
v 0.06660175323486328 0.07752031832933426 0.16172926127910614
v 0.11290880292654037 0.09589599817991257 0.13710832595825195
v 0.0640079528093338 0.022947968915104866 0.14429283142089844
v 0.06401031464338303 0.021555988118052483 0.13909399509429932
v 0.06401239335536957 0.02040851302444935 0.13383595645427704
v 0.10569259524345398 0.015963120386004448 0.12181627750396729
v 0.09759042412042618 0.017898686230182648 0.1356971710920334
v 0.09761091321706772 0.016646916046738625 0.12141792476177216
v 0.08974139392375946 0.018421893939375877 0.13470177352428436
v 0.08974847197532654 0.01719362661242485 0.12092147022485733
v 0.08222372829914093 0.01883792132139206 0.13349862396717072
v 0.08221574127674103 0.017628788948059082 0.12032116204500198
v 0.06400533020496368 0.02460617385804653 0.14941319823265076
v 0.06400248408317566 0.026559142395853996 0.15442869067192078
v 0.06207303702831268 0.018478253856301308 0.1173200011253357
v 0.06401663273572922 0.01828903891146183 0.1178397610783577
v 0.0620623454451561 0.018976442515850067 0.12241887301206589
v 0.12146082520484924 0.08279339224100113 0.18903297185897827
v 0.11323657631874084 0.07487262040376663 0.20075075328350067
v 0.12153438478708267 0.07487901300191879 0.20208777487277985
v 0.10529937595129013 0.045868754386901855 0.20629699528217316
v 0.09734071046113968 0.04602119326591492 0.20325347781181335
v 0.10532111674547195 0.04294159263372421 0.2040715217590332
v 0.11347591876983643 0.04258320853114128 0.20625188946723938
v 0.11349958926439285 0.039884332567453384 0.20362190902233124
v 0.12174827605485916 0.039303507655858994 0.2049957513809204
v 0.12176733464002609 0.03681812807917595 0.20208777487277985
v 0.12993575632572174 0.035893477499485016 0.20273219048976898
v 0.09733320027589798 0.04755305126309395 0.20415788888931274
v 0.0934484452009201 0.04912795498967171 0.20306868851184845
v 0.09345883131027222 0.04604649543762207 0.20144152641296387
v 0.0973556637763977 0.04316367954015732 0.20113354921340942
v 0.10534269362688065 0.04029349982738495 0.2015175223350525
v 0.11352302879095078 0.037443857640028 0.20075075328350067
v 0.12172901630401611 0.04205058887600899 0.20765846967697144
v 0.09732569009065628 0.04915200173854828 0.2049354463815689
v 0.10527749359607697 0.049086928367614746 0.20806924998760223
v 0.0973181426525116 0.050813984125852585 0.20556750893592834
v 0.10528844594955444 0.047441981732845306 0.20724913477897644
v 0.11344006657600403 0.04717771336436272 0.20953086018562317
v 0.041902653872966766 0.05034884437918663 0.10258359462022781
v 0.04284965246915817 0.04578524827957153 0.10110089927911758
v 0.044021934270858765 0.04152415692806244 0.09963378310203552
v 0.04539093002676964 0.03760383650660515 0.09818615764379501
v 0.12585093080997467 0.04168810695409775 0.20806656777858734
v 0.12170961499214172 0.04508925974369049 0.20998166501522064
v 0.11345205456018448 0.04557029902935028 0.2085474133491516
v 0.06625043600797653 0.02151997946202755 0.14055746793746948
v 0.06895469129085541 0.021449070423841476 0.1419300138950348
v 0.0662836953997612 0.02457619272172451 0.15136098861694336
v 0.06626621633768082 0.022913241758942604 0.14599888026714325
v 0.06897735595703125 0.02284569852054119 0.14759992063045502
v 0.07522163540124893 0.021238191053271294 0.14440974593162537
v 0.08222942054271698 0.019769461825489998 0.14004473388195038
v 0.08964716643095016 0.05067030340433121 0.20159341394901276
v 0.08964454382658005 0.05231982469558716 0.20202702283859253
v 0.08593954145908356 0.05215686932206154 0.19972890615463257
v 0.041201893240213394 0.05516104772686958 0.10407799482345581
v 0.040767017751932144 0.060165319591760635 0.105580173432827
v 0.04620777815580368 0.05441754311323166 0.07332912087440491
v 0.047758717089891434 0.05349165201187134 0.06870479136705399
v 0.049445778131484985 0.05276024341583252 0.06415970623493195
v 0.05120459571480751 0.05417877063155174 0.0598255954682827
v 0.05115489661693573 0.056107569485902786 0.06018690764904022
v 0.05509068816900253 0.056131478399038315 0.05169264227151871
v 0.055043965578079224 0.058253370225429535 0.05240907147526741
v 0.059355635195970535 0.05910268798470497 0.04453215375542641
v 0.05932444706559181 0.061314310878515244 0.04565881937742233
v 0.06396946310997009 0.06501103192567825 0.040080804377794266
v 0.06396769732236862 0.06705095618963242 0.041838083416223526
v 0.044810615479946136 0.05553240701556206 0.0780227929353714
v 0.04358543083071709 0.05682719871401787 0.08277590572834015
v 0.0426708348095417 0.05199341103434563 0.09016455709934235
v 0.041778165847063065 0.056135475635528564 0.09358455240726471
v 0.04113480821251869 0.05986454710364342 0.09765340387821198
v 0.04112624004483223 0.060720231384038925 0.09738434851169586
v 0.04111761227250099 0.061615895479917526 0.09729277342557907
v 0.04172377660870552 0.05989203602075577 0.092420794069767
v 0.04255077242851257 0.05828674137592316 0.08757854253053665
v 0.06396594643592834 0.0689396783709526 0.0437561497092247
v 0.06654632836580276 0.06990166753530502 0.04074713960289955
v 0.06655783951282501 0.07167571783065796 0.0429086871445179
v 0.040764614939689636 0.060409002006053925 0.10484125465154648
v 0.04119279980659485 0.055640753358602524 0.10260199755430222
v 0.041883353143930435 0.0510542206466198 0.1003742441534996
v 0.043974827975034714 0.04263920709490776 0.09597627818584442
v 0.04281740263104439 0.04670325666666031 0.09816375374794006
v 0.04277557134628296 0.0480080172419548 0.09530866891145706
v 0.04185831919312477 0.05205514281988144 0.09822690486907959
v 0.06939664483070374 0.07260680198669434 0.040173500776290894
v 0.06942889094352722 0.07579586654901505 0.045020535588264465
v 0.07242424041032791 0.07348337024450302 0.03759823739528656
v 0.07245741039514542 0.07670720666646957 0.042660653591156006
v 0.07561170309782028 0.07430341094732285 0.035182297229766846
v 0.07564017176628113 0.07755986601114273 0.040450677275657654
v 0.07893732935190201 0.0750664547085762 0.03292505815625191
v 0.040761496871709824 0.060753922909498215 0.10412317514419556
v 0.04118099808692932 0.05632052198052406 0.10116756707429886
v 0.08229252696037292 0.034597497433423996 0.18334658443927765
v 0.0822816714644432 0.03128143027424812 0.17769739031791687
v 0.0896899551153183 0.031040268018841743 0.18108926713466644
v 0.09350941330194473 0.03428289294242859 0.1887013167142868
v 0.08967536687850952 0.03632889315485954 0.18991629779338837
v 0.08968031406402588 0.03441036120057106 0.18707290291786194
v 0.08229809999465942 0.03648104891180992 0.18602001667022705
v 0.06918971240520477 0.04287852346897125 0.18212883174419403
v 0.07219385355710983 0.04067730903625488 0.1832667738199234
v 0.07539891451597214 0.03855312243103981 0.18381646275520325
v 0.07877331972122192 0.03652433678507805 0.1838274449110031
v 0.07541391998529434 0.04074076935648918 0.18598809838294983
v 0.07221151143312454 0.0430169478058815 0.18511784076690674
v 0.06920702010393143 0.045355211943387985 0.18360982835292816
v 0.06642594933509827 0.04512617737054825 0.18036161363124847
v 0.06643805652856827 0.047700606286525726 0.18142682313919067
v 0.06515291333198547 0.04499657824635506 0.1786748766899109
v 0.06922443211078644 0.04800176993012428 0.18474961817264557
v 0.07222930341959 0.04555003345012665 0.1866885870695114
v 0.0722472071647644 0.04826670140028 0.18790335953235626
v 0.07544434815645218 0.04571013152599335 0.1895950436592102
v 0.07545970380306244 0.048494718968868256 0.19088438153266907
v 0.06636695563793182 0.034685175865888596 0.17126382887363434
v 0.06634451448917389 0.03153344988822937 0.16664086282253265
v 0.06512071192264557 0.034659553319215775 0.16983608901500702
v 0.07542907446622849 0.04312301427125931 0.18793562054634094
v 0.06398218125104904 0.047354988753795624 0.17793872952461243
v 0.12159209698438644 0.06660788506269455 0.20998166501522064
v 0.11746010929346085 0.06340328603982925 0.21121501922607422
v 0.12161162495613098 0.06326346844434738 0.2118341326713562
v 0.11326001584529877 0.07243215292692184 0.20362190902233124
v 0.1215534433722496 0.07239363342523575 0.2049957513809204
v 0.12164103239774704 0.05775711312890053 0.21337129175662994
v 0.11336773633956909 0.058037169277668 0.21189889311790466
v 0.12165085971355438 0.05584857240319252 0.21347996592521667
v 0.11333155632019043 0.06345673650503159 0.21037869155406952
v 0.11743736267089844 0.06672218441963196 0.2093680053949356
v 0.12157269567251205 0.06964655965566635 0.20765846967697144
v 0.10512435436248779 0.07213348150253296 0.2015175223350525
v 0.06290994584560394 0.03461909666657448 0.16686026751995087
v 0.06399454176425934 0.033006854355335236 0.16621552407741547
v 0.06399284303188324 0.03462325781583786 0.1683681309223175
v 0.06511454284191132 0.033032096922397614 0.16762538254261017
v 0.06902982294559479 0.02648850344121456 0.158674418926239
v 0.06632304191589355 0.028840573504567146 0.16172926127910614
v 0.06630270183086395 0.02653883397579193 0.15661707520484924
v 0.06508565694093704 0.026554131880402565 0.1555393934249878
v 0.08966013789176941 0.04326186329126358 0.19745413959026337
v 0.08593866229057312 0.04326797276735306 0.19534143805503845
v 0.08966527879238129 0.04073154181241989 0.19515582919120789
v 0.09737048298120499 0.04057130962610245 0.19869229197502136
v 0.09348952770233154 0.038337383419275284 0.19440427422523499
v 0.09738516807556152 0.03821955993771553 0.196014866232872
v 0.07883336395025253 0.05018540471792221 0.19419467449188232
v 0.07882779836654663 0.04868783801794052 0.19368894398212433
v 0.08232694864273071 0.04884742572903633 0.19631336629390717
v 0.0788167417049408 0.04583784192800522 0.19232627749443054
v 0.08965497463941574 0.046039652079343796 0.19943994283676147
v 0.08232108503580093 0.045934807509183884 0.1948794275522232
v 0.07880572974681854 0.04319917410612106 0.19058014452457428
v 0.08231525868177414 0.04324714466929436 0.19304943084716797
v 0.07879480719566345 0.04077661409974098 0.18853886425495148
v 0.08230948448181152 0.04078651964664459 0.19091787934303284
v 0.07878400385379791 0.03855738788843155 0.1862703263759613
v 0.08230375498533249 0.038537636399269104 0.18855653703212738
v 0.07883892208337784 0.05172138661146164 0.19456690549850464
v 0.0823298841714859 0.05038157105445862 0.19684718549251556
v 0.0859389528632164 0.046002019196748734 0.19725161790847778
v 0.08964976668357849 0.04906819388270378 0.2010069340467453
v 0.08593925088644028 0.04897422716021538 0.1987539529800415
v 0.10536405444145203 0.037896592170000076 0.1987251192331314
v 0.08593938499689102 0.05054328218102455 0.19931478798389435
v 0.08233282715082169 0.051957231014966965 0.19724076986312866
v 0.08973632752895355 0.0193673986941576 0.1415511816740036
v 0.0822361409664154 0.020937463268637657 0.14654803276062012
v 0.07524164021015167 0.022646037861704826 0.15049506723880768
v 0.07201904058456421 0.024434387683868408 0.15490330755710602
v 0.0721421018242836 0.03471978381276131 0.17657428979873657
v 0.06900250911712646 0.024515097960829735 0.15319032967090607
v 0.06509675830602646 0.02884751185774803 0.16053351759910583
v 0.07210893929004669 0.031495943665504456 0.17151185870170593
v 0.0896703451871872 0.038428500294685364 0.1926240175962448
v 0.05788199603557587 0.026002349331974983 0.14288575947284698
v 0.05587410554289818 0.02708110772073269 0.14050567150115967
v 0.061575546860694885 0.06614446640014648 0.16905193030834198
v 0.05926287919282913 0.06532296538352966 0.16561545431613922
v 0.05929350107908249 0.06338819116353989 0.16715839505195618
v 0.05711743235588074 0.06073305383324623 0.16472704708576202
v 0.055043965578079224 0.058253370225429535 0.16176344454288483
v 0.06154019013047218 0.06970785558223724 0.16531360149383545
v 0.05086421221494675 0.06593500822782516 0.1479894518852234
v 0.047422897070646286 0.06507299840450287 0.14028917253017426
v 0.05481632798910141 0.06718958169221878 0.1552894115447998
v 0.054729774594306946 0.06998395174741745 0.15189464390277863
v 0.05077250674366951 0.0684516429901123 0.14512723684310913
v 0.050684697926044464 0.07064417004585266 0.1420498788356781
v 0.04726837947964668 0.06911617517471313 0.13548707962036133
v 0.04719681292772293 0.07076410949230194 0.13287058472633362
v 0.047343961894512177 0.0672292485833168 0.13797765970230103
v 0.05431327596306801 0.08026453107595444 0.12823224067687988
v 0.06396421790122986 0.07068698853254318 0.1683681309223175
v 0.0652371197938919 0.07432118058204651 0.16532817482948303
v 0.05436676740646362 0.0791746973991394 0.132380872964859
v 0.0544276125729084 0.07786282151937485 0.13647761940956116
v 0.05423124507069588 0.08182170987129211 0.11982831358909607
v 0.054267849773168564 0.0811440497636795 0.12404465675354004
v 0.05880993604660034 0.08424199372529984 0.0925770178437233
v 0.05423124507069588 0.08182170987129211 0.09434420615434647
v 0.05879177153110504 0.08473841100931168 0.09740176796913147
v 0.05420418456196785 0.08230289071798325 0.09858083724975586
v 0.05418165400624275 0.08268722891807556 0.10708626359701157
v 0.05019179359078407 0.0800895020365715 0.10708626359701157
v 0.05024433135986328 0.07928214967250824 0.11792009323835373
v 0.054187413305044174 0.08259118348360062 0.11134214699268341
v 0.05019788816571236 0.07999962568283081 0.11070505529642105
v 0.05420418456196785 0.08230289071798325 0.11559168249368668
v 0.05021565780043602 0.07973040640354156 0.11431825906038284
v 0.05028311163187027 0.07865255326032639 0.1215040534734726
v 0.04712994396686554 0.0721973404288292 0.13016310334205627
v 0.04875112697482109 0.07318553328514099 0.13285712897777557
v 0.04862186312675476 0.07565846294164658 0.12660092115402222
v 0.05449507012963295 0.07631289958953857 0.14050567150115967
v 0.05456840991973877 0.07450349628925323 0.14444205164909363
v 0.05464687943458557 0.07240625470876694 0.1482543647289276
v 0.04852220043540001 0.07737739384174347 0.12017334252595901
v 0.050387922674417496 0.07683155685663223 0.1285870224237442
v 0.05045238509774208 0.07562439888715744 0.13206568360328674
v 0.05052385479211807 0.07420346140861511 0.13548387587070465
v 0.05060155317187309 0.0725511834025383 0.13882140815258026
v 0.08237369358539581 0.07183154672384262 0.18855653703212738
v 0.07890530675649643 0.06894966214895248 0.18853886425495148
v 0.07889438420534134 0.0665271133184433 0.19058014452457428
v 0.07555211335420609 0.0658813938498497 0.18793562054634094
v 0.07553683966398239 0.06329428404569626 0.1895950436592102
v 0.07235483080148697 0.06518620252609253 0.18511784076690674
v 0.08594211935997009 0.07641788572072983 0.1852881908416748
v 0.07233703881502151 0.06265312433242798 0.1866885870695114
v 0.06932912766933441 0.06444233655929565 0.18212883174419403
v 0.06931182742118835 0.06196565553545952 0.18360982835292816
v 0.0665108859539032 0.0636526346206665 0.17897064983844757
v 0.06649884581565857 0.061234716325998306 0.18036161363124847
v 0.06397125869989395 0.06281326711177826 0.17564527690410614
v 0.063973069190979 0.06045612320303917 0.17694684863090515
v 0.05932444706559181 0.061314310878515244 0.1685137152671814
v 0.059355635195970535 0.05910268798470497 0.16964037716388702
v 0.08958867192268372 0.08037351816892624 0.18108926713466644
v 0.06396769732236862 0.06705095618963242 0.1723344326019287
v 0.07549059391021729 0.0545022077858448 0.19199848175048828
v 0.07230117172002792 0.0570637546479702 0.18867938220500946
v 0.07228317111730576 0.054101575165987015 0.1889476776123047
v 0.06927693635225296 0.05652998387813568 0.18547433614730835
v 0.06925942748785019 0.05366043373942375 0.1857241839170456
v 0.06647457182407379 0.055956270545721054 0.18210092186927795
v 0.06646239012479782 0.05318044498562813 0.1823325753211975
v 0.0639767050743103 0.055337075144052505 0.17856337130069733
v 0.06397853046655655 0.05265512317419052 0.17877741158008575
v 0.05941849574446678 0.054343920201063156 0.17102199792861938
v 0.059450048953294754 0.05186716467142105 0.17120283842086792
v 0.05518459156155586 0.051697004586458206 0.16307353973388672
v 0.06396946310997009 0.06501103192567825 0.17409171164035797
v 0.06652282178401947 0.06589997559785843 0.17731738090515137
v 0.06396085023880005 0.07379909604787827 0.16397716104984283
v 0.09717698395252228 0.07798273861408234 0.19017401337623596
v 0.06934629380702972 0.06673705577850342 0.18037614226341248
v 0.08238492161035538 0.07577168941497803 0.18334658443927765
v 0.07891611754894257 0.07116889208555222 0.1862703263759613
v 0.07556726783514023 0.06826364248991013 0.18598809838294983
v 0.07237248867750168 0.06752584129571915 0.1832667738199234
v 0.047844357788562775 0.050236135721206665 0.145088791847229
v 0.046281278133392334 0.051508985459804535 0.14051459729671478
v 0.0479293130338192 0.04715427756309509 0.14399582147598267
v 0.04963424429297447 0.04579736292362213 0.14834754168987274
v 0.04972662031650543 0.0427512489259243 0.14648281037807465
v 0.05154973641037941 0.041392210870981216 0.15053515136241913
v 0.04620777815580368 0.05441754311323166 0.14084340631961823
v 0.041100408881902695 0.06336725503206253 0.11651912331581116
v 0.04110897704958916 0.06251156330108643 0.11678817123174667
v 0.041705451905727386 0.06122138723731041 0.12161396443843842
v 0.04172377660870552 0.05989203602075577 0.12175172567367554
v 0.04255077242851257 0.05828674137592316 0.12659399211406708
v 0.04258138686418533 0.056536901742219925 0.12640957534313202
v 0.04363014176487923 0.054672762751579285 0.13116492331027985
v 0.04367450624704361 0.052621178328990936 0.13048861920833588
v 0.04492903873324394 0.05057533085346222 0.13505609333515167
v 0.04498708248138428 0.0483815036714077 0.13381251692771912
v 0.04642598703503609 0.046249084174633026 0.13811123371124268
v 0.044810615479946136 0.05553240701556206 0.13614971935749054
v 0.044751182198524475 0.05807360261678696 0.13586995005607605
v 0.04354071617126465 0.05898163095116615 0.13116492331027985
v 0.04613427445292473 0.05732610076665878 0.14051459729671478
v 0.047758717089891434 0.05349165201187134 0.14546772837638855
v 0.049540381878614426 0.0491788424551487 0.14958249032497406
v 0.05145258083939552 0.04467666149139404 0.1526067852973938
v 0.05346704646945 0.040285877883434296 0.1544848531484604
v 0.04165191575884819 0.06468120962381363 0.11981257796287537
v 0.04166937991976738 0.06364859640598297 0.12058796733617783
v 0.042459890246391296 0.06322599947452545 0.12504063546657562
v 0.042489781975746155 0.06170516088604927 0.12586979568004608
v 0.04349636659026146 0.0610332153737545 0.13048861920833588
v 0.04074021056294441 0.06431307643651962 0.11180783063173294
v 0.04701293632388115 0.07448852807283401 0.12456304579973221
v 0.04556761682033539 0.07332411408424377 0.12247913330793381
v 0.045668043196201324 0.07124155014753342 0.12740929424762726
v 0.04437415301799774 0.07031848281621933 0.12460316717624664
v 0.045725446194410324 0.06994172930717468 0.1297920048236847
v 0.04447024315595627 0.06784848123788834 0.1286376714706421
v 0.04578687995672226 0.0684497132897377 0.13209372758865356
v 0.044522710144519806 0.06634332239627838 0.13052232563495636
v 0.04692273586988449 0.07608581334352493 0.11880756914615631
v 0.04544034227728844 0.07564794272184372 0.11226561665534973
v 0.04686467722058296 0.07703612744808197 0.11296620965003967
v 0.04684937745332718 0.07727432250976562 0.11002857238054276
v 0.04845806583762169 0.07839754968881607 0.11365107446908951
v 0.040744755417108536 0.06342978030443192 0.11198795586824417
v 0.04111761227250099 0.061615895479917526 0.11687974631786346
v 0.04112624004483223 0.060720231384038925 0.11678817123174667
v 0.04174209386110306 0.05856268107891083 0.12161396443843842
v 0.04176028445363045 0.05729369446635246 0.12120986729860306
v 0.04261176288127899 0.05486832186579704 0.12586979568004608
v 0.04264165461063385 0.05334748700261116 0.12504063546657562
v 0.04371816664934158 0.05075441673398018 0.12945224344730377
v 0.04469219967722893 0.060489483177661896 0.13505609333515167
v 0.04345269501209259 0.06289998441934586 0.12945224344730377
v 0.04598956182599068 0.06258600205183029 0.13811123371124268
v 0.0459195077419281 0.06479950994253159 0.13631395995616913
v 0.044577497988939285 0.06462975591421127 0.13226866722106934
v 0.041687268763780594 0.062490373849868774 0.12120986729860306
v 0.042520154267549515 0.06003658473491669 0.12640957534313202
v 0.04358543083071709 0.05682719871401787 0.1313966065645218
v 0.04750450700521469 0.06261363625526428 0.1423380821943283
v 0.04487006366252899 0.05299121141433716 0.13586995005607605
v 0.04635420814156532 0.04874928295612335 0.13956190645694733
v 0.04801293835043907 0.044369667768478394 0.1423380821943283
v 0.049445778131484985 0.05276024341583252 0.1500128209590912
v 0.04758812487125397 0.05982902646064758 0.14399582147598267
v 0.0503312349319458 0.07783785462379456 0.1250627189874649
v 0.04767308756709099 0.05674716830253601 0.145088791847229
v 0.0433688722550869 0.06602273881435394 0.1267039030790329
v 0.04332941398024559 0.06731017678976059 0.1251278817653656
v 0.042375463992357254 0.0668296068906784 0.12157329171895981
v 0.042430706322193146 0.06458007544279099 0.12400797009468079
v 0.04606133699417114 0.060085806995630264 0.13956190645694733
v 0.044634152203798294 0.06268331408500671 0.13381251692771912
v 0.04341008514165878 0.06455937027931213 0.12816333770751953
v 0.06653464585542679 0.06798016279935837 0.17545393109321594
v 0.06936328858137131 0.06885533779859543 0.17840775847434998
v 0.05327114090323448 0.04769841954112053 0.15828809142112732
v 0.051304176449775696 0.05026385560631752 0.15434692800045013
v 0.08964193612337112 0.054004330188035965 0.20229339599609375
v 0.08233872801065445 0.05518459156155586 0.19756385684013367
v 0.08233577758073807 0.053563136607408524 0.19748206436634064
v 0.07885006070137024 0.05486314371228218 0.19487206637859344
v 0.07884448021650314 0.0532851442694664 0.19479486346244812
v 0.07547513395547867 0.051449067890644073 0.1917116791009903
v 0.07226517051458359 0.05113939940929413 0.18867938220500946
v 0.06924191862344742 0.050790879875421524 0.18547433614730835
v 0.06645021587610245 0.0504046194255352 0.18210092186927795
v 0.0553252175450325 0.04514063522219658 0.16176344454288483
v 0.057443756610155106 0.042665813118219376 0.16472704708576202
v 0.055463362485170364 0.03942554071545601 0.15832164883613586
v 0.05336987227201462 0.043785613030195236 0.15676331520080566
v 0.057523734867572784 0.03880423307418823 0.162035271525383
v 0.05537165701389313 0.04311760887503624 0.1608068197965622
v 0.05332064628601074 0.04569751396775246 0.15763653814792633
v 0.05135387182235718 0.048335056751966476 0.1539856195449829
v 0.06183118373155594 0.034670282155275345 0.16531360149383545
v 0.06186537817120552 0.031609226018190384 0.16116195917129517
v 0.06398036330938339 0.049973174929618835 0.17856337130069733
v 0.05948161333799362 0.04939040541648865 0.17102199792861938
v 0.04284965246915817 0.04578524827957153 0.11307162791490555
v 0.0428704135119915 0.04523484781384468 0.11008913069963455
v 0.044021934270858765 0.04152415692806244 0.11453873664140701
v 0.04405224323272705 0.04085667431354523 0.11082510650157928
v 0.04539093002676964 0.03760383650660515 0.11598636209964752
v 0.045431219041347504 0.03683018684387207 0.11155126243829727
v 0.0469253771007061 0.03405521810054779 0.11741060763597488
v 0.046975210309028625 0.0331871435046196 0.11226561665534973
v 0.04191507399082184 0.04992536082863808 0.10934529453516006
v 0.048594702035188675 0.03089749626815319 0.11880756914615631
v 0.04850449040532112 0.03249477967619896 0.12456304579973221
v 0.04684794321656227 0.03551097214221954 0.12247913330793381
v 0.04532831534743309 0.03889859467744827 0.12035495042800903
v 0.043974827975034714 0.04263920709490776 0.11819624155759811
v 0.048652760684490204 0.029947176575660706 0.11296620965003967
v 0.041902653872966766 0.05034884437918663 0.11158892512321472
v 0.041201893240213394 0.05516104772686958 0.11009453237056732
v 0.04120774567127228 0.054872725158929825 0.10859556496143341
v 0.06080695241689682 0.031748395413160324 0.15970002114772797
v 0.06085195764899254 0.029141338542103767 0.15539701282978058
v 0.05981108173727989 0.02937067672610283 0.15402893722057343
v 0.05390234291553497 0.028490575030446053 0.1380358785390854
v 0.048320624977350235 0.03621919825673103 0.13287058472633362
v 0.05006654933094978 0.0338856466114521 0.1358831375837326
v 0.0466286763548851 0.04038538038730621 0.13209372758865356
v 0.04824905842542648 0.03786712884902954 0.13548707962036133
v 0.049987487494945526 0.0356718972325325 0.13880878686904907
v 0.051907218992710114 0.03189145028591156 0.13882140815258026
v 0.05182407423853874 0.0337984636425972 0.1420498788356781
v 0.05382462218403816 0.03022897057235241 0.141677126288414
v 0.053741455078125 0.032239530235528946 0.14520138502120972
v 0.055800773203372955 0.02889050915837288 0.14444205164909363
v 0.05572229623794556 0.030987752601504326 0.1482543647289276
v 0.05781802907586098 0.027868064120411873 0.14710792899131775
v 0.05774958059191704 0.030035462230443954 0.15119987726211548
v 0.059863775968551636 0.02714904211461544 0.14966650307178497
v 0.04281740263104439 0.04670325666666031 0.11600876599550247
v 0.041883353143930435 0.0510542206466198 0.11379827558994293
v 0.041778165847063065 0.056135475635528564 0.12058796733617783
v 0.04179563745856285 0.055102862417697906 0.11981257796287537
v 0.041151463985443115 0.05838489159941673 0.11558714509010315
v 0.04116704314947128 0.057221733033657074 0.1143656075000763
v 0.040757808834314346 0.061210598796606064 0.11073040962219238
v 0.0451509915292263 0.04321632534265518 0.1286376714706421
v 0.04384145140647888 0.04634421318769455 0.1251278817653656
v 0.04277557134628296 0.0480080172419548 0.11886385828256607
v 0.04113480821251869 0.05986454710364342 0.11651912331581116
v 0.04075369983911514 0.06179910525679588 0.11134170740842819
v 0.0823957771062851 0.0790877565741539 0.17769739031791687
v 0.07893732935190201 0.0750664547085762 0.18124745786190033
v 0.07558227330446243 0.0704512968659401 0.18381646275520325
v 0.07238996028900146 0.0696798712015152 0.1811954379081726
v 0.04074930399656296 0.06254648417234421 0.11180783063173294
v 0.048387493938207626 0.03478596732020378 0.13016310334205627
v 0.04674750193953514 0.0375935398042202 0.12740929424762726
v 0.045247092843055725 0.040746331214904785 0.12460316717624664
v 0.043913740664720535 0.04422704130411148 0.12175220251083374
v 0.04380199313163757 0.04763165861368179 0.08746862411499023
v 0.0451509915292263 0.04321632534265518 0.08553484827280045
v 0.05077250674366951 0.0684516429901123 0.0690452829003334
v 0.05464687943458557 0.07240625470876694 0.06591814756393433
v 0.054729774594306946 0.06998395174741745 0.06227787956595421
v 0.040720388293266296 0.06689029186964035 0.10708626359701157
v 0.04072093591094017 0.06684084236621857 0.10633063316345215
v 0.04102747142314911 0.06835906952619553 0.10557696223258972
v 0.04103332385420799 0.06807074695825577 0.10407799482345581
v 0.050684697926044464 0.07064417004585266 0.07212265580892563
v 0.041544895619153976 0.0694352313876152 0.10258359462022781
v 0.041564200073480606 0.06872985512018204 0.1003742441534996
v 0.04228413850069046 0.069870226085186 0.09816375374794006
v 0.04232597351074219 0.0685654729604721 0.09530866891145706
v 0.04325712472200394 0.06942735612392426 0.09242032468318939
v 0.04332941398024559 0.06731017678976059 0.08904464542865753
v 0.042375463992357254 0.0668296068906784 0.09259922802448273
v 0.04161885753273964 0.06639982014894485 0.09618963301181793
v 0.04158923029899597 0.0677289217710495 0.09822690486907959
v 0.041054219007492065 0.06691127270460129 0.10116756707429886
v 0.04104241728782654 0.06759104132652283 0.10260199755430222
v 0.047343961894512177 0.0672292485833168 0.0761948674917221
v 0.044522710144519806 0.06634332239627838 0.08365019410848618
v 0.04726837947964668 0.06911617517471313 0.07868543267250061
v 0.06658027321100235 0.07482744008302689 0.04753166064620018
v 0.06656916439533234 0.07331395149230957 0.04517659544944763
v 0.06396421790122986 0.07068698853254318 0.04580439254641533
v 0.04447024315595627 0.06784848123788834 0.08553484827280045
v 0.05695939436554909 0.06795111298561096 0.05540827661752701
v 0.044577497988939285 0.06462975591421127 0.0819038525223732
v 0.04341008514165878 0.06455937027931213 0.086009182035923
v 0.0433688722550869 0.06602273881435394 0.08746862411499023
v 0.0424024872481823 0.06577599793672562 0.09133481979370117
v 0.047422897070646286 0.06507299840450287 0.07388333976268768
v 0.04750450700521469 0.06261363625526428 0.07183444499969482
v 0.04598956182599068 0.06258600205183029 0.07606130093336105
v 0.044634152203798294 0.06268331408500671 0.08035999536514282
v 0.04345269501209259 0.06289998441934586 0.08472027629613876
v 0.042430706322193146 0.06458007544279099 0.09016455709934235
v 0.05086421221494675 0.06593500822782516 0.06618307530879974
v 0.042459890246391296 0.06322599947452545 0.08913188427686691
v 0.04165191575884819 0.06468120962381363 0.09435994923114777
v 0.04166937991976738 0.06364859640598297 0.09358455240726471
v 0.041083745658397675 0.06484691053628922 0.09858537465333939
v 0.041091978549957275 0.06414909660816193 0.09806802123785019
v 0.050959035754203796 0.06305041909217834 0.06363736838102341
v 0.05481632798910141 0.06718958169221878 0.058883119374513626
v 0.041068173944950104 0.06601006537675858 0.09980691224336624
v 0.04072248563170433 0.0666942372918129 0.105580173432827
v 0.04072488844394684 0.0664505586028099 0.10484125465154648
v 0.04072800278663635 0.06610563397407532 0.10412317514419556
v 0.04073168709874153 0.06564896553754807 0.10344211012125015
v 0.04073580726981163 0.06506045907735825 0.10283081233501434
v 0.05903632193803787 0.07658528536558151 0.06450603157281876
v 0.06938008964061737 0.07080765813589096 0.037901636213064194
v 0.07240722328424454 0.07166092842817307 0.035219524055719376
v 0.06936328858137131 0.06885533779859543 0.03576476499438286
v 0.06653464585542679 0.06798016279935837 0.03871859982609749
v 0.06652282178401947 0.06589997559785843 0.03685514256358147
v 0.06397125869989395 0.06281326711177826 0.03852725401520729
v 0.05024433135986328 0.07928214967250824 0.0962524265050888
v 0.05021565780043602 0.07973040640354156 0.09985426813364029
v 0.0588650107383728 0.08262772858142853 0.08300294727087021
v 0.05449507012963295 0.07631289958953857 0.07366684824228287
v 0.058941785246133804 0.0801205039024353 0.07360149174928665
v 0.0589870810508728 0.07849320769309998 0.06900381296873093
v 0.08237369358539581 0.07183154672384262 0.025615975260734558
v 0.08236797153949738 0.06958266347646713 0.0232546404004097
v 0.07891611754894257 0.07116889208555222 0.027902184054255486
v 0.07556726783514023 0.06826364248991013 0.028184426948428154
v 0.07558227330446243 0.0704512968659401 0.03035605698823929
v 0.08963146805763245 0.06074348837137222 0.012579109519720078
v 0.08594027161598206 0.060389116406440735 0.014857735484838486
v 0.08594012260437012 0.05877552926540375 0.014443611726164818
v 0.08234462141990662 0.05841195210814476 0.01693175546824932
v 0.08233872801065445 0.05518459156155586 0.016608674079179764
v 0.08234167098999023 0.0568060465157032 0.01669045351445675
v 0.08963669836521149 0.05740945786237717 0.011879128403961658
v 0.06395173817873001 0.08070407807826996 0.06475932896137238
v 0.06396085023880005 0.07379909604787827 0.050195347517728806
v 0.06396251916885376 0.0723033994436264 0.047957003116607666
v 0.05456840991973877 0.07450349628925323 0.06973046809434891
v 0.05060155317187309 0.0725511834025383 0.07535111904144287
v 0.05883451923727989 0.08354077488183975 0.08777434378862381
v 0.05431327596306801 0.08026453107595444 0.08594027161598206
v 0.054267849773168564 0.0811440497636795 0.0901278704404831
v 0.0503312349319458 0.07783785462379456 0.08910981565713882
v 0.05028311163187027 0.07865255326032639 0.09266846626996994
v 0.045422714203596115 0.07593879848718643 0.10708626359701157
v 0.04684413596987724 0.07735399156808853 0.10708626359701157
v 0.04686467722058296 0.07703612744808197 0.10120631009340286
v 0.04845806583762169 0.07839754968881607 0.10052144527435303
v 0.04852220043540001 0.07737739384174347 0.09399916976690292
v 0.045668043196201324 0.07124155014753342 0.08676322549581528
v 0.04706842824816704 0.0734342560172081 0.08678420633077621
v 0.04712994396686554 0.0721973404288292 0.08400940895080566
v 0.05045238509774208 0.07562439888715744 0.08210683614015579
v 0.05052385479211807 0.07420346140861511 0.07868865132331848
v 0.0544276125729084 0.07786282151937485 0.07769490778446198
v 0.07549059391021729 0.0545022077858448 0.022174034267663956
v 0.07884448021650314 0.0532851442694664 0.01937764883041382
v 0.07547513395547867 0.051449067890644073 0.022460846230387688
v 0.07226517051458359 0.05113939940929413 0.025493143126368523
v 0.0722472071647644 0.04826670140028 0.026269158348441124
v 0.06922443211078644 0.04800176993012428 0.029422907158732414
v 0.06920702010393143 0.045355211943387985 0.03056270070374012
v 0.06642594933509827 0.04512617737054825 0.03381091356277466
v 0.07885006070137024 0.05486314371228218 0.01930045336484909
v 0.09727279841899872 0.06129852682352066 0.008605011738836765
v 0.08963408321142197 0.05909396708011627 0.012145500630140305
v 0.07886119186878204 0.058004893362522125 0.019605614244937897
v 0.0755060538649559 0.05755534768104553 0.022460846230387688
v 0.06643805652856827 0.047700606286525726 0.032745689153671265
v 0.08230375498533249 0.038537636399269104 0.025615975260734558
v 0.07228317111730576 0.054101575165987015 0.025224847719073296
v 0.06924191862344742 0.050790879875421524 0.02869817428290844
v 0.07878400385379791 0.03855738788843155 0.027902184054255486
v 0.06639014929533005 0.03838073089718819 0.03871859982609749
v 0.06513337045907974 0.03832574561238289 0.04025766998529434
v 0.06398580968379974 0.04249697923660278 0.03852725401520729
v 0.06398399919271469 0.04485412314534187 0.037225671112537384
v 0.06514634191989899 0.0426088348031044 0.03684380650520325
v 0.06515291333198547 0.04499657824635506 0.035497650504112244
v 0.06641391664743423 0.04270825907588005 0.03520188480615616
v 0.08967536687850952 0.03632889315485954 0.024256234988570213
v 0.08968031406402588 0.03441036120057106 0.027099618688225746
v 0.08229252696037292 0.034597497433423996 0.030825944617390633
v 0.0822816714644432 0.03128143027424812 0.03647512197494507
v 0.07876279205083847 0.03465982526540756 0.03292505815625191
v 0.07874227315187454 0.03137270361185074 0.03838927671313286
v 0.0896703451871872 0.038428500294685364 0.021548500284552574
v 0.08229809999465942 0.03648104891180992 0.02815251238644123
v 0.07877331972122192 0.03652433678507805 0.030345071107149124
v 0.06917253881692886 0.040583811700344086 0.03379638120532036
v 0.07221151143312454 0.0430169478058815 0.029054688289761543
v 0.0721421018242836 0.03471978381276131 0.03759823739528656
v 0.07215911149978638 0.036542221903800964 0.035219524055719376
v 0.07538408786058426 0.036545198410749435 0.03270070627331734
v 0.07539891451597214 0.03855312243103981 0.03035605698823929
v 0.07544434815645218 0.04571013152599335 0.024577485397458076
v 0.07883336395025253 0.05018540471792221 0.01997784525156021
v 0.07545970380306244 0.048494718968868256 0.023288147523999214
v 0.08233282715082169 0.051957231014966965 0.01693175546824932
v 0.09734071046113968 0.04602119326591492 0.010919044725596905
v 0.09345883131027222 0.04604649543762207 0.012731003575026989
v 0.11349958926439285 0.039884332567453384 0.010550613515079021
v 0.11347591876983643 0.04258320853114128 0.007920639589428902
v 0.10534269362688065 0.04029349982738495 0.012654991820454597
v 0.10532111674547195 0.04294159263372421 0.010100997984409332
v 0.09737048298120499 0.04057130962610245 0.015480240806937218
v 0.0973556637763977 0.04316367954015732 0.013038971461355686
v 0.09350941330194473 0.03428289294242859 0.025471201166510582
v 0.09348952770233154 0.038337383419275284 0.0197682436555624
v 0.09739965945482254 0.036080747842788696 0.021011024713516235
v 0.10536405444145203 0.037896592170000076 0.01544740330427885
v 0.09738516807556152 0.03821955993771553 0.01815764792263508
v 0.11345205456018448 0.04557029902935028 0.005625106859952211
v 0.10529937595129013 0.045868754386901855 0.007875527255237103
v 0.09728791564702988 0.057830244302749634 0.00784856453537941
v 0.0896393209695816 0.05570689216256142 0.011788719333708286
v 0.08233577758073807 0.053563136607408524 0.01669045351445675
v 0.11334360390901566 0.06170441582798958 0.0031028292141854763
v 0.10520052909851074 0.0616275854408741 0.0054354481399059296
v 0.10521151125431061 0.05985851213335991 0.004939888138324022
v 0.0972803458571434 0.05958396941423416 0.008136681281030178
v 0.07883892208337784 0.05172138661146164 0.019605614244937897
v 0.11352302879095078 0.037443857640028 0.013421769253909588
v 0.11354618519544601 0.03522946685552597 0.016470467671751976
v 0.10538516193628311 0.03572024405002594 0.01841604709625244
v 0.10540596395730972 0.03373722732067108 0.021517762914299965
v 0.09741394966840744 0.03412976488471031 0.023998498916625977
v 0.09744179993867874 0.030708005651831627 0.03026438318192959
v 0.11373405903577805 0.022014407441020012 0.04751843214035034
v 0.11369638890028 0.02416479028761387 0.0403057336807251
v 0.08959830552339554 0.07700342684984207 0.027099618688225746
v 0.050369344651699066 0.028143102303147316 0.09399916976690292
v 0.050269681960344315 0.029862025752663612 0.08757159858942032
v 0.06202993541955948 0.020600613206624985 0.08163346350193024
v 0.06204788759350777 0.019681274890899658 0.08667747676372528
v 0.06006558984518051 0.02019355446100235 0.08777434378862381
v 0.11286452412605286 0.09763038903474808 0.10708626359701157
v 0.041083745658397675 0.06484691053628922 0.11558714509010315
v 0.07887230813503265 0.06103844195604324 0.19368894398212433
v 0.08235049992799759 0.061521757394075394 0.19631336629390717
v 0.08235637098550797 0.06443437188863754 0.1948794275522232
v 0.07886119186878204 0.058004893362522125 0.19456690549850464
v 0.21498426795005798 0.04866278916597366 0.13050097227096558
v 0.21247568726539612 0.043417856097221375 0.13786083459854126
v 0.2150159478187561 0.04760205000638962 0.12837707996368408
v 0.04116704314947128 0.057221733033657074 0.09980691224336624
v 0.0662836953997612 0.02457619272172451 0.06281153857707977
v 0.06900250911712646 0.024515097960829735 0.06098219007253647
v 0.06897735595703125 0.02284569852054119 0.06657259911298752
v 0.05890093743801117 0.0814923495054245 0.07827398926019669
v 0.04719681292772293 0.07076410949230194 0.08130193501710892
v 0.07581302523612976 0.0910390242934227 0.09456125646829605
v 0.21273209154605865 0.03785627707839012 0.11985334753990173
v 0.2172592580318451 0.06996694952249527 0.11205503344535828
v 0.045725446194410324 0.06994172930717468 0.08438052982091904
v 0.04442057013511658 0.06916756927967072 0.0875168964266777
v 0.04437415301799774 0.07031848281621933 0.0895693451166153
v 0.07526382803916931 0.024331778287887573 0.057670533657073975
v 0.07528795301914215 0.026328470557928085 0.05176855996251106
v 0.0753137618303299 0.028679853305220604 0.04600954428315163
v 0.0822712779045105 0.02847367525100708 0.04240958020091057
v 0.06912219524383545 0.03471406549215317 0.040173500776290894
v 0.051254384219646454 0.05222131684422493 0.0597037710249424
v 0.10555638372898102 0.022728029638528824 0.04874956235289574
v 0.21241962909698486 0.04505708068609238 0.14049756526947021
v 0.2024001032114029 0.04626527801156044 0.16951969265937805
v 0.20246735215187073 0.04410498961806297 0.16856400668621063
v 0.20479816198349 0.04556858167052269 0.1644248068332672
v 0.20141799747943878 0.0750490054488182 0.15475571155548096
v 0.20818054676055908 0.07307331264019012 0.14491470158100128
v 0.20620715618133545 0.07155999541282654 0.1518489271402359
v 0.20826204121112823 0.07105983048677444 0.1481640338897705
v 0.20630595088005066 0.0689888671040535 0.1551026552915573
v 0.2083471417427063 0.0686991959810257 0.15114305913448334
v 0.12582407891750336 0.04811709746718407 0.2122323215007782
v 0.14111724495887756 0.03506946563720703 0.20513765513896942
v 0.14118103682994843 0.03800416365265846 0.20765945315361023
v 0.1379013955593109 0.039507605135440826 0.2080795168876648
v 0.19879747927188873 0.07566329836845398 0.1578008532524109
v 0.13580496609210968 0.020390238612890244 0.17555737495422363
v 0.13767486810684204 0.019525598734617233 0.17555582523345947
v 0.13771629333496094 0.022307811304926872 0.18276482820510864
v 0.14679886400699615 0.02232927642762661 0.19198517501354218
v 0.1469375491142273 0.024513261392712593 0.1951598972082138
v 0.14503082633018494 0.025197060778737068 0.19550201296806335
v 0.1465296447277069 0.0184476301074028 0.18533354997634888
v 0.14639969170093536 0.01672275923192501 0.1818915158510208
v 0.1489180475473404 0.016072552651166916 0.18159504234790802
v 0.14627325534820557 0.015126491896808147 0.1783892810344696
v 0.1461505889892578 0.013649754226207733 0.17483600974082947
v 0.14869119226932526 0.0129663972184062 0.17458006739616394
v 0.14514370262622833 0.014042721129953861 0.17494811117649078
v 0.16365399956703186 0.04610466584563255 0.2062329649925232
v 0.16365119814872742 0.04796309396624565 0.20630742609500885
v 0.15867725014686584 0.048283353447914124 0.20817294716835022
v 0.17298585176467896 0.026197263970971107 0.19115367531776428
v 0.17304179072380066 0.023833053186535835 0.18848323822021484
v 0.17723096907138824 0.0246377382427454 0.18641576170921326
v 0.14666280150413513 0.020312348380684853 0.18870297074317932
v 0.14915762841701508 0.019698981195688248 0.18836019933223724
v 0.2115587592124939 0.07602058351039886 0.12610341608524323
v 0.2115999311208725 0.07520350813865662 0.12916195392608643
v 0.17154838144779205 0.08966517448425293 0.14974848926067352
v 0.12566597759723663 0.08273539692163467 0.18941518664360046
v 0.12988148629665375 0.08256984502077103 0.18966613709926605
v 0.12987537682056427 0.08569362759590149 0.18262654542922974
v 0.12989120185375214 0.07676999270915985 0.19964835047721863
v 0.12989452481269836 0.07446254789829254 0.20273219048976898
v 0.13404437899589539 0.07401422411203384 0.20279262959957123
v 0.13605093955993652 0.061682894825935364 0.21223655343055725
v 0.13400611281394958 0.06209411099553108 0.21235108375549316
v 0.1340012550354004 0.060288671404123306 0.2130267322063446
v 0.15327753126621246 0.05069411173462868 0.2096906453371048
v 0.15332935750484467 0.052601344883441925 0.20944136381149292
v 0.14825567603111267 0.05353948473930359 0.21076403558254242
v 0.17568354308605194 0.08239050954580307 0.1685786247253418
v 0.1794194132089615 0.08184120804071426 0.16685792803764343
v 0.1792900413274765 0.08436181396245956 0.1605721414089203
v 0.16777166724205017 0.08344794809818268 0.17146071791648865
v 0.17180226743221283 0.08292309194803238 0.17011579871177673
v 0.17170992493629456 0.0855594053864479 0.16346488893032074
v 0.16357770562171936 0.08398663252592087 0.17260469496250153
v 0.1635870635509491 0.08083635568618774 0.17934957146644592
v 0.1758068948984146 0.07935851067304611 0.17485013604164124
v 0.17955784499645233 0.07888193428516388 0.17293806374073029
v 0.16364558041095734 0.05166837200522423 0.20601153373718262
v 0.1682601273059845 0.047836221754550934 0.20417852699756622
v 0.17628560960292816 0.06415212899446487 0.19357013702392578
v 0.17621390521526337 0.06684961169958115 0.19139476120471954
v 0.17222709953784943 0.06709153205156326 0.19364090263843536
v 0.21731890738010406 0.06639862805604935 0.1210077702999115
v 0.21730047464370728 0.06779308617115021 0.11905337125062943
v 0.07536947727203369 0.03470100834965706 0.035182297229766846
v 0.21666225790977478 0.0628160908818245 0.12788797914981842
v 0.21664470434188843 0.06426861882209778 0.12738704681396484
v 0.08953015506267548 0.09422016143798828 0.0932510569691658
v 0.0969800353050232 0.09546558558940887 0.09275459498167038
v 0.10477446019649506 0.09646385908126831 0.09235624969005585
v 0.11287608742713928 0.0972021147608757 0.09205026179552078
v 0.08246171474456787 0.09274039417505264 0.09385135769844055
v 0.10502055287361145 0.08216462284326553 0.02800792083144188
v 0.10104950517416 0.08181942999362946 0.029066521674394608
v 0.09714913368225098 0.08140449970960617 0.03026438318192959
v 0.10476391017436981 0.09688250720500946 0.10708626359701157
v 0.09697279334068298 0.09587492048740387 0.10708626359701157
v 0.08952764421701431 0.09462117403745651 0.10708626359701157
v 0.0824645385146141 0.09313476830720901 0.10708626359701157
v 0.0758204311132431 0.09142924100160599 0.10708626359701157
v 0.0696331262588501 0.08951817452907562 0.10708626359701157
v 0.21266517043113708 0.0390462763607502 0.12610341608524323
v 0.21262399852275848 0.03986334428191185 0.12916195392608643
v 0.21504557132720947 0.0467061772942543 0.12616491317749023
v 0.21469159424304962 0.06377167999744415 0.13714373111724854
v 0.21674928069114685 0.05588763207197189 0.12549695372581482
v 0.2167324274778366 0.05704473331570625 0.126563161611557
v 0.21671515703201294 0.05836855620145798 0.12738704681396484
v 0.2125287801027298 0.04202581197023392 0.13506604731082916
v 0.21257838606834412 0.04084959626197815 0.13215653598308563
v 0.21669761836528778 0.05982108786702156 0.12788797914981842
v 0.21662744879722595 0.0655924454331398 0.08760937303304672
v 0.21728397905826569 0.06879791617393494 0.09733331948518753
v 0.21730047464370728 0.06779308617115021 0.09511914849281311
v 0.21727003157138824 0.06950260698795319 0.09968621283769608
v 0.2172592580318451 0.06996694952249527 0.10211748629808426
v 0.21724990010261536 0.07031355798244476 0.10708626359701157
v 0.21504557132720947 0.0467061772942543 0.0880076065659523
v 0.04549017921090126 0.07477987557649612 0.11741060763597488
v 0.06895469129085541 0.021449070423841476 0.07224250584840775
v 0.06891782581806183 0.01938461884856224 0.08374714851379395
v 0.06625043600797653 0.02151997946202755 0.07361505180597305
v 0.06622481346130371 0.019456567242741585 0.08466236293315887
v 0.06401239335536957 0.02040851302444935 0.0803365558385849
v 0.06401415914297104 0.019489167258143425 0.08563906699419022
v 0.06302452832460403 0.020465707406401634 0.08097563683986664
v 0.07518909871578217 0.01916165091097355 0.08209572732448578
v 0.06401031464338303 0.021555988118052483 0.07507851719856262
v 0.06301234662532806 0.021613044664263725 0.0758446604013443
v 0.061997123062610626 0.022407883778214455 0.07415363192558289
v 0.062008801847696304 0.021745912730693817 0.07663309574127197
v 0.059999167919158936 0.022241979837417603 0.07827398926019669
v 0.060035087168216705 0.021106604486703873 0.08300294727087021
v 0.0580405630171299 0.02194327674806118 0.08444015681743622
v 0.05808017775416374 0.021043313667178154 0.08892577886581421
v 0.05610133334994316 0.022249964997172356 0.0901278704404831
v 0.05613793805241585 0.02157229743897915 0.09434420615434647
v 0.05537165701389313 0.04311760887503624 0.05336570739746094
v 0.07522163540124893 0.021238191053271294 0.06976277381181717
v 0.0822361409664154 0.020937463268637657 0.06762450188398361
v 0.08222942054271698 0.019769461825489998 0.07412779331207275
v 0.059958312660455704 0.0236138217151165 0.07360149174928665
v 0.06198476254940033 0.02313247323036194 0.07169081270694733
v 0.0640079528093338 0.022947968915104866 0.0698796808719635
v 0.11365606635808945 0.026696663349866867 0.03321654722094536
v 0.1055220440030098 0.02484055608510971 0.04169347509741783
v 0.09751731902360916 0.023288384079933167 0.05036387965083122
v 0.097539022564888 0.021532883867621422 0.05730366334319115
v 0.089723601937294 0.021996241062879562 0.05905900150537491
v 0.08973037451505661 0.020552268251776695 0.0658128634095192
v 0.05788199603557587 0.026002349331974983 0.07128675282001495
v 0.05993618816137314 0.024394111707806587 0.07129190117120743
v 0.05794082581996918 0.02440756745636463 0.07560506463050842
v 0.055463362485170364 0.03942554071545601 0.05585087090730667
v 0.057601798325777054 0.035447750240564346 0.05540827661752701
v 0.05006654933094978 0.0338856466114521 0.07828938215970993
v 0.049987487494945526 0.0356718972325325 0.07536374032497406
v 0.049903981387615204 0.037721242755651474 0.0725770816206932
v 0.049816787242889404 0.040068119764328 0.06998816877603531
v 0.05014042556285858 0.032334957271814346 0.08131540566682816
v 0.04972662031650543 0.0427512489259243 0.06768971681594849
v 0.04963424429297447 0.04579736292362213 0.06582498550415039
v 0.049540381878614426 0.0491788424551487 0.06459002196788788
v 0.05135387182235718 0.048335056751966476 0.06018690764904022
v 0.051304176449775696 0.05026385560631752 0.0598255954682827
v 0.055552855134010315 0.03620442375540733 0.058883119374513626
v 0.057677291333675385 0.03254495561122894 0.059061385691165924
v 0.05563941225409508 0.033410053700208664 0.06227787956595421
v 0.05774958059191704 0.030035462230443954 0.06297264248132706
v 0.05572229623794556 0.030987752601504326 0.06591814756393433
v 0.05781802907586098 0.027868064120411873 0.06706459820270538
v 0.055800773203372955 0.02889050915837288 0.06973046809434891
v 0.05587410554289818 0.02708110772073269 0.07366684824228287
v 0.055941566824913025 0.025531183928251266 0.07769490778446198
v 0.05799390375614166 0.023060381412506104 0.07999542355537415
v 0.056002408266067505 0.024219313636422157 0.08179165422916412
v 0.05605591461062431 0.023129476234316826 0.08594027161598206
v 0.053221434354782104 0.04976708069443703 0.055482666939496994
v 0.0599130243062973 0.025241121649742126 0.06900381296873093
v 0.05988885462284088 0.026158129796385765 0.0667404979467392
v 0.061943892389535904 0.02571100927889347 0.06442941725254059
v 0.04674750193953514 0.0375935398042202 0.08676322549581528
v 0.0466286763548851 0.04038538038730621 0.08207879215478897
v 0.045098524540662766 0.044721491634845734 0.08365019410848618
v 0.04656379669904709 0.04209068790078163 0.07988908886909485
v 0.045043736696243286 0.04643505811691284 0.0819038525223732
v 0.046496037393808365 0.04403557628393173 0.077858567237854
v 0.04498708248138428 0.0483815036714077 0.08035999536514282
v 0.04363014176487923 0.054672762751579285 0.08300760388374329
v 0.04642598703503609 0.046249084174633026 0.07606130093336105
v 0.04492903873324394 0.05057533085346222 0.07911642640829086
v 0.04635420814156532 0.04874928295612335 0.07461060583591461
v 0.04487006366252899 0.05299121141433716 0.07830256968736649
v 0.046281278133392334 0.051508985459804535 0.07365792244672775
v 0.040757808834314346 0.061210598796606064 0.10344211012125015
v 0.04258138686418533 0.056536901742219925 0.08776295185089111
v 0.04367450624704361 0.052621178328990936 0.08368389308452606
v 0.04261176288127899 0.05486832186579704 0.08830272406339645
v 0.04376078024506569 0.0490950308740139 0.086009182035923
v 0.04371816664934158 0.05075441673398018 0.08472027629613876
v 0.04264165461063385 0.05334748700261116 0.08913188427686691
v 0.0640091672539711 0.022220183163881302 0.07247060537338257
v 0.0663556307554245 0.033046942204236984 0.04517659544944763
v 0.06910592317581177 0.03305531665682793 0.04255303367972374
v 0.06634451448917389 0.03153344988822937 0.04753166064620018
v 0.06908994913101196 0.03152500465512276 0.045020535588264465
v 0.06633365154266357 0.030134253203868866 0.0499577559530735
v 0.06905905902385712 0.028806976974010468 0.05015850067138672
v 0.06632304191589355 0.028840573504567146 0.05244326964020729
v 0.06631271541118622 0.027644358575344086 0.05497831851243973
v 0.06400097161531448 0.027657400816679 0.05728643387556076
v 0.06400248408317566 0.026559142395853996 0.05974383279681206
v 0.061929136514663696 0.026717469096183777 0.062063027173280716
v 0.06400533020496368 0.02460617385804653 0.06475932896137238
v 0.06400667130947113 0.02374216541647911 0.0673082247376442
v 0.06197173893451691 0.023922346532344818 0.06924709677696228
v 0.06626621633768082 0.022913241758942604 0.06817363947629929
v 0.08224376291036606 0.022361526265740395 0.061178263276815414
v 0.07524164021015167 0.022646037861704826 0.06367745995521545
v 0.05317162349820137 0.051868900656700134 0.05534689500927925
v 0.05518459156155586 0.051697004586458206 0.05109899118542671
v 0.05513758584856987 0.053933314979076385 0.051249220967292786
v 0.061958104372024536 0.024780692532658577 0.0668255090713501
v 0.06400392949581146 0.025543687865138054 0.06223642826080322
v 0.06630270183086395 0.02653883397579193 0.057555440813302994
v 0.06902982294559479 0.02648850344121456 0.05549810081720352
v 0.07204712182283401 0.02641911618411541 0.05356980115175247
v 0.0720771923661232 0.028754083439707756 0.04801451414823532
v 0.05811210349202156 0.02035098895430565 0.09344150871038437
v 0.07210893929004669 0.031495943665504456 0.042660653591156006
v 0.04801293835043907 0.044369667768478394 0.07183444499969482
v 0.0479293130338192 0.04715427756309509 0.07017669826745987
v 0.047844357788562775 0.050236135721206665 0.06908372044563293
v 0.04809454083442688 0.04191030561923981 0.07388333976268768
v 0.04850449040532112 0.03249477967619896 0.08960948139429092
v 0.04817347601056099 0.039754051715135574 0.0761948674917221
v 0.048387493938207626 0.03478596732020378 0.08400940895080566
v 0.048320624977350235 0.03621919825673103 0.08130193501710892
v 0.04824905842542648 0.03786712884902954 0.07868543267250061
v 0.05941849574446678 0.054343920201063156 0.04315052926540375
v 0.05938700586557388 0.05677095055580139 0.04368143528699875
v 0.06397487968206406 0.05795525759458542 0.0362338051199913
v 0.063973069190979 0.06045612320303917 0.037225671112537384
v 0.06649884581565857 0.061234716325998306 0.03381091356277466
v 0.0665108859539032 0.0636526346206665 0.03520188480615616
v 0.06932912766933441 0.06444233655929565 0.0320436954498291
v 0.06934629380702972 0.06673705577850342 0.03379638120532036
v 0.07237248867750168 0.06752584129571915 0.030905740335583687
v 0.07238996028900146 0.0696798712015152 0.03297708183526993
v 0.0620623454451561 0.018976442515850067 0.09175364673137665
v 0.06009015440940857 0.019492337480187416 0.0925770178437233
v 0.06401558220386505 0.018785560503602028 0.0909743458032608
v 0.04174209386110306 0.05856268107891083 0.09255855530500412
v 0.11385080963373184 0.016420483589172363 0.07706418633460999
v 0.11382746696472168 0.017422234639525414 0.06960822641849518
v 0.11356901377439499 0.03321264684200287 0.01965257339179516
v 0.10544650256633759 0.030262354761362076 0.02800792083144188
v 0.10566279292106628 0.017241302877664566 0.07767680287361145
v 0.09746847301721573 0.027818670496344566 0.03680000454187393
v 0.08969918638467789 0.02819175086915493 0.03934445232152939
v 0.08970791101455688 0.025775019079446793 0.045794300734996796
v 0.08226143568754196 0.02608969248831272 0.04853927716612816
v 0.08225223422050476 0.024067528545856476 0.05480790510773659
v 0.10564152151346207 0.018222609534859657 0.07037463039159775
v 0.09759042412042618 0.017898686230182648 0.07847535610198975
v 0.09757581353187561 0.01886102184653282 0.07137463986873627
v 0.08973632752895355 0.0193673986941576 0.07262133061885834
v 0.09755858778953552 0.02006586268544197 0.06431303918361664
v 0.10561646521091461 0.01944999024271965 0.06311021000146866
v 0.11379998922348022 0.018674273043870926 0.06218956410884857
v 0.08222372829914093 0.01883792132139206 0.08067390322685242
v 0.08974139392375946 0.018421893939375877 0.07947074621915817
v 0.07222930341959 0.04555003345012665 0.02748393453657627
v 0.06918971240520477 0.04287852346897125 0.0320436954498291
v 0.06640197336673737 0.040460921823978424 0.03685514256358147
v 0.06513983011245728 0.04038604348897934 0.03844718262553215
v 0.06398759037256241 0.04029921442270279 0.040080804377794266
v 0.08971609175205231 0.02372552640736103 0.052377842366695404
v 0.0974937230348587 0.025367656722664833 0.04351767897605896
v 0.07534102350473404 0.031444549560546875 0.040450677275657654
v 0.0896899551153183 0.031040268018841743 0.033083245158195496
v 0.11361347883939743 0.02967933937907219 0.026303185150027275
v 0.10548530519008636 0.02732929028570652 0.03476208820939064
v 0.11376871913671494 0.020196180790662766 0.05482074245810509
v 0.10558798164129257 0.02094302512705326 0.05589624494314194
v 0.06177780032157898 0.04022635892033577 0.043470196425914764
v 0.06183118373155594 0.034670282155275345 0.04885890707373619
v 0.06399284303188324 0.03462325781583786 0.04580439254641533
v 0.06184844300150871 0.033081647008657455 0.0508929081261158
v 0.05972665920853615 0.03338965028524399 0.05397584289312363
v 0.05975542962551117 0.031949516385793686 0.05596909299492836
v 0.05969731882214546 0.034940991550683975 0.05206353962421417
v 0.05978359282016754 0.03061225451529026 0.058028560131788254
v 0.06399942934513092 0.028844347223639488 0.0548706017434597
v 0.06191386282444 0.027804668992757797 0.05973110720515251
v 0.059863775968551636 0.02714904211461544 0.06450603157281876
v 0.05327114090323448 0.04769841954112053 0.05588442459702492
v 0.06399454176425934 0.033006854355335236 0.047957003116607666
v 0.06186537817120552 0.031609226018190384 0.05301056057214737
v 0.06399621069431305 0.03151114657521248 0.050195347517728806
v 0.06399783492088318 0.03012639842927456 0.05250367149710655
v 0.06188194826245308 0.030243968591094017 0.05519658699631691
v 0.0618981309235096 0.028978150337934494 0.057439908385276794
v 0.05981108173727989 0.02937067672610283 0.06014357507228851
v 0.059837836772203445 0.028218157589435577 0.06230504438281059
v 0.04176028445363045 0.05729369446635246 0.09296265244483948
v 0.05523158982396126 0.04946069046854973 0.051249220967292786
v 0.059450048953294754 0.05186716467142105 0.042969681322574615
v 0.07235483080148697 0.06518620252609253 0.029054688289761543
v 0.06931182742118835 0.06196565553545952 0.03056270070374012
v 0.06648673862218857 0.05866028368473053 0.032745689153671265
v 0.0639767050743103 0.055337075144052505 0.03560914099216461
v 0.04423031583428383 0.07346098124980927 0.11598636209964752
v 0.04429293051362038 0.07216621935367584 0.12035495042800903
v 0.04319603368639946 0.07101518660783768 0.11819624155759811
v 0.18331283330917358 0.07503070682287216 0.17642630636692047
v 0.17970405519008636 0.07542025297880173 0.17873333394527435
v 0.17985674738883972 0.07137696444988251 0.18412275612354279
v 0.17607322335243225 0.07167530059814453 0.18641576170921326
v 0.17993512749671936 0.06910982728004456 0.18660983443260193
v 0.17614305019378662 0.06935425102710724 0.18899673223495483
v 0.18001462519168854 0.06666438281536102 0.18891538679599762
v 0.183158278465271 0.07839465141296387 0.1708356738090515
v 0.1800951063632965 0.06403268873691559 0.19100086390972137
v 0.18017639219760895 0.06121543422341347 0.19281353056430817
v 0.17593717575073242 0.07581406086683273 0.18083645403385162
v 0.17200544476509094 0.07622289657592773 0.18272551894187927
v 0.17211441695690155 0.07200829684734344 0.18848323822021484
v 0.16796819865703583 0.07239262014627457 0.19031445682048798
v 0.17217035591602325 0.06964408606290817 0.19115367531776428
v 0.1680034101009369 0.06999745219945908 0.19306978583335876
v 0.18660765886306763 0.07789105921983719 0.1685524433851242
v 0.1899012178182602 0.07736818492412567 0.16609786450862885
v 0.18645891547203064 0.08066815137863159 0.16290083527565002
v 0.18676476180553436 0.07463818043470383 0.17392553389072418
v 0.18347425758838654 0.07110021263360977 0.18161489069461823
v 0.18355709314346313 0.06889652460813522 0.18400393426418304
v 0.18364113569259644 0.06652034819126129 0.186213880777359
v 0.1837262064218521 0.06396488100290298 0.1882075071334839
v 0.18381212651729584 0.06123232841491699 0.18993394076824188
v 0.18389873206615448 0.058331623673439026 0.19134409725666046
v 0.17190109193325043 0.07983306050300598 0.17656239867210388
v 0.1415051966905594 0.05611594766378403 0.21264362335205078
v 0.14153769612312317 0.05799805745482445 0.21217352151870728
v 0.13803733885288239 0.05933208391070366 0.21272124350070953
v 0.1483301967382431 0.055429063737392426 0.2103336602449417
v 0.14465516805648804 0.05665012449026108 0.21137911081314087
v 0.14471623301506042 0.05849296227097511 0.2107667773962021
v 0.14157013595104218 0.059829920530319214 0.2115367352962494
v 0.14163485169410706 0.06330672651529312 0.20983067154884338
v 0.1399078518152237 0.060504183173179626 0.2118300199508667
v 0.14459402859210968 0.0547604113817215 0.21183021366596222
v 0.13994775712490082 0.06396105140447617 0.21009723842144012
v 0.1484045833349228 0.05727537348866463 0.2097480297088623
v 0.14483797550201416 0.062002722173929214 0.2091197669506073
v 0.1416991651058197 0.06651158630847931 0.20765945315361023
v 0.13998743891716003 0.06714010238647461 0.20789729058742523
v 0.14453281462192535 0.052836157381534576 0.21210642158985138
v 0.14810650050640106 0.04968082532286644 0.2111160159111023
v 0.14818111062049866 0.051618289202451706 0.2110271155834198
v 0.16789957880973816 0.07666067779064178 0.1843903511762619
v 0.16360725462436676 0.07286505401134491 0.19189870357513428
v 0.1678338646888733 0.08031690865755081 0.17806537449359894
v 0.16365960240364075 0.0424337238073349 0.20564697682857513
v 0.1636568009853363 0.04425781965255737 0.20601153373718262
v 0.15863773226737976 0.04450970143079758 0.20785845816135406
v 0.1586574912071228 0.04638998210430145 0.20809370279312134
v 0.15317386388778687 0.046850308775901794 0.2096906453371048
v 0.15322570502758026 0.048772212117910385 0.20977476239204407
v 0.1635969579219818 0.07715877890586853 0.1858207732439041
v 0.15343278646469116 0.05631905049085617 0.2084752470254898
v 0.15871675312519073 0.05205700919032097 0.20785845816135406
v 0.1586970090866089 0.050176724791526794 0.20809370279312134
v 0.21169513463974 0.07304104417562485 0.13506604731082916
v 0.21316418051719666 0.0731726586818695 0.12918852269649506
v 0.21164552867412567 0.07421725988388062 0.13215653598308563
v 0.21312811970710754 0.07404205948114395 0.12654922902584076
v 0.21309562027454376 0.07476208359003067 0.12385322153568268
v 0.21152256429195404 0.07668517529964447 0.12299657613039017
v 0.21320338547229767 0.07213549315929413 0.13175234198570251
v 0.21174824237823486 0.07164900004863739 0.13786083459854126
v 0.21180430054664612 0.07000976800918579 0.14049756526947021
v 0.21324531733989716 0.07090768218040466 0.1342144012451172
v 0.21667994558811188 0.061318591237068176 0.12804502248764038
v 0.21476712822914124 0.059406131505966187 0.1381293535232544
v 0.2147292196750641 0.06162400543689728 0.1378929764032364
v 0.21204844117164612 0.06045680493116379 0.14762847125530243
v 0.2134326845407486 0.06352563202381134 0.14192575216293335
v 0.21198542416095734 0.06328103691339493 0.14662864804267883
v 0.21338367462158203 0.06578885763883591 0.1404990553855896
v 0.21192339062690735 0.06584718823432922 0.14500267803668976
v 0.21333585679531097 0.06776507943868637 0.13866043090820312
v 0.21186286211013794 0.06808707118034363 0.14291122555732727
v 0.21328961849212646 0.06946153193712234 0.13653630018234253
v 0.18631991744041443 0.08302962779998779 0.15704785287380219
v 0.19892899692058563 0.07296524941921234 0.16218827664852142
v 0.19614267349243164 0.07340359687805176 0.1653623878955841
v 0.19629047811031342 0.07006687670946121 0.16964922845363617
v 0.19333979487419128 0.07032379508018494 0.17290936410427094
v 0.193501278758049 0.06624239683151245 0.17688728868961334
v 0.14855287969112396 0.06080392375588417 0.20816580951213837
v 0.1381472945213318 0.07323391735553741 0.2026696503162384
v 0.14182615280151367 0.0721304789185524 0.2023509442806244
v 0.13817110657691956 0.07562605291604996 0.19963885843753815
v 0.13405370712280273 0.07635606080293655 0.19972945749759674
v 0.13406288623809814 0.0784950703382492 0.19652050733566284
v 0.1298878937959671 0.0788751021027565 0.19642293453216553
v 0.14176297187805176 0.06944628059864044 0.20513765513896942
v 0.08961335569620132 0.07068224996328354 0.19515582919120789
v 0.09722045809030533 0.0715411975979805 0.19869229197502136
v 0.14507906138896942 0.06824254244565964 0.20455312728881836
v 0.1449590027332306 0.06525338441133499 0.20701241493225098
v 0.1487003117799759 0.06408731639385223 0.2061292976140976
v 0.1340157836675644 0.06550003588199615 0.21055200695991516
v 0.12990473210811615 0.06604067981243134 0.21057669818401337
v 0.1340109407901764 0.0638328343629837 0.21151961386203766
v 0.12990647554397583 0.06438447535037994 0.21155987679958344
v 0.12990818917751312 0.06265474855899811 0.21240590512752533
v 0.15875619649887085 0.05573050305247307 0.20694321393966675
v 0.15353581309318542 0.05984538793563843 0.20696169137954712
v 0.12990128993988037 0.06912696361541748 0.20827513933181763
v 0.0972352847456932 0.06894882768392563 0.20113354921340942
v 0.09725022315979004 0.06609131395816803 0.20325347781181335
v 0.12989789247512817 0.07192502915859222 0.205629363656044
v 0.12572984397411346 0.07222215086221695 0.20540568232536316
v 0.12574312090873718 0.06945046037435532 0.20806656777858734
v 0.12575650215148926 0.06638795137405396 0.2103855311870575
v 0.1257699728012085 0.0630214586853981 0.2122323215007782
v 0.1340349316596985 0.0714428499341011 0.20566491782665253
v 0.1257767230272293 0.0612306073307991 0.2129283845424652
v 0.12578347325325012 0.059380777180194855 0.21344493329524994
v 0.12579025328159332 0.057486552745103836 0.21376296877861023
v 0.12579703330993652 0.055569279938936234 0.2138710916042328
v 0.09726525843143463 0.06296050548553467 0.2049354463815689
v 0.13812321424484253 0.07061328738927841 0.2055046260356903
v 0.13402539491653442 0.06861331313848495 0.2082817107439041
v 0.1299099326133728 0.060856178402900696 0.21309435367584229
v 0.1299116611480713 0.05899987742304802 0.2136048525571823
v 0.13606710731983185 0.0651019960641861 0.21045701205730438
v 0.13809889554977417 0.0677378848195076 0.2080795168876648
v 0.1380743831396103 0.06458486616611481 0.21030572056770325
v 0.13804972171783447 0.06114858016371727 0.21206308901309967
v 0.1380249559879303 0.05746232345700264 0.21320803463459015
v 0.14147265255451202 0.054196547716856 0.21293196082115173
v 0.14447157084941864 0.050894077867269516 0.21219992637634277
v 0.14788281917572021 0.043932586908340454 0.2103336602449417
v 0.14780843257904053 0.042086273431777954 0.2097480297088623
v 0.15301860868930817 0.0412253737449646 0.2084752470254898
v 0.1443491131067276 0.04702775180339813 0.21183021366596222
v 0.14428795874118805 0.04513803869485855 0.21137911081314087
v 0.12991340458393097 0.05710019916296005 0.21391896903514862
v 0.133991539478302 0.05652439594268799 0.21383488178253174
v 0.1339866816997528 0.05459968373179436 0.213939368724823
v 0.13800014555454254 0.05362274497747421 0.21360842883586884
v 0.13798773288726807 0.051692668348550797 0.21350699663162231
v 0.1414075493812561 0.05031919851899147 0.21293196082115173
v 0.14137502014636993 0.048399802297353745 0.21264362335205078
v 0.14803190529346466 0.047743361443281174 0.2110271155834198
v 0.15312205255031586 0.044943079352378845 0.20944136381149292
v 0.12991513311862946 0.05517801642417908 0.21402572095394135
v 0.15307028591632843 0.04306445270776749 0.20903275907039642
v 0.14795732498168945 0.04582216963171959 0.21076403558254242
v 0.14441032707691193 0.04895200580358505 0.21210642158985138
v 0.14144009351730347 0.05225787311792374 0.2130296528339386
v 0.13801254332065582 0.05555282533168793 0.21350699663162231
v 0.1339964121580124 0.058427438139915466 0.21352720260620117
v 0.1339818239212036 0.05267496779561043 0.21383488178253174
v 0.13797533512115479 0.049783166497945786 0.21320803463459015
v 0.1586180031299591 0.042655035853385925 0.20747199654579163
v 0.15859830379486084 0.040836211293935776 0.20694321393966675
v 0.1611877679824829 0.04072573035955429 0.20607836544513702
v 0.15855902433395386 0.037338078022003174 0.2055002897977829
v 0.16117295622825623 0.0372474268078804 0.20467084646224976
v 0.1529155671596527 0.037699032574892044 0.20696169137954712
v 0.14773419499397278 0.040292881429195404 0.2090206891298294
v 0.14422689378261566 0.043295200914144516 0.2107667773962021
v 0.14134252071380615 0.046517692506313324 0.21217352151870728
v 0.21149185299873352 0.07721058279275894 0.11985334753990173
v 0.213042750954628 0.0758102536201477 0.11834317445755005
v 0.19425800442695618 0.042618777602910995 0.1812397837638855
v 0.20407752692699432 0.06926906108856201 0.1589437872171402
v 0.20419365167617798 0.06603668630123138 0.16201356053352356
v 0.2017928808927536 0.06608036905527115 0.16596002876758575
v 0.20425286889076233 0.06423912942409515 0.16331776976585388
v 0.20185895264148712 0.06415524333715439 0.16736702620983124
v 0.20431266725063324 0.06232692301273346 0.1644248068332672
v 0.20192566514015198 0.06210627034306526 0.16856400668621063
v 0.20437291264533997 0.06031240150332451 0.16530606150627136
v 0.20199289917945862 0.059945981949567795 0.16951969265937805
v 0.20443354547023773 0.0582238994538784 0.1659354716539383
v 0.2020605504512787 0.05770387500524521 0.17020493745803833
v 0.2044944316148758 0.056093063205480576 0.16630683839321136
v 0.20212845504283905 0.05541354417800903 0.17061097919940948
v 0.1941736936569214 0.04528975114226341 0.18209810554981232
v 0.19408906996250153 0.048030223697423935 0.18261408805847168
v 0.19358357787132263 0.06396929919719696 0.17859461903572083
v 0.1936667263507843 0.06154528260231018 0.18005870282649994
v 0.1937505304813385 0.058982182294130325 0.1812397837638855
v 0.1938348263502121 0.05631120875477791 0.18209810554981232
v 0.19391947984695435 0.053570736199617386 0.18261408805847168
v 0.19400426745414734 0.05080047994852066 0.18278488516807556
v 0.20683348178863525 0.05086985602974892 0.1615319848060608
v 0.20455540716648102 0.053947754204273224 0.1664280742406845
v 0.20219650864601135 0.05310562998056412 0.17074397206306458
v 0.20461638271808624 0.051802441477775574 0.16630683839321136
v 0.20677994191646576 0.052837349474430084 0.16186952590942383
v 0.2157101333141327 0.06709510087966919 0.12994258105754852
v 0.21659430861473083 0.06774317473173141 0.12426234036684036
v 0.21568524837493896 0.06832659244537354 0.1284085363149643
v 0.21657872200012207 0.0685901790857315 0.12291096150875092
v 0.21566142141819 0.06937631964683533 0.12672998011112213
v 0.21563886106014252 0.07026737183332443 0.12494898587465286
v 0.21656392514705658 0.06930916756391525 0.12147675454616547
v 0.21662744879722595 0.0655924454331398 0.126563161611557
v 0.21561777591705322 0.07101985812187195 0.12309358268976212
v 0.2166106104850769 0.06674954295158386 0.12549695372581482
v 0.21655012667179108 0.06991633027791977 0.11998239159584045
v 0.21728397905826569 0.06879791617393494 0.1168392077088356
v 0.21573585271835327 0.06566078960895538 0.1312682181596756
v 0.17325511574745178 0.0160082895308733 0.17656239867210388
v 0.17335394024848938 0.012918255291879177 0.17011579871177673
v 0.17749729752540588 0.01695452630519867 0.17485013604164124
v 0.17762064933776855 0.013922535814344883 0.1685786247253418
v 0.18145492672920227 0.01814822293817997 0.17293806374073029
v 0.18159335851669312 0.015188946388661861 0.16685792803764343
v 0.185163676738739 0.019551923498511314 0.1708356738090515
v 0.1853100061416626 0.01667809672653675 0.16496244072914124
v 0.18864600360393524 0.02113768830895424 0.1685524433851242
v 0.18879474699497223 0.018360599875450134 0.16290083527565002
v 0.19191281497478485 0.0228860042989254 0.16609786450862885
v 0.19205960631370544 0.02021588757634163 0.1606818586587906
v 0.19497448205947876 0.024777727201581 0.16348141431808472
v 0.1951160877943039 0.02222379483282566 0.15831419825553894
v 0.20640811324119568 0.06599371135234833 0.15793351829051971
v 0.2064601629972458 0.06432852149009705 0.15913377702236176
v 0.20651276409626007 0.06255794316530228 0.1601504683494568
v 0.20656578242778778 0.060693930834531784 0.16095761954784393
v 0.20661911368370056 0.058763399720191956 0.1615319848060608
v 0.20667266845703125 0.05679590627551079 0.16186952590942383
v 0.2067262977361679 0.05481662601232529 0.16197939217090607
v 0.20852531492710114 0.0627959817647934 0.15575221180915833
v 0.20843513309955597 0.06594915688037872 0.15373097360134125
v 0.21465454995632172 0.06572649627923965 0.13591721653938293
v 0.21461841464042664 0.06743401288986206 0.13433396816253662
v 0.21458347141742706 0.06889992207288742 0.13250324130058289
v 0.20861691236495972 0.059318047016859055 0.15700557827949524
v 0.2087092399597168 0.05570705980062485 0.1574089229106903
v 0.21065907180309296 0.050190094858407974 0.15124119818210602
v 0.21223850548267365 0.05178581550717354 0.14662864804267883
v 0.21217547357082367 0.05461004748940468 0.14762847125530243
v 0.21058201789855957 0.05334431678056717 0.15236738324165344
v 0.2121119499206543 0.05753342807292938 0.14794667065143585
v 0.21050433814525604 0.05661393702030182 0.15272767841815948
v 0.2104266881942749 0.05988355353474617 0.15236738324165344
v 0.21073490381240845 0.04732710123062134 0.14941701292991638
v 0.2103496491909027 0.06303777545690536 0.15124119818210602
v 0.21027380228042603 0.0659007728099823 0.14941701292991638
v 0.210199773311615 0.06839878112077713 0.14707566797733307
v 0.21012821793556213 0.07054303586483002 0.14437687397003174
v 0.21230055391788483 0.04921967163681984 0.14500267803668976
v 0.2108089178800583 0.04482908919453621 0.14707566797733307
v 0.21236106753349304 0.04697978496551514 0.14291122555732727
v 0.21005965769290924 0.0723714828491211 0.14143075048923492
v 0.20999476313591003 0.07392467558383942 0.13830946385860443
v 0.20993411540985107 0.07523753494024277 0.1350610852241516
v 0.21088050305843353 0.04268484190106392 0.14437687397003174
v 0.21727003157138824 0.06950260698795319 0.11448629945516586
v 0.21652598679065704 0.07084625214338303 0.11687088012695312
v 0.21650733053684235 0.07145899534225464 0.11365603655576706
v 0.21558091044425964 0.07217243313789368 0.11923091858625412
v 0.2155524641275406 0.07293195277452469 0.1152404397726059
v 0.21443690359592438 0.07347854226827621 0.12156037986278534
v 0.21439695358276367 0.0743832141160965 0.11680418252944946
v 0.21725235879421234 0.07022935897111893 0.109580397605896
v 0.2164953500032425 0.07180523872375488 0.110384002327919
v 0.21553416550159454 0.07336120307445526 0.11117924004793167
v 0.21446146070957184 0.07285687327384949 0.12388724833726883
v 0.21448871493339539 0.07210608571767807 0.12616491317749023
v 0.21451832354068756 0.07121020555496216 0.12837707996368408
v 0.21455000340938568 0.07014947384595871 0.13050097227096558
v 0.20880155265331268 0.05209608003497124 0.15700557827949524
v 0.16874860227108002 0.012224499136209488 0.17146071791648865
v 0.12580379843711853 0.05365201085805893 0.21376296877861023
v 0.15441156923770905 0.08194360882043839 0.18125027418136597
v 0.14981329441070557 0.08263888955116272 0.1818915158510208
v 0.14955021440982819 0.07904930412769318 0.18870297074317932
v 0.08236218988895416 0.06712203472852707 0.19304943084716797
v 0.07888337969779968 0.06388843804597855 0.19232627749443054
v 0.07552146911621094 0.06050969660282135 0.19088438153266907
v 0.0723191425204277 0.05993644893169403 0.18790335953235626
v 0.06929441541433334 0.05931909754872322 0.18474961817264557
v 0.06648673862218857 0.05866028368473053 0.18142682313919067
v 0.06397487968206406 0.05795525759458542 0.17793872952461243
v 0.05938700586557388 0.05677095055580139 0.1704910844564438
v 0.05509068816900253 0.056131478399038315 0.16247987747192383
v 0.12986956536769867 0.08834777027368546 0.17539666593074799
v 0.1948249340057373 0.027773147448897362 0.1683834195137024
v 0.158442884683609 0.028177794069051743 0.1988718956708908
v 0.1636844426393509 0.02807934395968914 0.19738931953907013
v 0.15848122537136078 0.03100399114191532 0.20138534903526306
v 0.15271149575710297 0.03134898841381073 0.20268785953521729
v 0.152813121676445 0.034403230994939804 0.20500098168849945
v 0.14751270413398743 0.035274337977170944 0.2061292976140976
v 0.14766013622283936 0.03855772688984871 0.20816580951213837
v 0.14558099210262299 0.0358685702085495 0.20660093426704407
v 0.16368979215621948 0.025472251698374748 0.194734126329422
v 0.14572201669216156 0.03913762420415878 0.2086736112833023
v 0.14404453337192535 0.03812703862786293 0.208116352558136
v 0.14410515129566193 0.039785441011190414 0.2091197669506073
v 0.14266209304332733 0.04048221930861473 0.2095051407814026
v 0.14416594803333282 0.041509270668029785 0.2100084125995636
v 0.14124536514282227 0.04120901972055435 0.20983067154884338
v 0.14127767086029053 0.042914584279060364 0.2107500433921814
v 0.1379382163286209 0.04434433951973915 0.21125173568725586
v 0.1685168445110321 0.02567499317228794 0.19306978583335876
v 0.16855205595493317 0.02327982522547245 0.19031445682048798
v 0.1946687549352646 0.031277161091566086 0.17290936410427094
v 0.19175779819488525 0.02601565420627594 0.17124119400978088
v 0.1915958672761917 0.029675208032131195 0.1759975105524063
v 0.1884889006614685 0.02439056895673275 0.17392553389072418
v 0.18832483887672424 0.028192711994051933 0.17890292406082153
v 0.18500910699367523 0.02291586808860302 0.17642630636692047
v 0.18484769761562347 0.02684635855257511 0.18161489069461823
v 0.18130873143672943 0.021609900519251823 0.17873333394527435
v 0.18115602433681488 0.025653183460235596 0.18412275612354279
v 0.17736701667308807 0.020498979836702347 0.18083645403385162
v 0.17309679090976715 0.02164425328373909 0.1856653094291687
v 0.1379505842924118 0.046096909791231155 0.21206308901309967
v 0.1298641413450241 0.09060318768024445 0.16803264617919922
v 0.12985914945602417 0.09251080453395844 0.16057108342647552
v 0.17635804414749146 0.061260759830474854 0.19546836614608765
v 0.1722845435142517 0.0643400028347969 0.19590416550636292
v 0.16803912818431854 0.06740980595350266 0.19564278423786163
v 0.16361257433891296 0.0704539343714714 0.194734126329422
v 0.1589868813753128 0.07341334223747253 0.19322791695594788
v 0.15905965864658356 0.07770644128322601 0.1870093047618866
v 0.159129336476326 0.08138211816549301 0.18040812015533447
v 0.15919531881809235 0.0845312550663948 0.17354151606559753
v 0.16356895864009857 0.08667784184217453 0.16566315293312073
v 0.1592569649219513 0.08722274005413055 0.16648449003696442
v 0.18025831878185272 0.05822000652551651 0.19430097937583923
v 0.1839858591556549 0.05529253929853439 0.19238519668579102
v 0.14695563912391663 0.09656135737895966 0.13017906248569489
v 0.13850340247154236 0.0971023291349411 0.1302471160888672
v 0.146860271692276 0.09564027935266495 0.13783618807792664
v 0.1552475243806839 0.09477613866329193 0.1374693214893341
v 0.15514732897281647 0.09351114183664322 0.14498940110206604
v 0.15940982103347778 0.09301150590181351 0.1446043699979782
v 0.15936484932899475 0.09142833203077316 0.15198537707328796
v 0.15502935647964478 0.09193415939807892 0.15245266258716583
v 0.14674191176891327 0.09443779289722443 0.1454557478427887
v 0.1635609269142151 0.0889621153473854 0.15857671201229095
v 0.15931369364261627 0.08950868248939514 0.15928734838962555
v 0.1635536551475525 0.09087900817394257 0.15138176083564758
v 0.12985464930534363 0.09410778433084488 0.15303701162338257
v 0.16354727745056152 0.09245871007442474 0.14410503208637238
v 0.13851770758628845 0.09769875556230545 0.12253924459218979
v 0.13396725058555603 0.04710525646805763 0.21235108375549316
v 0.13397209346294403 0.04891069605946541 0.2130267322063446
v 0.1299203485250473 0.04949985444545746 0.21309435367584229
v 0.21469159424304962 0.06377167999744415 0.0770287960767746
v 0.21573585271835327 0.06566078960895538 0.08290430158376694
v 0.2157101333141327 0.06709510087966919 0.08422994613647461
v 0.21458347141742706 0.06889992207288742 0.08166928589344025
v 0.21461841464042664 0.06743401288986206 0.07983854413032532
v 0.21465454995632172 0.06572649627923965 0.0782553032040596
v 0.21300873160362244 0.07640308886766434 0.1014360710978508
v 0.21439695358276367 0.0743832141160965 0.09736833721399307
v 0.21656392514705658 0.06930916756391525 0.09269576519727707
v 0.21657872200012207 0.0685901790857315 0.09126155823469162
v 0.21655012667179108 0.06991633027791977 0.09419012814760208
v 0.21558091044425964 0.07217243313789368 0.09494160860776901
v 0.21649110317230225 0.07191634178161621 0.10708626359701157
v 0.21652598679065704 0.07084625214338303 0.09730163961648941
v 0.2155524641275406 0.07293195277452469 0.09893207997083664
v 0.0755060538649559 0.05755534768104553 0.1917116791009903
v 0.12991861999034882 0.051356155425310135 0.2136048525571823
v 0.12581056356430054 0.051757778972387314 0.21344493329524994
v 0.12166067957878113 0.05394003167748451 0.21337129175662994
v 0.11337980628013611 0.056158240884542465 0.21200641989707947
v 0.10522252321243286 0.05804700031876564 0.2095377892255783
v 0.0972803458571434 0.05958396941423416 0.20603583753108978
v 0.21437124907970428 0.07489464432001114 0.1022084429860115
v 0.21553416550159454 0.07336120307445526 0.10299327224493027
v 0.21650733053684235 0.07145899534225464 0.10051649063825607
v 0.2164953500032425 0.07180523872375488 0.10378852486610413
v 0.12569092214107513 0.07909049838781357 0.19617410004138947
v 0.1418885588645935 0.07458765804767609 0.1993631273508072
v 0.13819456100463867 0.077814981341362 0.19645732641220093
v 0.1340719312429428 0.08045455813407898 0.1931983083486557
v 0.14218473434448242 0.08420496433973312 0.18263331055641174
v 0.14229340851306915 0.08709200471639633 0.17545872926712036
v 0.14239495992660522 0.08955276757478714 0.16812770068645477
v 0.15587487816810608 0.04098913446068764 0.20774197578430176
v 0.15580618381500244 0.03747439756989479 0.20626358687877655
v 0.15851996839046478 0.034055642783641815 0.20361840724945068
v 0.1660183072090149 0.04420231655240059 0.20498856902122498
v 0.16604109108448029 0.04062012583017349 0.20414839684963226
v 0.163662388920784 0.04064192250370979 0.20514674484729767
v 0.1636679619550705 0.03718596324324608 0.20377440750598907
v 0.14519792795181274 0.07098636031150818 0.20182418823242188
v 0.1488465815782547 0.0671188160777092 0.20374014973640442
v 0.1840733289718628 0.052156414836645126 0.19302143156528473
v 0.184160977602005 0.048973288387060165 0.19323453307151794
v 0.14565666019916534 0.07992057502269745 0.1892387568950653
v 0.18042348325252533 0.051822010427713394 0.1960844248533249
v 0.1765044927597046 0.05493974685668945 0.19820290803909302
v 0.1724010407924652 0.058234088122844696 0.19953086972236633
v 0.16811184585094452 0.06161506101489067 0.20005901157855988
v 0.1636233776807785 0.06502986699342728 0.19982179999351501
v 0.1803407371044159 0.055074915289878845 0.1954054981470108
v 0.17643104493618011 0.0581810362637043 0.1970336139202118
v 0.15422877669334412 0.07829056680202484 0.18796493113040924
v 0.14927545189857483 0.07484839111566544 0.1951598972082138
v 0.15403786301612854 0.07402151823043823 0.19431017339229584
v 0.15393990278244019 0.07161974161863327 0.1972898244857788
v 0.15894952416419983 0.07100053131580353 0.19613833725452423
v 0.15891163051128387 0.0683889165520668 0.1988718956708908
v 0.16361793875694275 0.06784684956073761 0.19738931953907013
v 0.168075293302536 0.06461746990680695 0.1979917734861374
v 0.17234256863594055 0.06138640269637108 0.19788725674152374
v 0.1767996847629547 0.041373297572135925 0.19820290803909302
v 0.1806720495223999 0.041955236345529556 0.1954054981470108
v 0.17672595381736755 0.04473403841257095 0.19892597198486328
v 0.17263726890087128 0.04439207911491394 0.20153503119945526
v 0.1725780963897705 0.04792067036032677 0.2017957866191864
v 0.16822287440299988 0.051460035145282745 0.2039005607366562
v 0.18075446784496307 0.03881014510989189 0.19430097937583923
v 0.16363999247550964 0.05528426542878151 0.20514674484729767
v 0.15879547595977783 0.05922863259911537 0.2055002897977829
v 0.15363827347755432 0.06314118951559067 0.20500098168849945
v 0.18442320823669434 0.039614949375391006 0.19134409725666046
v 0.18450981378555298 0.03671424463391304 0.18993394076824188
v 0.18798141181468964 0.03773024305701256 0.18684080243110657
v 0.1420699506998062 0.08082090318202972 0.18958763778209686
v 0.19151277840137482 0.03172691538929939 0.17817872762680054
v 0.19450727105140686 0.03535855934023857 0.17688728868961334
v 0.19142848253250122 0.033938053995370865 0.18018877506256104
v 0.19134312868118286 0.03631347045302391 0.18199321627616882
v 0.18806873261928558 0.03509197756648064 0.1852012425661087
v 0.15458464622497559 0.08507344126701355 0.17428025603294373
v 0.14660249650478363 0.0929381474852562 0.15302425622940063
v 0.1548951417207718 0.09002334624528885 0.15984028577804565
v 0.14644396305084229 0.09112001210451126 0.16052477061748505
v 0.14626817405223846 0.08895473927259445 0.1679348647594452
v 0.15474636852741241 0.08774938434362411 0.16712743043899536
v 0.14607711136341095 0.08640400320291519 0.17522381246089935
v 0.14587262272834778 0.08341605216264725 0.1823473572731018
v 0.17917104065418243 0.08649396151304245 0.1541343331336975
v 0.17162498831748962 0.08779355883598328 0.1566631942987442
v 0.1686863750219345 0.015355538576841354 0.17806537449359894
v 0.16371530294418335 0.015089833177626133 0.17934957146644592
v 0.16372466087341309 0.011939560063183308 0.17260469496250153
v 0.16375510394573212 0.0034674874041229486 0.14410503208637238
v 0.16374871134757996 0.005047180224210024 0.15138176083564758
v 0.1579446792602539 0.0035552065819501877 0.1446043699979782
v 0.15798966586589813 0.005138378590345383 0.15198537707328796
v 0.15130405128002167 0.004033279605209827 0.14498940110206604
v 0.15142205357551575 0.00561025645583868 0.15245266258716583
v 0.14795367419719696 0.004593105521053076 0.1451420933008194
v 0.1481083333492279 0.006158229894936085 0.15263879299163818
v 0.16890844702720642 0.0053825341165065765 0.1506347358226776
v 0.1453407257795334 0.005370285362005234 0.14526990056037903
v 0.14551055431365967 0.0069175343960523605 0.15279512107372284
v 0.14434002339839935 0.0058182221837341785 0.14532487094402313
v 0.14450855553150177 0.007354889065027237 0.15286259353160858
v 0.14350339770317078 0.006300186272710562 0.14537404477596283
v 0.1436658352613449 0.007825321517884731 0.15292315185070038
v 0.14280053973197937 0.006812218111008406 0.14541763067245483
v 0.14295299351215363 0.008324981667101383 0.15297697484493256
v 0.16895084083080292 0.003817005315795541 0.14348523318767548
v 0.17367519438266754 0.00463651679456234 0.14274851977825165
v 0.17360781133174896 0.00617617042735219 0.14974848926067352
v 0.19557645916938782 0.01546089630573988 0.1361568123102188
v 0.19547991454601288 0.01670585386455059 0.14184550940990448
v 0.1925368756055832 0.013131794519722462 0.13748858869075775
v 0.19243676960468292 0.014437900856137276 0.14344030618667603
v 0.18927833437919617 0.0109781539067626 0.1387338638305664
v 0.18917693197727203 0.012341453693807125 0.1449320912361145
v 0.18578578531742096 0.00902304146438837 0.13988757133483887
v 0.18568600714206696 0.010439014993607998 0.1463148444890976
v 0.18204344809055328 0.007289993576705456 0.14094461500644684
v 0.18194907903671265 0.00875354465097189 0.1475825160741806
v 0.17802169919013977 0.005812732968479395 0.141899973154068
v 0.1779375970363617 0.0073179020546376705 0.14872907102108002
v 0.142201229929924 0.007350368890911341 0.1454557478427887
v 0.20491714775562286 0.041858822107315063 0.16201356053352356
v 0.2050332874059677 0.03862644359469414 0.1589437872171402
v 0.20253407955169678 0.042056016623973846 0.16736702620983124
v 0.2048579454421997 0.043656375259160995 0.16331776976585388
v 0.20338061451911926 0.024358822032809258 0.13650350272655487
v 0.20553769171237946 0.028330156579613686 0.13898073136806488
v 0.20329250395298004 0.025636576116085052 0.14124257862567902
v 0.2054501622915268 0.029763178899884224 0.14331525564193726
v 0.20319482684135437 0.027174407616257668 0.14588725566864014
v 0.20535500347614288 0.03146863356232643 0.14753104746341705
v 0.2030886560678482 0.029003316536545753 0.15040628612041473
v 0.20525315403938293 0.03348314389586449 0.15158666670322418
v 0.2029750496149063 0.03116224892437458 0.15475571155548096
v 0.20514561235904694 0.035851530730724335 0.15542137622833252
v 0.20285502076148987 0.03369903191924095 0.15887120366096497
v 0.17373237013816833 0.003405506256967783 0.13568446040153503
v 0.1780930906534195 0.0046104853972792625 0.13500620424747467
v 0.1821235865354538 0.006122162099927664 0.1342420130968094
v 0.18587049841880798 0.007894287817180157 0.1333959549665451
v 0.16898685693740845 0.002564117545261979 0.13627268373966217
v 0.18936443328857422 0.009892437607049942 0.13247212767601013
v 0.19262182712554932 0.01209260243922472 0.1314745843410492
v 0.19565841555595398 0.014471257105469704 0.1304074376821518
v 0.16376051306724548 0.002202205825597048 0.13676682114601135
v 0.2027297019958496 0.03667014092206955 0.16265572607517242
v 0.2026001214981079 0.040130890905857086 0.16596002876758575
v 0.14782238006591797 0.003337467322126031 0.13759000599384308
v 0.15120388567447662 0.002768291626125574 0.1374693214893341
v 0.15790648758411407 0.0022861596662551165 0.13716402649879456
v 0.14234063029289246 0.008850017562508583 0.15302425622940063
v 0.14023348689079285 0.009684990160167217 0.14555668830871582
v 0.14030756056308746 0.011126927100121975 0.1531515270471573
v 0.13908343017101288 0.01090614777058363 0.14557842910289764
v 0.13836270570755005 0.011515103280544281 0.1455826312303543
v 0.13754017651081085 0.012094364501535892 0.14558261632919312
v 0.13571658730506897 0.013084858655929565 0.14557050168514252
v 0.13380636274814606 0.013851319439709187 0.14554330706596375
v 0.1953701227903366 0.01822805032134056 0.14745360612869263
v 0.19524841010570526 0.02005554921925068 0.15295498073101044
v 0.19232295453548431 0.016033412888646126 0.14930923283100128
v 0.192196786403656 0.017947209998965263 0.1550685465335846
v 0.18906161189079285 0.014005261473357677 0.15104587376117706
v 0.18893375992774963 0.015999116003513336 0.15704785287380219
v 0.185572549700737 0.012165429070591927 0.15265655517578125
v 0.18544676899909973 0.014232334680855274 0.15888500213623047
v 0.12997959554195404 0.014934368431568146 0.14544856548309326
v 0.1219925656914711 0.01766940765082836 0.15263625979423523
v 0.11376871913671494 0.020196180790662766 0.15935178101062775
v 0.1735312044620514 0.008047787472605705 0.1566631942987442
v 0.16886021196842194 0.007283790968358517 0.15770035982131958
v 0.16374146938323975 0.006964073516428471 0.15857671201229095
v 0.1580408215522766 0.007058036979287863 0.15928734838962555
v 0.15155623853206635 0.007521084044128656 0.15984028577804565
v 0.1482842117547989 0.008054501377046108 0.16006164252758026
v 0.14570370316505432 0.00879230909049511 0.16024841368198395
v 0.14470021426677704 0.009217021986842155 0.16032935678958893
v 0.14385057985782623 0.009673718363046646 0.16040225327014923
v 0.17784196138381958 0.009149414487183094 0.15547218918800354
v 0.18184174597263336 0.010536194778978825 0.1541343331336975
v 0.1391291320323944 0.012317531742155552 0.1531805545091629
v 0.14312638342380524 0.010158669203519821 0.16046732664108276
v 0.1375684291124344 0.013475948944687843 0.15318842232227325
v 0.13918109238147736 0.014031289145350456 0.16072046756744385
v 0.13760054111480713 0.015154507011175156 0.16073383390903473
v 0.13573512434959412 0.014442035928368568 0.15317657589912415
v 0.13575619459152222 0.016091572120785713 0.1607239544391632
v 0.1338174194097519 0.015190167352557182 0.153146430850029
v 0.1338300108909607 0.016817662864923477 0.1606924682855606
v 0.12997561693191528 0.016248242929577827 0.15303701162338257
v 0.13839825987815857 0.012911190278828144 0.15318705141544342
v 0.12997111678123474 0.017845219001173973 0.16057108342647552
v 0.1219671368598938 0.019224250689148903 0.16011138260364532
v 0.1424991637468338 0.010668148286640644 0.16052477061748505
v 0.14039184153079987 0.01287675928324461 0.16068224608898163
v 0.042251888662576675 0.07078824192285538 0.10110089927911758
v 0.04319603368639946 0.07101518660783768 0.09597627818584442
v 0.041532475501298904 0.06985870748758316 0.10482723265886307
v 0.04102540388703346 0.0684562548995018 0.10708626359701157
v 0.04072093591094017 0.06684084236621857 0.10784189403057098
v 0.04102747142314911 0.06835906952619553 0.10859556496143341
v 0.04152808338403702 0.07000133395195007 0.10708626359701157
v 0.04223113879561424 0.07133863866329193 0.10408338904380798
v 0.04314893111586571 0.0721302404999733 0.09963378310203552
v 0.04429293051362038 0.07216621935367584 0.0938175693154335
v 0.04072248563170433 0.0666942372918129 0.10859234631061554
v 0.04072800278663635 0.06610563397407532 0.11004934459924698
v 0.04104241728782654 0.06759104132652283 0.11157052963972092
v 0.04103332385420799 0.06807074695825577 0.11009453237056732
v 0.05436676740646362 0.0791746973991394 0.08179165422916412
v 0.050387922674417496 0.07683155685663223 0.08558549731969833
v 0.041532475501298904 0.06985870748758316 0.10934529453516006
v 0.042223792523145676 0.07152381539344788 0.10708626359701157
v 0.04311861842870712 0.07279771566390991 0.10334740579128265
v 0.04423031583428383 0.07346098124980927 0.09818615764379501
v 0.04556761682033539 0.07332411408424377 0.09169338643550873
v 0.04701293632388115 0.07448852807283401 0.08960948139429092
v 0.041544895619153976 0.0694352313876152 0.11158892512321472
v 0.04419000819325447 0.07423461973667145 0.11155126243829727
v 0.04314893111586571 0.0721302404999733 0.11453873664140701
v 0.04228413850069046 0.069870226085186 0.11600876599550247
v 0.04232597351074219 0.0685654729604721 0.11886385828256607
v 0.04158923029899597 0.0677289217710495 0.11594561487436295
v 0.04161885753273964 0.06639982014894485 0.1179828867316246
v 0.041068173944950104 0.06601006537675858 0.1143656075000763
v 0.04325712472200394 0.06942735612392426 0.12175220251083374
v 0.04073580726981163 0.06506045907735825 0.11134170740842819
v 0.04696415737271309 0.07537008076906204 0.09247288107872009
v 0.04549017921090126 0.07477987557649612 0.09676191210746765
v 0.04419000819325447 0.07423461973667145 0.10262126475572586
v 0.04310790076851845 0.0730220153927803 0.10708626359701157
v 0.04223113879561424 0.07133863866329193 0.11008913069963455
v 0.04073168709874153 0.06564896553754807 0.11073040962219238
v 0.04692273586988449 0.07608581334352493 0.09536495804786682
v 0.04544034227728844 0.07564794272184372 0.1019069105386734
v 0.044175755232572556 0.07449424266815186 0.10708626359701157
v 0.04311861842870712 0.07279771566390991 0.11082510650157928
v 0.042251888662576675 0.07078824192285538 0.11307162791490555
v 0.041564200073480606 0.06872985512018204 0.11379827558994293
v 0.041054219007492065 0.06691127270460129 0.11300496011972427
v 0.2149507850408554 0.049912337213754654 0.13250324130058289
v 0.21491582691669464 0.051378246396780014 0.13433396816253662
v 0.21487969160079956 0.05308576300740242 0.13591721653938293
v 0.21484266221523285 0.05504057928919792 0.13714373111724854
v 0.21480505168437958 0.0571882538497448 0.1378929764032364
v 0.1817227452993393 0.012668335810303688 0.1605721414089203
v 0.17773592472076416 0.011337826028466225 0.1621013879776001
v 0.10523353517055511 0.056213486939668655 0.20964154601097107
v 0.11339188367128372 0.05427931621670723 0.21189889311790466
v 0.12167049944400787 0.052054792642593384 0.21305173635482788
v 0.12581732869148254 0.049907948821783066 0.2129283845424652
v 0.1299220770597458 0.047701284289360046 0.21240590512752533
v 0.13395756483078003 0.04369933158159256 0.21055200695991516
v 0.1379259079694748 0.042660631239414215 0.21030572056770325
v 0.14121314883232117 0.03957216441631317 0.2087954878807068
v 0.14261528849601746 0.03883395716547966 0.20848536491394043
v 0.1425686478614807 0.037253230810165405 0.20736487209796906
v 0.09728791564702988 0.057830244302749634 0.20632395148277283
v 0.08963408321142197 0.05909396708011627 0.20202702283859253
v 0.1521300971508026 0.017356663942337036 0.18464551866054535
v 0.1520398110151291 0.015600811690092087 0.18125027418136597
v 0.1582251787185669 0.01518460176885128 0.18040812015533447
v 0.08594027161598206 0.060389116406440735 0.19931478798389435
v 0.1439841389656067 0.036534782499074936 0.20701241493225098
v 0.1424759328365326 0.03429020196199417 0.20487326383590698
v 0.14386406540870667 0.03354562073945999 0.20455312728881836
v 0.12991687655448914 0.0532558299601078 0.21391896903514862
v 0.13397695124149323 0.05077192559838295 0.21352720260620117
v 0.14374519884586334 0.0308018010109663 0.20182418823242188
v 0.14238415658473969 0.031575191766023636 0.20211434364318848
v 0.14105406403541565 0.032385267317295074 0.2023509442806244
v 0.13787706196308136 0.03663220256567001 0.2055046260356903
v 0.13394795358181 0.04058605432510376 0.2082817107439041
v 0.12992554903030396 0.04431534558534622 0.21057669818401337
v 0.14476801455020905 0.02104364149272442 0.18899518251419067
v 0.14707855880260468 0.026880765333771706 0.19820213317871094
v 0.14516571164131165 0.027540333569049835 0.1985727995634079
v 0.14351201057434082 0.02596721611917019 0.19579139351844788
v 0.14362776279449463 0.028282908722758293 0.19888871908187866
v 0.14099164307117462 0.029928086325526237 0.1993631273508072
v 0.15251149237155914 0.02592468447983265 0.1972898244857788
v 0.14544107019901276 0.03285630792379379 0.2041758894920349
v 0.14940783381462097 0.023939477279782295 0.1947631984949112
v 0.15231715142726898 0.021304495632648468 0.19119344651699066
v 0.1524135172367096 0.02352290228009224 0.19431017339229584
v 0.15840497612953186 0.025566181167960167 0.19613833725452423
v 0.1526108831167221 0.02852746471762657 0.200096994638443
v 0.14736643433570862 0.03224283456802368 0.20374014973640442
v 0.1472216248512268 0.029450707137584686 0.20107696950435638
v 0.14530256390571594 0.030086500570178032 0.20147889852523804
v 0.1686539202928543 0.01711299642920494 0.18126921355724335
v 0.16371043026447296 0.01685759425163269 0.1826256960630417
v 0.16370542347431183 0.018767409026622772 0.1858207732439041
v 0.15829487144947052 0.01886027120053768 0.1870093047618866
v 0.15833088755607605 0.020922990515828133 0.1901763677597046
v 0.09741394966840744 0.03412976488471031 0.19017401337623596
v 0.09739965945482254 0.036080747842788696 0.1931614875793457
v 0.10540596395730972 0.03373722732067108 0.19265475869178772
v 0.12178616225719452 0.03456206992268562 0.1989990621805191
v 0.12993909418582916 0.0335860401391983 0.19964835047721863
v 0.12992897629737854 0.041229065507650375 0.20827513933181763
v 0.12993237376213074 0.03843099996447563 0.205629363656044
v 0.13393841683864594 0.03775651752948761 0.20566491782665253
v 0.13392896950244904 0.03518514335155487 0.20279262959957123
v 0.1378529816865921 0.03401157259941101 0.2026696503162384
v 0.11354618519544601 0.03522946685552597 0.1977020502090454
v 0.13782918453216553 0.03161943703889847 0.19963885843753815
v 0.14093011617660522 0.027674321085214615 0.1962190866470337
v 0.14339816570281982 0.02383454330265522 0.19256657361984253
v 0.1448981761932373 0.023037122562527657 0.19230122864246368
v 0.10538516193628311 0.03572024405002594 0.1957564800977707
v 0.11356901377439499 0.03321264684200287 0.19451995193958282
v 0.12180472165346146 0.0325065553188324 0.1957743912935257
v 0.1299423724412918 0.03148092329502106 0.19642293453216553
v 0.1379629373550415 0.047913409769535065 0.21272124350070953
v 0.14131006598472595 0.04468582570552826 0.2115367352962494
v 0.09744179993867874 0.030708005651831627 0.1839081346988678
v 0.10544650256633759 0.030262354761362076 0.18616460263729095
v 0.11361347883939743 0.02967933937907219 0.18786932528018951
v 0.12184089422225952 0.028903746977448463 0.18903297185897827
v 0.12994877994060516 0.02778618596494198 0.18966613709926605
v 0.09731058776378632 0.052528541535139084 0.20603583753108978
v 0.13391046226024628 0.030704298987984657 0.19652050733566284
v 0.13391965627670288 0.03284331038594246 0.19972945749759674
v 0.14328648149967194 0.021867593750357628 0.1892387568950653
v 0.1408102661371231 0.023694844916462898 0.18958763778209686
v 0.14317718148231506 0.020050987601280212 0.18582765758037567
v 0.14464065432548523 0.019201502203941345 0.18560387194156647
v 0.14451634883880615 0.017498211935162544 0.18214166164398193
v 0.1408696174621582 0.02560260333120823 0.19295257329940796
v 0.15186673402786255 0.012470974586904049 0.17428025603294373
v 0.15815918147563934 0.012035458348691463 0.17354151606559753
v 0.1394391655921936 0.024648843333125114 0.1896967887878418
v 0.13776004314422607 0.02557615377008915 0.18976494669914246
v 0.10555638372898102 0.022728029638528824 0.1654229462146759
v 0.11373405903577805 0.022014407441020012 0.1666540950536728
v 0.12193895876407623 0.021081261336803436 0.1675184965133667
v 0.1299661248922348 0.01975284330546856 0.16803264617919922
v 0.13384398818016052 0.018761826679110527 0.16816243529319763
v 0.13385915756225586 0.02106030285358429 0.17553013563156128
v 0.13583216071128845 0.023128792643547058 0.1827775239944458
v 0.1052665263414383 0.05079939588904381 0.2087370753288269
v 0.11342805624008179 0.04885974898934364 0.21037869155406952
v 0.1258375495672226 0.04475061222910881 0.2103855311870575
v 0.12169986218214035 0.04672378674149513 0.21097660064697266
v 0.1378057450056076 0.029430506750941277 0.19645732641220093
v 0.15836761891841888 0.02315336838364601 0.19322791695594788
v 0.16369511187076569 0.023061135783791542 0.19189870357513428
v 0.16848111152648926 0.028262639418244362 0.19564278423786163
v 0.16367898881435394 0.030896320939064026 0.19982179999351501
v 0.16370031237602234 0.02083083614706993 0.18891902267932892
v 0.16833457350730896 0.04066798463463783 0.20308463275432587
v 0.16837160289287567 0.03726903721690178 0.2017815262079239
v 0.172755166888237 0.037607256323099136 0.19953086972236633
v 0.17281363904476166 0.034454941749572754 0.19788725674152374
v 0.17694614827632904 0.035052280873060226 0.19546836614608765
v 0.17701856791973114 0.032160911709070206 0.19357013702392578
v 0.1809176802635193 0.03299746662378311 0.19100086390972137
v 0.18099816143512726 0.03036576695740223 0.18891538679599762
v 0.16858668625354767 0.02106313779950142 0.18741272389888763
v 0.16862067580223083 0.01901177130639553 0.1843903511762619
v 0.17315076291561127 0.019618453457951546 0.18272551894187927
v 0.17709027230739594 0.02946343459188938 0.19139476120471954
v 0.18107765913009644 0.027920326218008995 0.18660983443260193
v 0.18476486206054688 0.02905004657804966 0.18400393426418304
v 0.18468081951141357 0.03142622858285904 0.186213880777359
v 0.188240647315979 0.030324354767799377 0.18118992447853088
v 0.1636735051870346 0.033931177109479904 0.20197242498397827
v 0.16844496130943298 0.03105497546494007 0.1979917734861374
v 0.1729290932416916 0.02874981053173542 0.19364090263843536
v 0.1771611124277115 0.026958787813782692 0.18899673223495483
v 0.16829738020896912 0.04421241208910942 0.2039005607366562
v 0.16606378555297852 0.0371905155479908 0.2028108835220337
v 0.18815521895885468 0.03262218460440636 0.18330132961273193
v 0.1845957487821579 0.033981695771217346 0.1882075071334839
v 0.18083639442920685 0.035814717411994934 0.19281353056430817
v 0.17687314748764038 0.03813200443983078 0.1970336139202118
v 0.1726963222026825 0.040933676064014435 0.20076631009578705
v 0.1728716492652893 0.03150134161114693 0.19590416550636292
v 0.16840842366218567 0.0340573824942112 0.20005901157855988
v 0.1449127048254013 0.011433475650846958 0.1677018702030182
v 0.14405541121959686 0.011874161660671234 0.16778838634490967
v 0.14331859350204468 0.012342006899416447 0.16786599159240723
v 0.14267495274543762 0.012833420187234879 0.1679348647594452
v 0.1404852569103241 0.014962978661060333 0.16812770068645477
v 0.13923871517181396 0.01607583276927471 0.16817758977413177
v 0.13763615489006042 0.01715839095413685 0.16819880902767181
v 0.13577957451343536 0.018061690032482147 0.16819319128990173
v 0.14591781795024872 0.01102354098111391 0.1676061749458313
v 0.14847920835018158 0.010310997255146503 0.16738645732402802
v 0.17344626784324646 0.010281940922141075 0.16346488893032074
v 0.1688067466020584 0.009551228024065495 0.16465476155281067
v 0.16373342275619507 0.009248348884284496 0.16566315293312073
v 0.1580975204706192 0.009343975223600864 0.16648449003696442
v 0.15170501172542572 0.00979504082351923 0.16712743043899536
v 0.1522226184606552 0.01925385370850563 0.18796493113040924
v 0.1582595854997635 0.0169514212757349 0.1837480664253235
v 0.0974937230348587 0.025367656722664833 0.17065483331680298
v 0.1055220440030098 0.02484055608510971 0.172479048371315
v 0.11369638890028 0.02416479028761387 0.17386677861213684
v 0.12190830707550049 0.023276787251234055 0.1748340129852295
v 0.12996071577072144 0.022008268162608147 0.17539666593074799
v 0.13387538492679596 0.02376447804272175 0.1827574223279953
v 0.135860875248909 0.026348551735281944 0.18979404866695404
v 0.13778267800807953 0.027422336861491203 0.19315814971923828
v 0.14427806437015533 0.01446506567299366 0.17504996061325073
v 0.1435275673866272 0.01491335779428482 0.17514178156852722
v 0.14286601543426514 0.015384156256914139 0.17522381246089935
v 0.14058679342269897 0.01742374151945114 0.17545872926712036
v 0.1393013596534729 0.018489260226488113 0.1755235642194748
v 0.08969918638467789 0.02819175086915493 0.17482806742191315
v 0.09746847301721573 0.027818670496344566 0.1773725152015686
v 0.12995490431785583 0.024662397801876068 0.18262654542922974
v 0.12187552452087402 0.025860873982310295 0.182023286819458
v 0.11365606635808945 0.026696663349866867 0.18095597624778748
v 0.10548530519008636 0.02732929028570652 0.1794104427099228
v 0.13389255106449127 0.026945525780320168 0.18978600203990936
v 0.14439541101455688 0.015922440215945244 0.17862069606781006
v 0.1430705040693283 0.01837211474776268 0.1823473572731018
v 0.1407521665096283 0.02193518728017807 0.18614336848258972
v 0.14296671748161316 0.016819553449749947 0.17880982160568237
v 0.1406954824924469 0.020310774445533752 0.18263331055641174
v 0.13936838507652283 0.021323274821043015 0.18271739780902863
f 1 2 3
f 4 5 6
f 4 6 7
f 7 6 8
f 7 8 9
f 9 8 10
f 9 10 11
f 12 5 4
f 11 10 13
f 14 13 15
f 14 15 16
f 16 15 17
f 16 17 18
f 18 17 19
f 20 21 22
f 11 13 14
f 22 21 23
f 12 24 5
f 25 26 24
f 27 28 29
f 27 29 30
f 30 29 31
f 30 31 32
f 32 31 33
f 32 33 34
f 25 24 12
f 34 33 35
f 36 35 37
f 36 37 38
f 38 37 39
f 38 39 40
f 40 39 26
f 40 26 25
f 34 35 36
f 41 28 27
f 22 23 42
f 42 43 44
f 21 45 23
f 23 45 46
f 23 46 43
f 43 46 47
f 43 47 48
f 48 47 49
f 21 50 45
f 48 49 51
f 51 52 53
f 53 52 54
f 53 54 55
f 55 54 56
f 55 56 57
f 57 56 58
f 51 49 52
f 42 23 43
f 59 50 21
f 60 61 62
f 44 43 48
f 44 48 63
f 63 48 64
f 63 64 65
f 65 64 66
f 65 66 67
f 60 62 68
f 67 66 69
f 70 69 71
f 70 71 72
f 72 71 73
f 72 73 74
f 74 73 61
f 74 61 60
f 67 69 70
f 57 58 75
f 41 76 28
f 77 19 17
f 78 79 80
f 78 80 81
f 81 80 82
f 81 82 83
f 83 82 84
f 83 84 85
f 86 79 78
f 85 84 87
f 88 89 90
f 90 89 91
f 90 91 92
f 92 91 93
f 92 93 94
f 95 96 97
f 85 87 98
f 97 96 99
f 86 100 79
f 101 102 100
f 103 49 104
f 105 106 107
f 107 106 108
f 107 108 109
f 109 108 110
f 109 110 111
f 101 100 86
f 111 110 112
f 113 112 114
f 113 114 115
f 115 114 116
f 115 116 117
f 117 116 102
f 117 102 101
f 111 112 113
f 118 76 41
f 97 99 119
f 119 120 121
f 7 122 123
f 7 123 4
f 4 123 124
f 4 124 12
f 12 124 125
f 12 125 126
f 9 122 7
f 13 127 15
f 15 128 17
f 17 128 77
f 129 130 131
f 131 130 132
f 131 132 77
f 77 132 19
f 15 127 128
f 119 99 120
f 9 133 122
f 11 134 133
f 121 120 135
f 125 124 136
f 136 124 123
f 136 123 137
f 137 123 122
f 137 122 138
f 11 133 9
f 138 122 133
f 139 133 134
f 139 134 140
f 140 134 141
f 18 141 14
f 14 141 134
f 14 134 11
f 138 133 139
f 75 58 142
f 75 142 61
f 61 142 143
f 144 145 146
f 144 146 147
f 147 146 148
f 147 148 149
f 149 148 150
f 149 150 151
f 152 145 144
f 151 150 153
f 154 153 155
f 154 155 156
f 156 155 157
f 156 157 158
f 158 157 159
f 158 159 160
f 151 153 154
f 160 159 161
f 120 162 135
f 99 163 120
f 164 165 166
f 164 166 167
f 167 166 168
f 167 168 169
f 170 171 172
f 172 171 173
f 120 163 162
f 174 175 176
f 176 177 95
f 95 177 178
f 95 178 96
f 96 178 179
f 96 179 99
f 99 179 163
f 176 175 177
f 89 165 164
f 160 161 180
f 180 181 182
f 77 163 179
f 77 179 131
f 131 179 178
f 131 178 129
f 129 178 177
f 129 177 183
f 128 163 77
f 183 177 175
f 184 175 174
f 184 174 185
f 186 187 188
f 189 190 191
f 191 190 192
f 191 192 193
f 183 175 184
f 180 161 181
f 128 162 163
f 127 135 162
f 182 181 194
f 182 194 195
f 195 194 169
f 195 169 196
f 196 169 168
f 196 168 197
f 127 162 128
f 197 168 166
f 8 166 165
f 8 165 10
f 10 165 198
f 10 198 13
f 13 198 135
f 13 135 127
f 197 166 8
f 89 198 165
f 88 198 89
f 88 135 198
f 199 200 201
f 199 201 142
f 202 203 204
f 204 203 205
f 204 205 206
f 206 205 207
f 208 200 199
f 206 207 209
f 209 210 211
f 211 210 212
f 211 212 213
f 213 212 214
f 213 214 215
f 215 214 216
f 209 207 210
f 215 216 217
f 208 218 200
f 219 217 218
f 61 143 220
f 221 204 222
f 222 204 206
f 222 206 223
f 223 206 209
f 223 209 224
f 219 218 208
f 224 209 211
f 225 211 213
f 225 213 104
f 104 213 215
f 104 215 103
f 103 215 217
f 103 217 219
f 224 211 225
f 217 216 226
f 217 226 218
f 218 226 227
f 228 229 230
f 230 174 228
f 228 174 176
f 228 176 231
f 231 176 95
f 231 95 232
f 228 233 229
f 232 95 97
f 94 97 119
f 94 119 92
f 92 119 121
f 92 121 90
f 90 121 135
f 90 135 88
f 232 97 94
f 231 233 228
f 231 234 233
f 232 234 231
f 218 227 200
f 200 227 235
f 200 235 201
f 201 235 236
f 201 236 142
f 142 236 237
f 142 237 143
f 169 194 238
f 238 194 239
f 238 239 93
f 93 239 106
f 93 106 94
f 94 106 105
f 94 105 232
f 232 105 234
f 240 49 103
f 193 192 241
f 240 52 49
f 242 54 52
f 243 244 245
f 245 244 246
f 245 246 247
f 247 246 248
f 247 248 249
f 249 248 250
f 243 251 244
f 249 250 252
f 253 155 254
f 253 254 255
f 255 254 256
f 255 256 257
f 257 256 258
f 257 258 259
f 157 155 253
f 259 258 260
f 261 251 243
f 262 263 261
f 264 265 266
f 266 265 267
f 266 267 268
f 268 267 269
f 268 269 270
f 270 269 271
f 261 263 251
f 270 271 272
f 272 273 274
f 274 273 275
f 276 277 278
f 278 277 279
f 278 279 262
f 262 279 263
f 272 271 273
f 264 280 265
f 259 260 281
f 281 282 283
f 284 147 149
f 284 149 285
f 285 149 151
f 285 151 286
f 286 151 154
f 286 154 287
f 288 147 284
f 287 154 156
f 289 156 158
f 289 158 290
f 161 159 291
f 291 159 292
f 291 292 293
f 293 292 294
f 287 156 289
f 281 260 282
f 288 144 147
f 295 152 144
f 159 157 292
f 292 157 253
f 292 253 294
f 294 253 255
f 294 255 296
f 296 255 257
f 295 144 288
f 296 257 297
f 297 259 298
f 298 259 281
f 298 281 299
f 299 281 283
f 299 283 300
f 301 152 295
f 297 257 259
f 293 294 302
f 303 280 264
f 304 305 303
f 306 307 308
f 308 307 309
f 308 309 310
f 310 309 311
f 310 311 312
f 312 311 313
f 306 314 307
f 312 313 315
f 315 316 317
f 317 316 318
f 317 318 319
f 319 318 320
f 319 320 321
f 321 320 322
f 315 313 316
f 321 322 323
f 324 314 306
f 325 326 324
f 327 328 329
f 329 328 330
f 329 330 331
f 331 330 332
f 331 332 333
f 333 332 334
f 324 326 314
f 333 334 335
f 335 336 337
f 337 336 338
f 337 338 339
f 339 338 340
f 339 340 325
f 325 340 326
f 335 334 336
f 303 305 280
f 323 322 341
f 342 341 343
f 344 345 346
f 346 345 347
f 346 347 348
f 348 347 349
f 348 349 350
f 350 349 351
f 344 352 345
f 350 351 353
f 353 354 355
f 355 354 356
f 355 356 357
f 274 275 327
f 358 359 304
f 304 359 305
f 353 351 354
f 323 341 342
f 360 352 344
f 361 362 360
f 342 343 363
f 363 343 364
f 363 364 365
f 365 364 366
f 365 366 367
f 367 366 368
f 360 362 352
f 367 368 369
f 369 370 371
f 371 370 372
f 371 372 373
f 373 372 374
f 373 374 361
f 361 374 362
f 369 368 370
f 302 294 296
f 302 296 375
f 375 296 297
f 376 377 378
f 376 378 379
f 106 239 108
f 108 239 380
f 108 380 110
f 110 380 381
f 382 377 376
f 110 381 112
f 112 383 114
f 114 383 384
f 114 384 116
f 116 384 385
f 116 385 102
f 102 385 386
f 112 381 383
f 102 386 100
f 382 387 377
f 388 389 387
f 380 194 181
f 380 181 381
f 381 181 390
f 381 390 383
f 383 390 391
f 383 391 384
f 388 387 382
f 384 391 392
f 385 392 393
f 385 393 386
f 386 393 394
f 386 394 395
f 395 394 389
f 395 389 388
f 384 392 385
f 239 194 380
f 100 386 395
f 79 395 388
f 53 64 51
f 51 64 48
f 142 396 199
f 199 396 397
f 199 397 208
f 208 397 242
f 53 66 64
f 208 242 219
f 219 240 103
f 142 58 396
f 396 58 56
f 396 56 397
f 397 56 54
f 397 54 242
f 219 242 240
f 100 395 79
f 55 66 53
f 57 69 55
f 79 388 80
f 80 388 382
f 80 382 82
f 82 382 376
f 82 376 84
f 84 376 379
f 55 69 66
f 84 379 87
f 164 238 91
f 164 91 89
f 61 73 75
f 75 73 71
f 75 71 57
f 57 71 69
f 167 238 164
f 238 167 169
f 6 197 8
f 398 197 6
f 389 399 400
f 389 400 387
f 387 400 401
f 387 401 377
f 377 401 402
f 377 402 378
f 394 399 389
f 403 222 50
f 50 223 45
f 45 223 224
f 45 224 46
f 46 224 225
f 46 225 47
f 47 225 104
f 50 222 223
f 47 104 49
f 394 375 399
f 393 302 375
f 375 297 399
f 399 297 298
f 399 298 400
f 400 298 299
f 400 299 401
f 401 299 300
f 393 375 394
f 401 300 402
f 390 161 291
f 390 291 391
f 391 291 293
f 391 293 392
f 392 293 302
f 392 302 393
f 181 161 390
f 76 301 28
f 28 301 295
f 28 295 29
f 404 405 290
f 404 290 160
f 160 290 158
f 180 182 406
f 406 182 407
f 406 407 408
f 409 405 404
f 408 407 196
f 160 180 404
f 404 180 406
f 404 406 409
f 409 406 408
f 409 408 398
f 398 408 197
f 408 196 197
f 409 24 405
f 398 24 409
f 398 5 24
f 29 295 288
f 29 288 410
f 410 288 284
f 410 284 411
f 411 284 285
f 411 285 412
f 412 285 286
f 412 286 413
f 413 286 287
f 413 287 414
f 414 287 289
f 414 289 415
f 415 289 290
f 415 290 405
f 6 5 398
f 242 52 240
f 193 241 416
f 416 241 417
f 416 417 418
f 419 420 421
f 421 420 422
f 421 422 423
f 423 422 424
f 423 424 425
f 425 424 426
f 419 427 420
f 428 429 430
f 430 431 432
f 432 431 433
f 432 433 434
f 434 433 435
f 434 435 436
f 436 435 437
f 430 429 431
f 436 437 438
f 439 427 419
f 440 441 439
f 442 443 444
f 444 443 445
f 444 445 446
f 446 445 447
f 446 447 448
f 448 447 449
f 439 441 427
f 448 449 450
f 450 451 452
f 452 451 453
f 452 453 454
f 454 453 455
f 454 455 440
f 440 455 441
f 450 449 451
f 442 456 443
f 438 437 457
f 458 457 459
f 460 461 462
f 462 461 463
f 462 463 464
f 464 463 465
f 464 465 466
f 466 465 467
f 460 468 461
f 466 467 469
f 470 471 472
f 470 472 473
f 473 472 474
f 473 474 475
f 476 477 478
f 478 477 470
f 477 471 470
f 438 457 458
f 479 468 460
f 480 481 479
f 458 459 482
f 483 465 429
f 429 465 463
f 429 463 431
f 431 463 461
f 431 461 433
f 479 481 468
f 433 461 468
f 435 468 481
f 435 481 437
f 437 481 484
f 437 484 457
f 457 484 485
f 457 485 459
f 433 468 435
f 478 470 486
f 487 456 442
f 488 489 487
f 490 172 491
f 491 172 173
f 491 173 492
f 492 173 493
f 492 493 494
f 494 493 495
f 490 496 172
f 494 495 68
f 68 497 60
f 498 499 500
f 500 499 501
f 500 501 502
f 502 501 503
f 502 503 504
f 68 495 497
f 504 503 488
f 505 496 490
f 506 507 505
f 508 509 510
f 510 509 511
f 510 511 512
f 512 511 513
f 512 513 514
f 514 513 515
f 505 507 496
f 514 515 516
f 516 517 518
f 518 517 519
f 518 519 520
f 520 519 521
f 520 521 506
f 506 521 507
f 516 515 517
f 487 489 456
f 504 488 522
f 522 487 523
f 507 439 419
f 507 419 496
f 496 419 421
f 496 421 172
f 172 421 423
f 172 423 170
f 521 439 507
f 170 423 425
f 499 524 501
f 501 524 525
f 501 525 503
f 503 525 526
f 503 526 488
f 488 526 489
f 483 429 428
f 522 488 487
f 521 440 439
f 519 454 440
f 523 487 442
f 523 442 527
f 527 442 444
f 527 444 509
f 509 444 446
f 509 446 511
f 519 440 521
f 511 446 448
f 513 448 450
f 513 450 515
f 515 450 452
f 515 452 517
f 517 452 454
f 517 454 519
f 511 448 513
f 486 470 473
f 486 473 528
f 528 473 475
f 529 441 455
f 529 455 530
f 530 455 453
f 530 453 428
f 428 453 451
f 428 451 483
f 531 441 529
f 483 451 449
f 467 449 447
f 467 447 469
f 469 447 445
f 469 445 532
f 532 445 443
f 532 443 533
f 483 449 467
f 533 443 456
f 531 427 441
f 534 420 427
f 476 535 477
f 477 535 536
f 477 536 471
f 471 536 537
f 471 537 538
f 538 537 539
f 534 427 531
f 538 539 540
f 541 426 424
f 541 424 474
f 474 424 422
f 474 422 475
f 475 422 420
f 475 420 534
f 540 426 541
f 476 542 535
f 533 456 543
f 543 489 544
f 545 546 547
f 547 546 548
f 547 548 549
f 549 548 550
f 549 550 551
f 551 550 552
f 545 553 546
f 551 552 554
f 554 555 556
f 556 555 557
f 556 557 558
f 558 557 559
f 558 559 560
f 560 559 561
f 554 552 555
f 543 456 489
f 562 553 545
f 563 564 562
f 544 489 526
f 544 526 565
f 565 526 525
f 565 525 566
f 566 525 524
f 566 524 567
f 562 564 553
f 567 524 499
f 568 569 570
f 570 569 571
f 570 571 572
f 572 571 573
f 572 573 563
f 563 573 564
f 567 499 574
f 575 542 476
f 575 576 542
f 577 576 575
f 578 579 580
f 578 580 581
f 581 580 582
f 581 582 583
f 583 582 584
f 583 584 585
f 586 579 578
f 585 584 531
f 587 577 588
f 588 577 589
f 588 589 590
f 590 589 586
f 590 586 591
f 591 586 578
f 585 531 529
f 591 578 592
f 586 593 579
f 589 575 593
f 528 475 594
f 594 475 534
f 575 476 593
f 593 476 478
f 593 478 579
f 579 478 486
f 589 593 586
f 579 486 580
f 580 528 582
f 582 528 594
f 582 594 584
f 584 594 534
f 584 534 531
f 577 575 589
f 580 486 528
f 592 578 581
f 592 581 595
f 595 581 583
f 588 596 587
f 2 1 597
f 597 1 598
f 597 598 599
f 485 600 459
f 459 600 601
f 588 482 596
f 459 601 482
f 482 599 596
f 596 599 598
f 596 598 587
f 587 598 1
f 587 1 577
f 577 1 576
f 482 601 599
f 590 482 588
f 590 458 482
f 591 458 590
f 595 583 602
f 602 583 585
f 602 585 603
f 603 585 529
f 603 529 530
f 530 430 603
f 603 430 432
f 603 432 602
f 602 432 434
f 602 434 595
f 595 434 436
f 595 436 592
f 592 436 438
f 592 438 591
f 591 438 458
f 508 527 509
f 604 527 508
f 604 523 527
f 605 523 604
f 606 607 608
f 606 608 609
f 610 611 612
f 612 611 613
f 612 613 614
f 614 613 615
f 616 607 606
f 614 615 617
f 617 618 619
f 619 618 620
f 619 620 621
f 621 620 622
f 621 622 623
f 623 622 624
f 617 615 618
f 623 624 625
f 616 626 607
f 627 628 626
f 629 241 630
f 630 241 192
f 630 192 631
f 631 192 190
f 631 190 632
f 633 634 635
f 627 626 616
f 635 634 636
f 637 636 638
f 637 638 639
f 639 638 640
f 639 640 641
f 641 640 628
f 641 628 627
f 635 636 637
f 629 417 241
f 625 624 642
f 643 642 644
f 645 632 646
f 185 647 184
f 184 647 648
f 184 648 183
f 183 648 649
f 183 649 130
f 645 631 632
f 130 649 650
f 132 650 651
f 132 651 19
f 19 651 652
f 19 652 18
f 18 652 187
f 18 187 141
f 130 650 132
f 625 642 643
f 653 631 645
f 654 630 653
f 643 644 655
f 655 644 656
f 655 656 657
f 657 656 658
f 657 658 659
f 659 658 660
f 653 630 631
f 659 660 661
f 661 662 663
f 663 662 664
f 663 664 665
f 665 664 629
f 665 629 654
f 654 629 630
f 661 660 662
f 664 417 629
f 664 666 417
f 662 666 664
f 667 619 668
f 668 619 621
f 668 621 669
f 669 621 623
f 669 623 670
f 670 623 625
f 667 617 619
f 670 625 671
f 671 643 672
f 672 643 655
f 672 655 673
f 673 655 657
f 673 657 674
f 674 657 659
f 671 625 643
f 674 659 634
f 675 617 667
f 676 614 675
f 418 417 666
f 418 666 677
f 677 666 678
f 677 678 679
f 679 678 680
f 679 680 681
f 675 614 617
f 559 682 561
f 561 683 684
f 684 683 685
f 684 685 686
f 686 685 612
f 686 612 676
f 676 612 614
f 561 682 683
f 634 659 661
f 634 661 636
f 636 661 663
f 622 687 624
f 624 687 688
f 624 688 642
f 642 688 689
f 642 689 644
f 644 689 690
f 622 691 687
f 644 690 656
f 656 681 658
f 658 681 680
f 658 680 660
f 660 680 678
f 660 678 662
f 662 678 666
f 656 690 681
f 620 691 622
f 620 692 691
f 618 692 620
f 636 663 638
f 638 663 665
f 638 665 640
f 640 665 654
f 640 654 628
f 628 654 653
f 628 653 626
f 626 653 645
f 626 645 607
f 607 645 646
f 607 646 608
f 613 693 615
f 615 693 694
f 615 694 618
f 618 694 692
f 141 187 186
f 695 696 697
f 141 186 140
f 140 698 139
f 699 700 701
f 701 700 702
f 701 702 703
f 703 702 704
f 703 704 705
f 705 704 706
f 699 707 700
f 705 706 708
f 708 709 710
f 711 712 713
f 713 712 714
f 713 714 715
f 715 714 716
f 715 716 717
f 708 706 709
f 717 716 605
f 718 707 699
f 719 720 718
f 62 721 494
f 62 494 68
f 722 713 723
f 723 713 715
f 723 715 724
f 724 715 717
f 718 720 707
f 724 717 725
f 725 726 727
f 727 726 728
f 727 728 729
f 729 728 730
f 729 730 719
f 719 730 720
f 725 717 726
f 220 721 62
f 717 605 726
f 726 604 728
f 710 505 490
f 710 490 731
f 731 490 491
f 731 491 721
f 721 491 492
f 721 492 494
f 709 505 710
f 732 500 712
f 712 502 714
f 714 502 504
f 714 504 716
f 716 504 522
f 716 522 605
f 605 522 523
f 712 500 502
f 726 605 604
f 709 506 505
f 706 520 506
f 728 604 508
f 728 508 730
f 730 508 510
f 730 510 720
f 720 510 512
f 720 512 707
f 706 506 709
f 707 512 514
f 700 514 516
f 700 516 702
f 702 516 518
f 702 518 704
f 704 518 520
f 704 520 706
f 707 514 700
f 220 731 721
f 143 731 220
f 143 710 731
f 733 734 735
f 733 735 736
f 736 735 737
f 736 737 738
f 738 737 739
f 738 739 740
f 741 734 733
f 740 739 742
f 743 742 744
f 743 744 745
f 471 538 472
f 472 538 541
f 472 541 474
f 188 187 746
f 740 742 743
f 746 187 652
f 741 747 734
f 748 749 747
f 139 698 750
f 139 750 138
f 138 750 751
f 138 751 137
f 137 751 752
f 137 752 136
f 748 747 741
f 136 752 753
f 125 753 754
f 125 754 126
f 126 754 755
f 126 755 756
f 756 755 749
f 756 749 748
f 136 753 125
f 746 652 757
f 757 652 651
f 757 651 758
f 214 719 718
f 214 718 216
f 216 718 699
f 216 699 226
f 226 699 701
f 226 701 227
f 212 719 214
f 227 701 703
f 235 703 705
f 235 705 236
f 236 705 708
f 236 708 237
f 237 708 710
f 237 710 143
f 227 703 235
f 212 729 719
f 210 729 212
f 210 727 729
f 758 651 650
f 758 650 759
f 759 650 649
f 759 649 760
f 760 649 648
f 760 648 761
f 761 648 762
f 761 762 763
f 764 723 203
f 203 723 724
f 203 724 205
f 205 724 725
f 205 725 207
f 207 725 727
f 207 727 210
f 140 186 698
f 695 765 696
f 766 765 695
f 766 767 765
f 768 769 770
f 768 770 771
f 771 770 772
f 771 772 773
f 773 772 774
f 773 774 775
f 776 769 768
f 775 774 777
f 778 777 779
f 778 779 780
f 780 779 781
f 780 781 782
f 782 781 783
f 782 783 784
f 775 777 778
f 784 783 785
f 776 786 769
f 787 788 786
f 789 790 791
f 791 790 792
f 791 792 793
f 793 792 787
f 793 787 776
f 794 795 796
f 787 786 776
f 796 795 797
f 789 797 798
f 789 798 790
f 790 798 799
f 790 799 792
f 792 799 788
f 792 788 787
f 796 797 789
f 732 498 500
f 784 785 800
f 800 801 802
f 803 804 805
f 803 805 806
f 806 805 807
f 806 807 808
f 808 807 809
f 808 809 810
f 811 804 803
f 810 809 812
f 813 814 815
f 815 814 816
f 815 816 817
f 817 816 818
f 817 818 819
f 819 818 820
f 810 812 821
f 800 785 801
f 811 822 804
f 823 824 822
f 802 801 825
f 802 825 826
f 826 825 827
f 826 827 828
f 828 827 829
f 828 829 830
f 823 822 811
f 830 829 831
f 832 831 833
f 832 833 834
f 834 833 835
f 834 835 836
f 836 835 824
f 836 824 823
f 830 831 832
f 819 820 837
f 838 796 789
f 839 840 838
f 841 842 843
f 843 842 844
f 843 844 845
f 845 844 846
f 845 846 847
f 847 846 848
f 841 849 842
f 847 848 850
f 850 851 852
f 852 851 853
f 852 853 854
f 854 853 855
f 854 855 856
f 856 855 857
f 850 848 851
f 856 857 858
f 859 849 841
f 860 861 859
f 862 817 819
f 862 819 863
f 863 819 837
f 863 837 864
f 864 837 865
f 864 865 866
f 859 861 849
f 867 868 869
f 869 870 871
f 871 870 872
f 871 872 873
f 873 872 874
f 873 874 860
f 860 874 861
f 869 868 870
f 838 840 796
f 858 857 862
f 875 862 863
f 202 764 203
f 722 711 713
f 83 85 876
f 876 85 877
f 876 877 878
f 878 877 879
f 840 794 796
f 878 879 880
f 880 881 882
f 882 881 883
f 882 883 884
f 884 883 885
f 884 885 839
f 839 885 840
f 880 879 881
f 858 862 875
f 840 886 794
f 885 887 886
f 875 863 888
f 888 863 864
f 888 864 889
f 889 864 866
f 889 866 890
f 85 98 877
f 885 886 840
f 877 98 891
f 879 891 892
f 879 892 881
f 881 892 893
f 881 893 883
f 883 893 887
f 883 887 885
f 877 891 879
f 837 820 894
f 837 894 865
f 865 894 895
f 896 897 898
f 896 898 899
f 899 898 900
f 899 900 901
f 902 903 904
f 904 903 905
f 906 897 896
f 904 905 907
f 907 908 909
f 909 908 910
f 909 910 911
f 911 910 912
f 911 912 913
f 913 912 914
f 907 905 908
f 913 914 915
f 906 916 897
f 917 918 916
f 414 39 413
f 413 39 37
f 413 37 412
f 412 37 35
f 412 35 411
f 411 35 33
f 917 916 906
f 411 33 410
f 410 31 29
f 919 920 921
f 921 920 922
f 921 922 923
f 923 922 918
f 923 918 917
f 410 33 31
f 414 26 39
f 924 925 926
f 926 927 928
f 929 930 931
f 929 931 932
f 932 931 933
f 932 933 934
f 934 933 935
f 934 935 936
f 937 930 929
f 936 935 938
f 939 914 940
f 939 940 941
f 941 940 942
f 941 942 943
f 943 944 941
f 941 944 945
f 915 914 939
f 926 925 927
f 937 928 930
f 946 926 928
f 928 927 947
f 928 947 930
f 930 947 948
f 930 948 931
f 931 948 949
f 931 949 933
f 946 928 937
f 933 949 950
f 935 950 951
f 935 951 938
f 938 951 952
f 953 924 954
f 954 924 926
f 954 926 946
f 933 950 935
f 415 26 414
f 415 24 26
f 405 24 415
f 254 153 955
f 254 955 256
f 256 955 956
f 256 956 258
f 258 956 957
f 258 957 260
f 155 153 254
f 260 957 958
f 959 560 960
f 960 560 961
f 960 961 962
f 962 961 963
f 962 963 964
f 965 960 966
f 260 958 282
f 966 960 962
f 967 968 969
f 970 971 967
f 865 895 866
f 866 895 972
f 866 972 890
f 890 972 973
f 890 973 974
f 974 973 975
f 967 971 968
f 974 975 976
f 976 977 978
f 978 977 979
f 978 979 980
f 980 979 981
f 980 981 970
f 970 981 971
f 976 975 977
f 966 962 982
f 982 962 964
f 982 964 983
f 38 748 741
f 38 741 36
f 36 741 733
f 36 733 34
f 34 733 736
f 34 736 32
f 40 748 38
f 32 736 738
f 30 738 740
f 30 740 27
f 27 740 743
f 27 743 41
f 41 743 745
f 41 745 118
f 32 738 30
f 40 756 748
f 25 756 40
f 25 126 756
f 984 985 986
f 986 985 987
f 986 987 988
f 988 987 989
f 988 989 990
f 990 989 991
f 990 991 992
f 992 991 993
f 992 993 994
f 994 993 995
f 994 995 996
f 996 995 997
f 996 997 998
f 998 997 999
f 12 126 25
f 857 817 862
f 857 815 817
f 1000 815 857
f 1000 1001 815
f 1002 1003 1004
f 1004 1003 1005
f 1004 1005 980
f 980 1005 978
f 1006 1007 1008
f 1008 1007 1009
f 1002 1010 1003
f 1008 1009 1011
f 1011 1012 1013
f 1013 1012 1014
f 1015 1016 1017
f 1017 1016 1008
f 1017 1008 1018
f 1018 1008 1011
f 1011 1009 1012
f 1018 1011 1019
f 1020 1010 1002
f 1021 1022 1020
f 1023 1024 1025
f 1023 1025 1005
f 1005 1025 1026
f 1005 1026 978
f 978 1026 1027
f 978 1027 976
f 1020 1022 1010
f 976 1027 1028
f 974 1028 1029
f 974 1029 1030
f 1030 1029 1031
f 1030 1031 1032
f 1033 1034 1021
f 1021 1034 1022
f 976 1028 974
f 1035 1024 1023
f 1019 1011 1013
f 1036 1013 1014
f 1037 1038 1036
f 1036 1038 1039
f 1036 1039 1019
f 1019 1039 1040
f 1019 1040 1018
f 1018 1040 1041
f 1037 1042 1038
f 1018 1041 1017
f 1017 1043 1044
f 1044 1043 1045
f 1044 1045 1046
f 1046 1045 1047
f 683 682 1048
f 1048 682 1049
f 1017 1041 1043
f 1019 1013 1036
f 569 1042 1037
f 1050 1051 548
f 1036 1014 1052
f 1052 1014 1053
f 1052 1053 1054
f 1054 1053 1055
f 1054 1055 1056
f 1056 1055 1057
f 548 1051 550
f 1056 1057 1058
f 1058 1059 1060
f 1060 1059 1061
f 1060 1061 1062
f 1062 1061 1063
f 1062 1063 1050
f 1050 1063 1051
f 1058 1057 1059
f 1064 1012 1009
f 1064 1065 1012
f 1066 1065 1064
f 1066 1067 1068
f 1068 1067 1069
f 1068 1069 1070
f 1070 1069 1071
f 1070 1071 1072
f 1072 1071 1073
f 555 1074 557
f 1072 1073 1075
f 1075 1076 1077
f 1064 1078 1066
f 1066 1078 1079
f 1066 1079 1067
f 1007 1080 1009
f 1009 1080 1081
f 1075 1073 1076
f 1009 1081 1064
f 1082 1074 555
f 1083 1084 1082
f 1085 1086 1087
f 1085 1087 1088
f 1088 1087 1089
f 1088 1089 1090
f 1090 1089 554
f 1090 554 1091
f 1082 1084 1074
f 1091 554 1092
f 1092 1093 1094
f 1092 1094 1091
f 1095 1096 1097
f 1097 1096 1098
f 1097 1098 1083
f 1083 1098 1084
f 1099 1093 1092
f 1064 1081 1100
f 1064 1100 1078
f 612 685 610
f 682 1084 1049
f 1049 1084 1098
f 1049 1098 1077
f 1077 1098 1096
f 1077 1096 1075
f 1075 1096 1095
f 682 1074 1084
f 1075 1095 1072
f 1072 1101 1070
f 1070 1101 1102
f 1070 1102 1068
f 1068 1102 1103
f 1068 1103 1066
f 1066 1103 1065
f 1072 1095 1101
f 557 1074 682
f 957 1104 958
f 957 1105 1104
f 610 685 1048
f 610 1048 1106
f 148 146 1107
f 1107 146 1108
f 1107 1108 1109
f 150 148 1110
f 1110 148 1107
f 1110 1107 1105
f 1105 1107 1109
f 1105 1109 1104
f 153 150 955
f 955 150 1110
f 955 1110 956
f 956 1110 1105
f 956 1105 957
f 1048 1049 1106
f 941 945 939
f 1106 1049 1077
f 1111 1077 1076
f 1112 1113 1114
f 1114 1113 1115
f 1114 1115 1116
f 1116 1115 1117
f 1116 1117 1118
f 1118 1117 1119
f 1112 1120 1113
f 1118 1119 1121
f 1121 1122 1123
f 1123 1122 1124
f 1123 1124 1125
f 1125 1124 1126
f 1125 1126 1127
f 1127 1126 1128
f 1121 1119 1122
f 1127 1128 1129
f 1130 1120 1112
f 1046 1131 1130
f 1040 1132 1041
f 1041 1132 1133
f 1041 1133 1043
f 1043 1133 1134
f 1043 1134 1045
f 1045 1134 1135
f 1130 1131 1120
f 1045 1135 1047
f 967 969 1136
f 1136 969 1137
f 1136 1137 1047
f 1047 1137 1138
f 1047 1138 1046
f 1046 1138 1131
f 1047 1135 1136
f 1040 1139 1132
f 1129 1128 1140
f 1141 1140 1142
f 971 1143 968
f 977 973 1144
f 1144 973 972
f 1144 972 1145
f 1145 972 895
f 1145 895 1143
f 971 1145 1143
f 858 875 1146
f 1146 888 1147
f 1147 888 889
f 1147 889 1030
f 1030 889 890
f 1030 890 974
f 853 1001 1000
f 1146 875 888
f 1129 1140 1141
f 981 1145 971
f 979 1144 981
f 1141 1142 1148
f 1148 1142 1149
f 1148 1149 1150
f 1150 1149 1151
f 1150 1151 1152
f 1152 1151 1153
f 981 1144 1145
f 1152 1153 1154
f 1154 1155 1111
f 1111 1155 1156
f 1111 1156 1106
f 20 59 21
f 403 221 222
f 979 977 1144
f 1154 1153 1155
f 1039 1139 1040
f 1039 1157 1139
f 1038 1157 1039
f 1123 1080 1121
f 1121 1080 1007
f 1121 1007 1118
f 1118 1007 1006
f 1118 1006 1116
f 1116 1006 1016
f 1123 1081 1080
f 1116 1016 1114
f 1114 1015 1112
f 1112 1015 1044
f 1112 1044 1130
f 1130 1044 1046
f 967 1136 1158
f 1158 1136 1135
f 1114 1016 1015
f 1158 1135 1159
f 1125 1081 1123
f 1127 1100 1125
f 1111 1076 1154
f 1154 1076 1073
f 1154 1073 1152
f 1152 1073 1071
f 1152 1071 1150
f 1150 1071 1069
f 1125 1100 1081
f 1150 1069 1148
f 1148 1067 1141
f 1141 1067 1079
f 1141 1079 1129
f 1129 1079 1078
f 1129 1078 1127
f 1127 1078 1100
f 1148 1069 1067
f 1159 1135 1134
f 1159 1134 1160
f 1160 1134 1133
f 1161 1162 1163
f 1161 1163 1164
f 1164 1163 1165
f 1164 1165 1166
f 1166 1165 1167
f 1166 1167 1160
f 1168 1162 1161
f 1160 1167 1169
f 1159 1169 1170
f 1159 1170 1158
f 1158 1170 970
f 1158 970 967
f 1042 1168 1038
f 1038 1168 1157
f 1160 1169 1159
f 1170 980 970
f 1170 1004 980
f 1169 1004 1170
f 1160 1133 1166
f 1166 1133 1132
f 1166 1132 1164
f 1164 1132 1139
f 1164 1139 1161
f 1161 1139 1157
f 1161 1157 1168
f 1162 1171 1163
f 1163 1171 1172
f 1163 1172 1165
f 1165 1172 1020
f 1165 1020 1167
f 1167 1020 1002
f 1167 1002 1169
f 1169 1002 1004
f 1106 1077 1111
f 560 561 961
f 939 945 1173
f 925 902 927
f 1174 1175 1176
f 1176 1175 1177
f 1176 1177 1178
f 1178 1177 1179
f 1178 1179 1180
f 1180 1179 1181
f 1174 1182 1175
f 1180 1181 1183
f 1184 361 1185
f 1185 361 360
f 1185 360 1186
f 1186 360 344
f 1186 344 1187
f 1187 344 346
f 1183 1181 1188
f 1187 346 348
f 1189 1182 1174
f 1190 1191 1189
f 1192 353 1193
f 1193 353 355
f 1193 355 357
f 1194 1195 1196
f 1196 1195 1197
f 1196 1197 1198
f 1189 1191 1182
f 1198 1197 1199
f 1200 1201 1202
f 1203 1204 1205
f 1206 1207 1208
f 1208 1207 1209
f 1208 1209 1190
f 1190 1209 1191
f 1198 1199 1202
f 1192 350 353
f 348 1210 1187
f 1187 1211 1186
f 1206 1212 1207
f 1207 1212 1213
f 1207 1213 1209
f 1209 1213 1214
f 1209 1214 1191
f 1191 1214 1215
f 1206 983 1212
f 1191 1215 1182
f 1182 1216 1175
f 1175 1216 1217
f 1175 1217 1177
f 1177 1217 1218
f 1177 1218 1179
f 1179 1218 1219
f 1182 1215 1216
f 1187 1210 1211
f 1220 983 1206
f 1221 982 1220
f 1186 1211 1222
f 1186 1222 1185
f 1185 1222 1223
f 1185 1223 1224
f 554 556 1092
f 1092 556 558
f 1220 982 983
f 1092 558 1099
f 1099 959 1225
f 1225 959 965
f 1225 965 1226
f 1226 965 966
f 1226 966 1221
f 1221 966 982
f 1099 558 959
f 1179 1219 1181
f 1227 350 1192
f 1228 1229 366
f 1213 1230 1214
f 1214 1230 1231
f 1214 1231 1215
f 1215 1231 1232
f 1215 1232 1216
f 1216 1232 1233
f 1213 1234 1230
f 1216 1233 1217
f 1217 1235 1218
f 1218 1235 1236
f 1218 1236 1219
f 635 1237 633
f 357 1238 1193
f 1193 1238 1239
f 1217 1233 1235
f 1193 1239 1192
f 1212 1234 1213
f 983 1240 1212
f 1230 1241 1242
f 1230 1242 1231
f 1231 1242 1243
f 1231 1243 1232
f 1232 1243 1244
f 1232 1244 1233
f 1212 1240 1234
f 1233 1244 1245
f 1235 1245 1246
f 1235 1246 1236
f 963 1247 964
f 964 1247 1248
f 964 1248 983
f 983 1248 1240
f 1233 1245 1235
f 1228 366 364
f 1192 1239 1227
f 1249 351 349
f 1250 354 1249
f 1250 1249 1251
f 1251 1249 1252
f 1251 1252 1253
f 1253 1252 1254
f 1253 1254 1255
f 356 354 1250
f 1255 1254 1256
f 1257 1256 1258
f 1257 1258 1259
f 1259 1258 1260
f 1259 1260 1261
f 1261 1260 1229
f 1261 1229 1228
f 1255 1256 1257
f 354 351 1249
f 1229 368 366
f 1260 1262 1229
f 1249 349 1252
f 1252 349 347
f 1252 347 1263
f 1263 347 345
f 1263 345 1264
f 1264 345 352
f 1229 1262 368
f 1264 352 1265
f 1265 1266 1267
f 1267 1266 1268
f 1267 1268 1269
f 1269 1268 1270
f 1269 1270 1260
f 1260 1270 1262
f 1265 352 1266
f 1181 1219 1203
f 1181 1203 1188
f 1188 1203 1205
f 1223 1271 1272
f 1223 1272 1224
f 1224 1272 1273
f 1224 1273 1184
f 1184 1273 1274
f 1184 1274 1275
f 1276 1271 1223
f 1275 1274 1277
f 1278 1277 1279
f 1278 1279 1280
f 1280 1279 1281
f 1280 1281 1282
f 1282 1281 1283
f 1282 1283 1284
f 1275 1277 1278
f 1284 1283 1285
f 1276 1286 1271
f 1287 1288 1286
f 635 1289 1237
f 1238 1290 1239
f 1239 1290 1291
f 1239 1291 1227
f 1227 1291 1292
f 1227 1292 1210
f 1287 1286 1276
f 1210 1292 1293
f 1211 1293 1294
f 1211 1294 1295
f 1295 1294 1296
f 1295 1296 1297
f 1297 1296 1288
f 1297 1288 1287
f 1210 1293 1211
f 635 1298 1289
f 1284 1285 1299
f 1299 1300 1301
f 1302 1303 1304
f 1302 1304 1305
f 1305 1304 1306
f 1305 1306 1307
f 1307 1306 1308
f 1307 1308 1309
f 1310 1303 1302
f 1309 1308 1311
f 1312 1311 1313
f 1312 1313 1314
f 1314 1313 1315
f 1314 1315 1316
f 1316 1315 767
f 1316 767 766
f 1309 1311 1312
f 1299 1285 1300
f 1310 1317 1303
f 1318 1319 1317
f 1301 1300 1320
f 1301 1320 1321
f 1321 1320 1322
f 1321 1322 1323
f 1323 1322 1324
f 1323 1324 1325
f 1318 1317 1310
f 1325 1324 1326
f 1327 1326 1328
f 1327 1328 1329
f 1329 1328 1330
f 1329 1330 1331
f 1331 1330 1319
f 1331 1319 1318
f 1325 1326 1327
f 637 1298 635
f 637 1332 1298
f 639 1332 637
f 1333 1334 1335
f 1333 1335 1336
f 1336 1335 1337
f 1336 1337 1338
f 1204 1339 1205
f 1205 1339 1340
f 1341 1334 1333
f 1205 1340 1342
f 1343 1344 1246
f 1246 1344 1194
f 1246 1194 1236
f 1236 1194 1196
f 1236 1196 1219
f 1219 1196 1198
f 1342 1340 1345
f 1219 1198 1203
f 1341 1346 1334
f 1347 1348 1346
f 1188 1205 1342
f 1201 1200 1349
f 1349 1200 1350
f 1349 1350 1351
f 1351 1350 1352
f 1351 1352 1353
f 1347 1346 1341
f 1353 1352 1354
f 1355 1354 1356
f 1355 1356 1357
f 1357 1356 1358
f 1357 1358 1359
f 1359 1358 1348
f 1359 1348 1347
f 1353 1354 1355
f 1203 1198 1202
f 1203 1202 1204
f 1204 1202 1201
f 1360 1333 1336
f 1360 1336 1361
f 1361 1336 1338
f 1361 1338 1362
f 609 1363 606
f 606 1363 1364
f 1365 1333 1360
f 606 1364 616
f 616 1366 627
f 627 1366 1367
f 627 1367 641
f 641 1367 1368
f 641 1368 639
f 639 1368 1332
f 616 1364 1366
f 1365 1341 1333
f 1369 1341 1365
f 1369 1347 1341
f 1204 1201 1339
f 1339 1201 1349
f 1339 1349 1340
f 1340 1349 1351
f 1340 1351 1370
f 1370 1351 1353
f 1370 1353 1371
f 1371 1353 1355
f 1371 1355 1372
f 1372 1355 1357
f 1372 1357 1373
f 1373 1357 1359
f 1373 1359 1374
f 1374 1359 1347
f 1374 1347 1369
f 1234 1241 1230
f 1234 1375 1241
f 1240 1375 1234
f 1376 634 633
f 1377 1378 1379
f 1379 1378 1380
f 1379 1380 1381
f 1381 1380 1382
f 1381 1382 1383
f 1383 1382 1384
f 1377 1385 1378
f 1383 1384 1386
f 1386 1387 1388
f 1388 1387 1389
f 1388 1389 1390
f 1174 1391 1189
f 1189 1391 919
f 1189 919 1190
f 1386 1384 1387
f 1190 919 921
f 1392 1385 1377
f 1393 1394 1392
f 277 1392 1377
f 277 1377 279
f 279 1377 1379
f 279 1379 263
f 263 1379 1381
f 263 1381 251
f 1392 1394 1385
f 251 1381 1383
f 244 1383 1386
f 244 1386 246
f 246 1386 1388
f 246 1388 248
f 248 1388 1390
f 248 1390 250
f 251 1383 244
f 1395 1392 277
f 1190 921 1208
f 1208 923 1206
f 922 1396 918
f 918 1396 1397
f 918 1397 916
f 916 1397 999
f 916 999 897
f 897 999 997
f 922 1398 1396
f 897 997 898
f 898 995 900
f 900 995 993
f 900 993 901
f 901 993 991
f 901 991 1399
f 1399 991 989
f 898 997 995
f 1208 921 923
f 920 1398 922
f 919 1400 920
f 1206 923 917
f 1206 917 1220
f 1220 917 906
f 1220 906 1221
f 1221 906 896
f 1221 896 1226
f 920 1400 1398
f 1226 896 899
f 1225 899 901
f 1225 901 1099
f 1099 901 1399
f 1099 1399 1093
f 1391 1401 919
f 919 1401 1400
f 1226 899 1225
f 1387 1402 1389
f 1387 1403 1402
f 1384 1403 1387
f 1404 1405 1406
f 1404 1406 1407
f 1407 1406 1408
f 1407 1408 1409
f 1409 1408 1410
f 1409 1410 1411
f 1412 1405 1404
f 1411 1410 1413
f 1414 1413 1415
f 1414 1415 1416
f 1416 1415 1417
f 1418 1419 1420
f 1420 1419 1421
f 1420 1421 944
f 1411 1413 1414
f 944 1421 1422
f 1412 1423 1405
f 1424 1425 1423
f 927 902 904
f 927 904 947
f 947 904 907
f 947 907 948
f 948 907 909
f 948 909 949
f 1424 1423 1412
f 949 909 911
f 950 911 913
f 950 913 951
f 951 913 915
f 951 915 952
f 952 915 1173
f 1426 1425 1424
f 949 911 950
f 944 1422 945
f 945 1422 1427
f 945 1427 1173
f 954 1423 953
f 953 1423 1425
f 1428 1429 1394
f 1394 1429 1430
f 1394 1430 1385
f 1385 1430 1431
f 954 1405 1423
f 1385 1431 1378
f 1378 1432 1380
f 1380 1432 1433
f 1380 1433 1382
f 1382 1433 1434
f 1382 1434 1384
f 1384 1434 1403
f 1378 1431 1432
f 946 1405 954
f 946 1406 1405
f 937 1406 946
f 1173 1427 1435
f 1173 1435 952
f 952 1435 1436
f 952 1436 938
f 938 1436 1417
f 938 1417 936
f 936 1417 1415
f 936 1415 934
f 934 1415 1413
f 934 1413 932
f 932 1413 1410
f 932 1410 929
f 929 1410 1408
f 929 1408 937
f 937 1408 1406
f 1399 989 1093
f 939 1173 915
f 1093 989 987
f 1094 987 985
f 1437 1438 1439
f 1439 1438 1440
f 1439 1440 1441
f 1441 1440 1442
f 1441 1442 1443
f 1443 1442 1444
f 1437 1445 1438
f 1443 1444 1446
f 1446 1447 1448
f 1448 1447 1449
f 1448 1449 1450
f 1450 1449 1451
f 1450 1451 1452
f 1452 1451 1453
f 1446 1444 1447
f 1452 1453 1454
f 1455 1445 1437
f 1456 1457 1455
f 1458 925 1459
f 1459 925 924
f 1459 924 1460
f 1460 924 953
f 1460 953 1461
f 1461 953 1425
f 1455 1457 1445
f 1461 1425 1462
f 1462 1426 1463
f 1463 1426 1464
f 1463 1464 1465
f 1465 1464 1466
f 1465 1466 1456
f 1456 1466 1457
f 1462 1425 1426
f 1458 902 925
f 1454 1453 1467
f 1468 1467 1469
f 1470 668 1471
f 1471 668 669
f 1471 669 1472
f 1472 669 670
f 1472 670 1473
f 1473 670 671
f 1470 667 668
f 1473 671 1474
f 1474 672 1475
f 1475 672 673
f 1475 673 1476
f 1476 673 674
f 1476 674 1376
f 1376 674 634
f 1474 671 672
f 1454 1467 1468
f 1477 667 1470
f 676 675 1477
f 1468 1469 1478
f 1248 1479 1375
f 1375 1479 1480
f 1375 1480 1241
f 1241 1480 1481
f 1241 1481 1242
f 1477 675 667
f 1242 1481 1482
f 1243 1482 1483
f 1243 1483 1244
f 1244 1483 1484
f 1244 1484 1245
f 1245 1484 1343
f 1245 1343 1246
f 1242 1482 1243
f 988 902 1458
f 988 903 902
f 990 903 988
f 1485 1486 1487
f 1487 1486 1488
f 1487 1488 1489
f 1489 1488 1490
f 1489 1490 1491
f 1491 1490 1492
f 1485 1493 1486
f 1491 1492 1494
f 1494 1495 1496
f 1496 1495 1497
f 1496 1497 1498
f 1498 1497 1499
f 1498 1499 1500
f 1500 1499 1501
f 1494 1492 1495
f 1500 1501 1502
f 1503 1493 1485
f 1504 1505 1503
f 1094 985 1091
f 1091 985 984
f 1091 984 1090
f 1090 984 1506
f 1090 1506 1088
f 1088 1506 1507
f 1503 1505 1493
f 1088 1507 1508
f 1508 1509 1510
f 1510 1509 1511
f 1510 1511 1512
f 1512 1511 1513
f 1512 1513 1504
f 1504 1513 1505
f 1508 1507 1509
f 1502 1501 1514
f 1502 1514 1515
f 1515 1514 1516
f 1396 942 1397
f 1397 942 1517
f 1397 1517 999
f 999 1517 914
f 999 914 998
f 998 914 912
f 1396 943 942
f 998 912 996
f 996 910 994
f 994 910 908
f 994 908 992
f 992 908 905
f 992 905 990
f 990 905 903
f 996 912 910
f 1398 943 1396
f 1398 1420 943
f 1400 1420 1398
f 1515 1516 867
f 867 1516 1518
f 867 1518 868
f 868 1518 1519
f 868 1519 1520
f 1520 1519 1521
f 1520 1521 1522
f 1522 1521 1523
f 1522 1523 1524
f 1524 1523 1525
f 1524 1525 1526
f 1526 1525 1527
f 1526 1527 1528
f 1401 1418 1400
f 1400 1418 1420
f 1093 987 1094
f 961 561 684
f 961 684 963
f 963 684 686
f 1529 1530 1531
f 1531 1530 1532
f 1531 1532 1533
f 1534 1535 1536
f 1536 1535 1537
f 1536 1537 1538
f 1529 1539 1530
f 1540 1541 1542
f 1542 1543 1544
f 1544 1543 1545
f 1544 1545 1546
f 1546 1545 1547
f 1546 1547 1548
f 1548 1547 1549
f 1542 1541 1543
f 1548 1549 1550
f 1551 1539 1529
f 1552 1553 1551
f 1554 1555 1556
f 1556 1555 1557
f 1556 1557 1558
f 1558 1557 1559
f 1558 1559 1560
f 1560 1559 1561
f 1551 1553 1539
f 1560 1561 1562
f 1562 1563 1564
f 1564 1563 1565
f 1564 1565 1566
f 1566 1565 1567
f 1566 1567 1552
f 1552 1567 1553
f 1562 1561 1563
f 1554 1568 1555
f 1550 1549 1569
f 1570 1569 1571
f 1572 1573 1574
f 1574 1573 1575
f 1574 1575 1576
f 1576 1575 1577
f 1576 1577 1578
f 1578 1577 1579
f 1572 1580 1573
f 1578 1579 1581
f 1581 1582 1583
f 1583 1582 1584
f 1583 1584 1585
f 1585 1584 1586
f 1585 1586 1587
f 1587 1586 1588
f 1581 1579 1582
f 1550 1569 1570
f 1589 1580 1572
f 1590 1591 1589
f 1570 1571 1592
f 1592 1571 1593
f 1592 1593 1594
f 1594 1593 1595
f 1594 1595 1596
f 1596 1595 1597
f 1589 1591 1580
f 1596 1597 1598
f 1598 1599 1600
f 1600 1599 1601
f 1600 1601 1602
f 1602 1601 1603
f 1602 1603 1590
f 1590 1603 1591
f 1598 1597 1599
f 1587 1588 1604
f 1605 1568 1554
f 1606 1607 1605
f 1577 1608 1579
f 1579 1608 1609
f 1579 1609 1582
f 1582 1609 1610
f 1582 1610 1584
f 1584 1610 1611
f 1577 1612 1608
f 1584 1611 1586
f 1586 1613 1588
f 1588 1613 1614
f 1588 1614 1615
f 1615 1614 1616
f 1615 1616 1617
f 1617 1616 1618
f 1586 1611 1613
f 1617 1618 1619
f 1575 1612 1577
f 1573 1620 1575
f 1595 1621 1622
f 1595 1622 1597
f 1597 1622 1623
f 1597 1623 1599
f 1599 1623 1624
f 1599 1624 1601
f 1575 1620 1612
f 1601 1625 1603
f 1603 1626 1591
f 1591 1626 1627
f 1591 1627 1580
f 1580 1627 1628
f 1580 1628 1573
f 1573 1628 1620
f 1603 1625 1626
f 1605 1607 1568
f 1619 1618 1629
f 1630 1629 1631
f 1632 1633 1634
f 1634 1633 1635
f 1634 1635 1636
f 1636 1635 1637
f 1636 1637 1638
f 1638 1637 1639
f 1632 1640 1633
f 1638 1639 1641
f 1641 1642 1643
f 1643 1642 1644
f 1643 1644 1645
f 1645 1644 1646
f 1645 1646 1606
f 1606 1646 1607
f 1641 1639 1642
f 1619 1629 1630
f 1647 1640 1632
f 1648 1649 1647
f 1630 1631 1650
f 1650 1631 1651
f 1650 1651 1652
f 1652 1651 1653
f 1652 1653 1654
f 1654 1653 1655
f 1647 1649 1640
f 1654 1655 1656
f 1656 1657 1658
f 1658 1657 1659
f 1658 1659 1660
f 1660 1659 1661
f 1660 1661 1648
f 1648 1661 1649
f 1656 1655 1657
f 1604 1588 1615
f 1604 1615 1662
f 1662 1615 1617
f 1663 1589 1664
f 1664 1589 1572
f 1664 1572 1665
f 1665 1572 1574
f 1665 1574 1666
f 1666 1574 1576
f 1663 1590 1589
f 1666 1576 1667
f 1667 1578 1668
f 1668 1578 1581
f 1668 1581 1669
f 1669 1581 1583
f 1669 1583 1670
f 1670 1583 1585
f 1667 1576 1578
f 1670 1585 1671
f 1672 1590 1663
f 1673 1602 1672
f 1674 1550 1675
f 1675 1550 1570
f 1675 1570 1676
f 1676 1570 1592
f 1676 1592 1677
f 1677 1592 1594
f 1672 1602 1590
f 1677 1594 1678
f 1678 1596 1679
f 1679 1596 1598
f 1679 1598 1680
f 1680 1598 1600
f 1680 1600 1673
f 1673 1600 1602
f 1678 1594 1596
f 1674 1548 1550
f 1671 1585 1587
f 1681 1587 1604
f 1682 1683 1684
f 1684 1683 1685
f 1684 1685 1686
f 1686 1685 1687
f 1686 1687 1688
f 1688 1687 1689
f 1682 1690 1683
f 1688 1689 1691
f 1691 1692 1693
f 1693 1692 1694
f 1693 1694 1695
f 1695 1694 1696
f 1695 1696 1697
f 1697 1696 1698
f 1691 1689 1692
f 1671 1587 1681
f 1699 1690 1682
f 1700 1701 1699
f 1681 1604 1702
f 1702 1604 1662
f 1702 1662 1703
f 1703 1662 1704
f 1703 1704 1705
f 1705 1704 1706
f 1699 1701 1690
f 1705 1706 1707
f 1707 1708 1709
f 1709 1708 1710
f 1709 1710 1711
f 1711 1710 1712
f 1711 1712 1700
f 1700 1712 1701
f 1707 1706 1708
f 1713 1548 1674
f 1713 1546 1548
f 1714 1546 1713
f 1685 1648 1687
f 1687 1648 1647
f 1687 1647 1689
f 1689 1647 1632
f 1689 1632 1692
f 1692 1632 1634
f 1685 1660 1648
f 1692 1634 1694
f 1694 1636 1696
f 1696 1636 1638
f 1696 1638 1698
f 1698 1638 1641
f 1698 1641 1715
f 1715 1641 1643
f 1694 1634 1636
f 1715 1643 1716
f 1683 1660 1685
f 1690 1658 1683
f 1662 1617 1704
f 1704 1617 1619
f 1704 1619 1706
f 1706 1619 1630
f 1706 1630 1708
f 1708 1630 1650
f 1683 1658 1660
f 1708 1650 1710
f 1710 1652 1712
f 1712 1652 1654
f 1712 1654 1701
f 1701 1654 1656
f 1701 1656 1690
f 1690 1656 1658
f 1710 1650 1652
f 1716 1643 1645
f 1716 1645 1717
f 1717 1645 1606
f 1718 1552 1551
f 1718 1551 1719
f 1719 1551 1529
f 1719 1529 1720
f 1720 1529 1531
f 1720 1531 1721
f 1722 1552 1718
f 1721 1531 1533
f 1723 1540 1724
f 1724 1540 1542
f 1724 1542 1725
f 1725 1542 1544
f 1725 1544 1714
f 1714 1544 1546
f 1721 1533 1726
f 1722 1566 1552
f 1727 1566 1722
f 1727 1564 1566
f 1717 1606 1728
f 1728 1606 1605
f 1728 1605 1729
f 1729 1605 1554
f 1729 1554 1730
f 1730 1554 1556
f 1730 1556 1731
f 1731 1556 1558
f 1731 1558 1732
f 1732 1558 1560
f 1732 1560 1733
f 1733 1560 1562
f 1733 1562 1734
f 1734 1562 1564
f 1734 1564 1727
f 1593 1621 1595
f 1593 1735 1621
f 1571 1735 1593
f 1571 1736 1735
f 1737 1738 1739
f 1739 1738 1740
f 1739 1740 1741
f 1741 1740 1742
f 1741 1742 1743
f 1743 1742 1744
f 1737 1745 1738
f 1743 1744 1746
f 1746 1747 1748
f 1748 1747 1749
f 1748 1749 1750
f 1750 1749 1751
f 1750 1751 1752
f 1752 1751 1753
f 1746 1744 1747
f 1752 1753 1754
f 1755 1745 1737
f 1756 1757 1755
f 1758 1759 1760
f 1760 1759 1761
f 1760 1761 1762
f 1762 1761 1763
f 1762 1763 1764
f 1764 1763 1765
f 1755 1757 1745
f 1764 1765 1766
f 1766 1767 1768
f 1768 1767 1769
f 1768 1769 1770
f 1770 1769 1771
f 1770 1771 1756
f 1756 1771 1757
f 1766 1765 1767
f 1758 1772 1759
f 1754 1753 1773
f 1774 1773 1775
f 1776 1777 1778
f 1778 1777 1779
f 1778 1779 1780
f 1780 1779 1781
f 1780 1781 1782
f 1782 1781 1783
f 1776 1784 1777
f 1782 1783 1785
f 1785 1786 1787
f 1787 1786 1788
f 1787 1788 1789
f 1789 1788 1790
f 1789 1790 1791
f 1791 1790 1792
f 1785 1783 1786
f 1754 1773 1774
f 1793 1784 1776
f 1794 1795 1793
f 1774 1775 1796
f 1796 1775 1797
f 1796 1797 1798
f 1798 1797 1799
f 1798 1799 1800
f 1800 1799 1801
f 1793 1795 1784
f 1800 1801 1802
f 1802 1803 1804
f 1804 1803 1805
f 1804 1805 1806
f 1806 1805 1807
f 1806 1807 1794
f 1794 1807 1795
f 1802 1801 1803
f 1808 1772 1758
f 1808 1809 1772
f 1810 1809 1808
f 1777 1811 1812
f 1777 1812 1779
f 1779 1812 1813
f 1779 1813 1781
f 1781 1813 1814
f 1781 1814 1783
f 1784 1811 1777
f 1783 1814 1815
f 1786 1815 1816
f 1786 1816 1788
f 1788 1816 1817
f 1788 1817 1790
f 1790 1817 1818
f 1790 1818 1792
f 1783 1815 1786
f 1792 1818 1819
f 1784 1820 1811
f 1795 1821 1820
f 1775 1822 1823
f 1775 1823 1797
f 1797 1823 1824
f 1797 1824 1799
f 1799 1824 1825
f 1799 1825 1801
f 1795 1820 1784
f 1801 1825 1826
f 1803 1826 1827
f 1803 1827 1805
f 1805 1827 1828
f 1805 1828 1807
f 1807 1828 1821
f 1807 1821 1795
f 1801 1826 1803
f 1792 1819 1829
f 1829 1819 1830
f 1829 1830 1831
f 1832 1833 1834
f 1832 1834 1835
f 1836 1837 1838
f 1838 1837 1839
f 1838 1839 1840
f 1840 1839 1841
f 1842 1833 1832
f 1840 1841 1843
f 1843 1844 1845
f 1845 1844 1846
f 1845 1846 1847
f 1847 1846 1848
f 1847 1848 1810
f 1810 1848 1809
f 1843 1841 1844
f 1842 1849 1833
f 1850 1849 1842
f 1851 1852 1853
f 1831 1830 1854
f 1831 1854 1855
f 1855 1854 1856
f 1855 1856 1857
f 1857 1856 1858
f 1857 1858 1859
f 1859 1858 1860
f 1859 1860 1861
f 1861 1860 1862
f 1861 1862 1863
f 1863 1862 1864
f 1863 1864 1865
f 1865 1864 1866
f 1865 1866 1851
f 1851 1866 1852
f 1791 1792 1867
f 1697 1698 1868
f 1867 1792 1829
f 1869 1829 1831
f 1637 1780 1639
f 1639 1780 1782
f 1639 1782 1642
f 1642 1782 1785
f 1642 1785 1644
f 1644 1785 1787
f 1637 1778 1780
f 1644 1787 1646
f 1646 1789 1607
f 1607 1789 1791
f 1607 1791 1568
f 1568 1791 1867
f 1568 1867 1555
f 1555 1867 1869
f 1646 1787 1789
f 1555 1869 1557
f 1635 1778 1637
f 1633 1776 1635
f 1653 1798 1655
f 1655 1798 1800
f 1655 1800 1657
f 1657 1800 1802
f 1657 1802 1659
f 1659 1802 1804
f 1635 1776 1778
f 1659 1804 1661
f 1661 1806 1649
f 1649 1806 1794
f 1649 1794 1640
f 1640 1794 1793
f 1640 1793 1633
f 1633 1793 1776
f 1661 1804 1806
f 1653 1796 1798
f 1557 1869 1870
f 1559 1870 1871
f 1850 1872 1873
f 1850 1873 1849
f 1022 1034 1874
f 1541 1875 1543
f 1543 1875 1876
f 1543 1876 1545
f 1877 1872 1850
f 1545 1876 1878
f 1547 1878 1879
f 1547 1879 1549
f 1549 1879 1880
f 1549 1880 1569
f 1569 1880 1736
f 1569 1736 1571
f 1545 1878 1547
f 1557 1870 1559
f 1877 1538 1872
f 1530 1881 1532
f 1559 1871 1561
f 1561 1871 1882
f 1561 1882 1563
f 1563 1882 1883
f 1563 1883 1565
f 1565 1883 1884
f 1536 1538 1877
f 1565 1884 1567
f 1567 1885 1553
f 1553 1885 1886
f 1553 1886 1539
f 1539 1886 1887
f 1539 1887 1530
f 1530 1887 1881
f 1567 1884 1885
f 1651 1796 1653
f 1651 1774 1796
f 1631 1774 1651
f 1876 1836 1838
f 1876 1838 1878
f 1878 1838 1840
f 1878 1840 1879
f 1879 1840 1843
f 1879 1843 1880
f 1875 1836 1876
f 1880 1843 1845
f 1736 1845 1847
f 1736 1847 1735
f 1735 1847 1810
f 1735 1810 1621
f 1621 1810 1808
f 1621 1808 1622
f 1880 1845 1736
f 1622 1808 1758
f 1887 1853 1881
f 1886 1851 1887
f 1869 1831 1870
f 1870 1831 1855
f 1870 1855 1871
f 1871 1855 1857
f 1871 1857 1882
f 1882 1857 1859
f 1887 1851 1853
f 1882 1859 1883
f 1883 1861 1884
f 1884 1861 1863
f 1884 1863 1885
f 1885 1863 1865
f 1885 1865 1886
f 1886 1865 1851
f 1883 1859 1861
f 1622 1758 1623
f 1623 1758 1760
f 1623 1760 1624
f 1610 1741 1611
f 1611 1741 1743
f 1611 1743 1613
f 1613 1743 1746
f 1613 1746 1614
f 1614 1746 1748
f 1610 1739 1741
f 1614 1748 1616
f 1616 1750 1618
f 1618 1750 1752
f 1618 1752 1629
f 1629 1752 1754
f 1629 1754 1631
f 1631 1754 1774
f 1616 1748 1750
f 1609 1739 1610
f 1609 1737 1739
f 1608 1737 1609
f 1624 1760 1762
f 1624 1762 1625
f 1625 1762 1764
f 1625 1764 1626
f 1626 1764 1766
f 1626 1766 1627
f 1627 1766 1768
f 1627 1768 1628
f 1628 1768 1770
f 1628 1770 1620
f 1620 1770 1756
f 1620 1756 1612
f 1612 1756 1755
f 1612 1755 1608
f 1608 1755 1737
f 1867 1829 1869
f 1773 1822 1775
f 1868 1698 1715
f 1888 1715 1716
f 1889 1890 1891
f 1891 1890 1892
f 1891 1892 1893
f 1893 1892 1894
f 1893 1894 1895
f 1895 1894 1896
f 1889 1897 1890
f 1895 1896 1898
f 1899 1022 1900
f 1900 1022 1901
f 1900 1901 1902
f 1902 1901 1903
f 1902 1903 1904
f 1904 1903 1905
f 1898 1896 1906
f 1904 1905 1907
f 1908 1897 1889
f 1909 1910 1908
f 1911 1895 1898
f 1912 1913 1914
f 1914 1913 1915
f 1914 1915 1916
f 1916 1915 1917
f 1916 1917 1918
f 1908 1910 1897
f 1918 1917 1919
f 1920 1919 1921
f 1920 1921 1922
f 1923 1924 1925
f 1925 1924 1926
f 1925 1926 1909
f 1909 1926 1910
f 1918 1919 1920
f 1927 1895 1911
f 1907 1905 1928
f 1929 1928 1930
f 1931 1916 1932
f 1932 1916 1918
f 1932 1918 1933
f 1933 1918 1920
f 1933 1920 1934
f 1934 1920 1922
f 1931 1914 1916
f 1934 1922 1935
f 1906 1936 1937
f 1906 1937 1938
f 1939 1940 1941
f 1941 1940 1942
f 1941 1942 1943
f 1943 1942 1931
f 1944 1936 1906
f 1907 1928 1929
f 1942 1914 1931
f 1940 1912 1942
f 1929 1930 1945
f 1945 1930 1946
f 1945 1946 1947
f 1947 1946 1948
f 1947 1948 1949
f 1949 1948 1950
f 1942 1912 1914
f 1949 1950 1951
f 1951 1952 1953
f 1953 1952 1911
f 1953 1911 1954
f 1954 1911 1898
f 1954 1898 1938
f 1938 1898 1906
f 1951 1950 1952
f 1943 1931 1955
f 1927 1893 1895
f 1956 1891 1893
f 1957 1947 1949
f 1957 1949 1958
f 1958 1949 1951
f 1958 1951 1959
f 1960 1961 1962
f 1962 1961 1963
f 1964 1947 1957
f 1962 1963 1965
f 1951 1966 1967
f 1951 1967 1959
f 1968 1969 1970
f 1970 1969 1961
f 1970 1961 1971
f 1971 1961 1960
f 1953 1966 1951
f 1971 1960 1972
f 1964 1945 1947
f 1973 1929 1945
f 1974 1853 1852
f 1974 1852 1035
f 1035 1852 1024
f 1035 1899 1974
f 1974 1899 1900
f 1974 1900 1975
f 1973 1945 1964
f 1975 1900 1902
f 1976 1902 1904
f 1976 1904 1977
f 1977 1904 1907
f 1977 1907 1978
f 1978 1907 1929
f 1978 1929 1973
f 1975 1902 1976
f 1956 1893 1927
f 1911 1952 1927
f 1927 1950 1956
f 1917 1971 1919
f 1919 1971 1972
f 1919 1972 1921
f 1874 1923 1979
f 1979 1923 1925
f 1979 1925 1980
f 1917 1970 1971
f 1980 1925 1909
f 1981 1909 1908
f 1981 1908 1982
f 1982 1908 1889
f 1982 1889 1983
f 1983 1889 1891
f 1983 1891 1956
f 1980 1909 1981
f 1927 1952 1950
f 1915 1970 1917
f 1913 1968 1915
f 1956 1950 1948
f 1956 1948 1983
f 1983 1948 1946
f 1983 1946 1982
f 1982 1946 1930
f 1982 1930 1981
f 1915 1968 1970
f 1981 1930 1928
f 1980 1928 1905
f 1980 1905 1979
f 1979 1905 1903
f 1979 1903 1874
f 1874 1903 1901
f 1874 1901 1022
f 1981 1928 1980
f 1955 1931 1932
f 1955 1932 1984
f 1984 1932 1933
f 1985 1986 1987
f 1034 1033 1874
f 1874 1033 1988
f 1874 1988 1923
f 1923 1988 1171
f 1923 1171 1924
f 1989 1986 1985
f 1924 1171 1162
f 1990 1162 1168
f 1990 1168 1991
f 1991 1168 1042
f 1991 1042 1965
f 1965 1042 569
f 1965 569 1962
f 1924 1162 1990
f 1962 569 568
f 1989 1992 1986
f 1993 1939 1992
f 1994 1965 1963
f 1994 1963 1995
f 1995 1963 1969
f 1995 1969 1996
f 1996 1969 1968
f 1996 1968 1997
f 1993 1992 1989
f 1997 1968 1913
f 1998 1913 1912
f 1998 1912 1999
f 1999 1912 1940
f 1999 1940 2000
f 2000 1940 1939
f 2000 1939 1993
f 1997 1913 1998
f 1991 1965 1994
f 1962 568 1960
f 1960 2001 1972
f 2002 1836 1875
f 2002 1875 2003
f 2003 1875 1541
f 2003 1541 2004
f 2004 1541 1540
f 2004 1540 2005
f 2006 1836 2002
f 2005 1540 1723
f 2007 1723 2008
f 2007 2008 2009
f 2009 2008 2010
f 2009 2010 1986
f 1986 2010 2011
f 1986 2011 1987
f 2005 1723 2007
f 1960 568 2001
f 2006 1837 1836
f 2012 2013 1837
f 1972 2001 2014
f 1972 2014 1921
f 1921 2014 2015
f 1921 2015 1922
f 1922 2015 2016
f 1922 2016 1935
f 2012 1837 2006
f 1935 2016 2017
f 2018 2017 2019
f 2018 2019 2020
f 2020 2019 2021
f 2020 2021 2012
f 2012 2021 2022
f 2022 2013 2012
f 1935 2017 2018
f 2023 1986 1992
f 2023 2009 1986
f 2024 2009 2023
f 2025 1999 2000
f 2025 2000 2026
f 2026 2000 1993
f 1924 1990 1926
f 1926 1990 2027
f 1926 2027 1910
f 2028 1999 2025
f 1910 2027 2029
f 1897 2029 2030
f 1897 2030 1890
f 1890 2030 2031
f 1890 2031 1892
f 1892 2031 2032
f 1892 2032 1894
f 1910 2029 1897
f 1894 2032 2028
f 2028 1998 1999
f 2032 1997 1998
f 1984 1933 2033
f 2033 1933 1934
f 2033 1934 2034
f 2034 1934 1935
f 2034 1935 2018
f 1990 1991 2027
f 2032 1998 2028
f 2027 1991 1994
f 2029 1994 1995
f 2029 1995 2030
f 2030 1995 1996
f 2030 1996 2031
f 2031 1996 1997
f 2031 1997 2032
f 2027 1994 2029
f 1894 2028 1896
f 1896 2028 2025
f 1896 2025 1906
f 1993 2035 2036
f 1993 2036 1944
f 2020 2006 2037
f 2037 2006 2002
f 2037 2002 2038
f 2038 2002 2003
f 1989 2035 1993
f 2038 2003 2039
f 2039 2004 2040
f 2040 2004 2005
f 2040 2005 2041
f 2041 2005 2007
f 2041 2007 2024
f 2024 2007 2009
f 2039 2003 2004
f 2037 2018 2020
f 2037 2034 2018
f 2038 2034 2037
f 1906 2025 2026
f 1906 2026 1944
f 1944 2026 1993
f 1992 1939 2023
f 2023 1939 1941
f 2023 1941 2024
f 2024 1941 1943
f 2024 1943 2041
f 2041 1943 1955
f 2041 1955 2040
f 2040 1955 1984
f 2040 1984 2039
f 2039 1984 2033
f 2039 2033 2038
f 2038 2033 2034
f 1975 1853 1974
f 1975 1881 1853
f 1976 1881 1975
f 1976 1532 1881
f 2042 1700 2043
f 2043 1700 1699
f 2043 1699 2044
f 2044 1699 1682
f 2044 1682 2045
f 2045 1682 1684
f 2042 1711 1700
f 2045 1684 2046
f 2046 1686 2047
f 2047 1686 1688
f 2047 1688 2048
f 2048 1688 1691
f 2048 1691 2049
f 2049 1691 1693
f 2046 1684 1686
f 2049 1693 2050
f 2051 1711 2042
f 2052 1709 2051
f 2053 1670 2054
f 2054 1670 1671
f 2054 1671 2055
f 2055 1671 1681
f 2055 1681 2056
f 2056 1681 1702
f 2051 1709 1711
f 2056 1702 2057
f 2057 1703 2058
f 2058 1703 1705
f 2058 1705 2059
f 2059 1705 1707
f 2059 1707 2052
f 2052 1707 1709
f 2057 1702 1703
f 2053 1669 1670
f 2050 1693 1695
f 2060 1695 1697
f 2061 2062 2063
f 2063 2062 2064
f 2063 2064 2065
f 2065 2064 2066
f 2065 2066 2067
f 2067 2066 2068
f 2061 2069 2062
f 2067 2068 2070
f 2070 2071 2072
f 2072 2071 2073
f 2072 2073 2074
f 2074 2073 2075
f 2074 2075 2076
f 2076 2075 2077
f 2070 2068 2071
f 2050 1695 2060
f 2078 2069 2061
f 2079 2080 2078
f 2060 1697 2081
f 2081 1697 1868
f 2081 1868 2082
f 2082 1868 1888
f 2082 1888 2083
f 2083 1888 2084
f 2078 2080 2069
f 2083 2084 2085
f 2085 2086 2087
f 2087 2086 2088
f 2087 2088 2089
f 2089 2088 2090
f 2089 2090 2079
f 2079 2090 2080
f 2085 2084 2086
f 2091 1669 2053
f 2091 1668 1669
f 2092 1668 2091
f 2066 1727 2068
f 2068 1727 1722
f 2068 1722 2071
f 2071 1722 1718
f 2071 1718 2073
f 2073 1718 1719
f 2066 1734 1727
f 2073 1719 2075
f 2075 1720 2077
f 2077 1720 1721
f 2077 1721 2093
f 2093 1721 1726
f 2093 1726 2094
f 2008 1723 2095
f 2075 1719 1720
f 2095 1723 1724
f 2064 1734 2066
f 2062 1733 2064
f 1888 1716 2084
f 2084 1716 1717
f 2084 1717 2086
f 2086 1717 1728
f 2086 1728 2088
f 2088 1728 1729
f 2064 1733 1734
f 2088 1729 2090
f 2090 1730 2080
f 2080 1730 1731
f 2080 1731 2069
f 2069 1731 1732
f 2069 1732 2062
f 2062 1732 1733
f 2090 1729 1730
f 2095 1724 2096
f 2096 1724 1725
f 2096 1725 2097
f 2098 1673 2099
f 2099 1673 1672
f 2099 1672 2100
f 2100 1672 1663
f 2100 1663 2101
f 2101 1663 1664
f 2098 1680 1673
f 2101 1664 2102
f 2102 1665 2103
f 2103 1665 1666
f 2103 1666 2104
f 2104 1666 1667
f 2104 1667 2092
f 2092 1667 1668
f 2102 1664 1665
f 2105 1680 2098
f 2105 1679 1680
f 2106 1679 2105
f 2097 1725 1714
f 2097 1714 2107
f 2107 1714 1713
f 2107 1713 2108
f 2108 1713 1674
f 2108 1674 2109
f 2109 1674 1675
f 2109 1675 2110
f 2110 1675 1676
f 2110 1676 2111
f 2111 1676 1677
f 2111 1677 2112
f 2112 1677 1678
f 2112 1678 2106
f 2106 1678 1679
f 2076 2077 2113
f 1868 1715 1888
f 2113 2077 2093
f 2114 2093 2094
f 2115 2082 2083
f 2115 2083 2116
f 2116 2083 2085
f 2116 2085 2117
f 2117 2085 2087
f 2117 2087 2118
f 2119 2082 2115
f 2118 2087 2089
f 2120 2089 2079
f 2120 2079 2121
f 2121 2079 2078
f 2121 2078 2122
f 2122 2078 2061
f 2122 2061 2123
f 2118 2089 2120
f 2123 2061 2063
f 2119 2081 2082
f 2124 2060 2081
f 2125 2044 2045
f 2125 2045 2126
f 2126 2045 2046
f 2126 2046 2127
f 2127 2046 2047
f 2127 2047 2128
f 2124 2081 2119
f 2128 2047 2048
f 2129 2048 2049
f 2129 2049 2130
f 2130 2049 2050
f 2130 2050 2131
f 2131 2050 2060
f 2131 2060 2124
f 2128 2048 2129
f 2132 2044 2125
f 2123 2063 1832
f 1832 2065 1842
f 2133 2134 2135
f 1959 2136 1958
f 1958 2136 2137
f 1958 2137 1957
f 1957 2137 2138
f 1957 2138 1964
f 2133 2139 2134
f 1964 2138 2094
f 1973 2094 1726
f 1973 1726 1978
f 1978 1726 1533
f 1978 1533 1977
f 1977 1533 1532
f 1977 1532 1976
f 1964 2094 1973
f 1832 2063 2065
f 2137 2139 2133
f 2133 2114 2138
f 1842 2065 2067
f 1842 2067 1850
f 1850 2067 2070
f 1850 2070 1877
f 1877 2070 2072
f 1877 2072 1536
f 2133 2138 2137
f 1536 2072 2074
f 2140 2074 2076
f 2140 2076 2141
f 2141 2076 2113
f 2141 2113 2142
f 2142 2113 2114
f 2142 2114 2133
f 1536 2074 2140
f 2132 2043 2044
f 2143 2043 2132
f 2143 2042 2043
f 2144 2108 2145
f 2145 2108 2109
f 2145 2109 2146
f 2146 2109 2110
f 2146 2110 2147
f 2147 2110 2111
f 2144 2107 2108
f 2147 2111 2148
f 2148 2112 2149
f 2149 2112 2106
f 2149 2106 2150
f 2150 2106 2105
f 2150 2105 2151
f 2151 2105 2098
f 2148 2111 2112
f 2151 2098 2152
f 2153 2107 2144
f 2154 2097 2153
f 2114 2094 2138
f 1536 2140 1534
f 1534 2140 2141
f 1534 2141 2155
f 2155 2141 2142
f 2155 2142 2156
f 2153 2097 2107
f 2156 2142 2133
f 2010 2008 2157
f 2157 2008 2095
f 2157 2095 2158
f 2158 2095 2096
f 2158 2096 2154
f 2154 2096 2097
f 2156 2133 2135
f 2152 2098 2099
f 2152 2099 2159
f 2159 2099 2100
f 2160 2055 2056
f 2160 2056 2161
f 2161 2056 2057
f 2161 2057 2162
f 2162 2057 2058
f 2162 2058 2163
f 2164 2055 2160
f 2163 2058 2059
f 2165 2059 2052
f 2165 2052 2166
f 2166 2052 2051
f 2166 2051 2167
f 2167 2051 2042
f 2167 2042 2143
f 2163 2059 2165
f 2164 2054 2055
f 2168 2054 2164
f 2168 2053 2054
f 2159 2100 2169
f 2169 2100 2101
f 2169 2101 2170
f 2170 2101 2102
f 2170 2102 2171
f 2171 2102 2103
f 2171 2103 2172
f 2172 2103 2104
f 2172 2104 2173
f 2173 2104 2092
f 2173 2092 2174
f 2174 2092 2091
f 2174 2091 2175
f 2175 2091 2053
f 2175 2053 2168
f 2113 2093 2114
f 2176 1086 1085
f 1773 2177 1822
f 1753 2178 2177
f 2179 2180 2181
f 2181 2180 2182
f 2181 2182 2183
f 2183 2182 2184
f 2183 2184 2185
f 2185 2184 2186
f 2179 2187 2180
f 2185 2186 2188
f 2188 2189 2190
f 2190 2189 2191
f 2190 2191 2192
f 2192 2191 2193
f 2192 2193 2194
f 2194 2193 2195
f 2188 2186 2189
f 2194 2195 2196
f 2197 2187 2179
f 2198 696 2197
f 2199 2200 2201
f 2201 2200 2202
f 2201 2202 2203
f 2203 2202 2204
f 2203 2204 2205
f 2205 2204 2206
f 2197 696 2187
f 2205 2206 2207
f 2207 359 2208
f 2208 359 358
f 2208 358 2209
f 2209 358 697
f 2209 697 2198
f 2198 697 696
f 2207 2206 359
f 2199 2210 2200
f 2196 2195 2211
f 2212 2211 2213
f 2214 2215 2216
f 2216 2215 2217
f 2216 2217 2218
f 2218 2217 2219
f 2218 2219 2220
f 2220 2219 2221
f 2214 2222 2215
f 2220 2221 2223
f 2223 2224 2225
f 2225 2224 2226
f 2225 2226 2227
f 2227 2226 2228
f 2227 2228 2229
f 2229 2228 2230
f 2223 2221 2224
f 2196 2211 2212
f 2231 2222 2214
f 2232 2233 2231
f 2212 2213 2234
f 2234 2213 2235
f 2234 2235 3
f 3 2235 2236
f 3 2236 1
f 2237 275 2238
f 2231 2233 2222
f 2239 2240 2241
f 2241 2242 2243
f 2243 2242 2244
f 2243 2244 2245
f 2245 2244 2246
f 2245 2246 2232
f 2232 2246 2233
f 2241 2240 2242
f 2229 2230 2247
f 2248 2210 2199
f 2249 2250 2248
f 1142 1108 1149
f 1149 1108 145
f 1149 145 1151
f 1151 145 152
f 1151 152 1153
f 1153 152 301
f 1142 1109 1108
f 1153 301 1155
f 1155 76 1156
f 1156 76 118
f 1156 118 1106
f 1106 118 745
f 1106 745 610
f 610 745 744
f 1155 301 76
f 610 744 611
f 1140 1109 1142
f 1128 1104 1140
f 1113 379 1115
f 1115 379 378
f 1115 378 1117
f 1117 378 402
f 1117 402 1119
f 1119 402 300
f 1140 1104 1109
f 1119 300 1122
f 1122 283 1124
f 1124 283 282
f 1124 282 1126
f 1126 282 958
f 1126 958 1128
f 1128 958 1104
f 1122 300 283
f 2248 2250 2210
f 611 744 742
f 693 742 739
f 679 752 677
f 677 752 751
f 677 751 418
f 418 751 750
f 418 750 416
f 416 750 698
f 679 753 752
f 416 698 193
f 193 186 191
f 191 186 188
f 191 188 189
f 189 188 2251
f 2238 2252 2249
f 2249 2252 2250
f 193 698 186
f 611 742 693
f 681 753 679
f 690 754 681
f 693 739 694
f 694 739 737
f 694 737 692
f 692 737 735
f 692 735 691
f 691 735 734
f 681 754 753
f 691 734 687
f 687 747 688
f 688 747 749
f 688 749 689
f 689 749 755
f 689 755 690
f 690 755 754
f 687 734 747
f 2247 2230 2253
f 2247 2253 2254
f 2254 2253 2255
f 2256 2257 2258
f 2256 2258 2259
f 2259 2258 2260
f 2259 2260 2261
f 2261 2260 2262
f 2261 2262 2263
f 2264 2257 2256
f 2263 2262 2265
f 2266 2265 2267
f 2266 2267 2268
f 2268 2267 2269
f 2268 2269 2270
f 2270 2269 2271
f 2270 2271 2272
f 2263 2265 2266
f 2272 2271 2273
f 2264 2274 2257
f 2275 2276 2274
f 2277 2278 2279
f 2277 2279 2280
f 2280 2279 2281
f 2280 2281 2282
f 2282 2281 2283
f 2282 2283 2284
f 2275 2274 2264
f 2284 2283 2285
f 2286 2285 2287
f 2286 2287 2288
f 2288 2287 2289
f 2288 2289 2290
f 2290 2289 2276
f 2290 2276 2275
f 2284 2285 2286
f 2291 2278 2277
f 2272 2273 2292
f 2292 2293 2294
f 1257 245 247
f 1257 247 1255
f 1255 247 249
f 1255 249 1253
f 1253 249 252
f 1253 252 1251
f 1259 245 1257
f 1251 252 1419
f 1250 1419 1418
f 1250 1418 356
f 356 1418 1401
f 356 1401 357
f 357 1401 1391
f 357 1391 1238
f 1251 1419 1250
f 2292 2273 2293
f 1259 243 245
f 1261 261 243
f 2294 2293 1428
f 2294 1428 2295
f 2295 1428 1393
f 2295 1393 2296
f 2296 1393 1395
f 2296 1395 2297
f 1261 243 1259
f 2297 1395 276
f 343 276 278
f 343 278 364
f 364 278 262
f 364 262 1228
f 1228 262 261
f 1228 261 1261
f 2297 276 343
f 2291 2298 2278
f 2299 2298 2291
f 2299 2300 2298
f 822 2301 804
f 804 2301 2302
f 804 2302 805
f 805 2302 2303
f 805 2303 807
f 807 2303 2304
f 822 2305 2301
f 807 2304 809
f 809 2306 812
f 812 2306 2307
f 812 2307 821
f 821 2307 2308
f 821 2308 2309
f 2309 2308 2310
f 809 2304 2306
f 2309 2310 2311
f 824 2305 822
f 835 2312 824
f 2254 2255 2313
f 2313 2255 2314
f 2313 2314 2315
f 2315 2314 2316
f 2315 2316 2237
f 2237 2316 275
f 824 2312 2305
f 827 2317 829
f 829 2318 831
f 831 2318 2319
f 831 2319 833
f 833 2319 2320
f 833 2320 835
f 835 2320 2312
f 829 2317 2318
f 2311 2310 2321
f 2311 2321 2322
f 2322 2321 2323
f 2324 2325 2326
f 2324 2326 2239
f 2239 2326 2327
f 2239 2327 2328
f 2328 2327 2329
f 2328 2329 2330
f 2331 2325 2324
f 2330 2329 2332
f 2333 2332 2334
f 2333 2334 2335
f 2335 2334 2336
f 2335 2336 2337
f 2337 2336 2300
f 2337 2300 2299
f 2330 2332 2333
f 2331 2338 2325
f 2339 2338 2331
f 2339 2340 2338
f 2322 2323 2341
f 2341 2323 2342
f 2341 2342 2343
f 2343 2342 2344
f 2343 2344 2345
f 2345 2344 2346
f 2345 2346 2347
f 2347 2346 2348
f 2347 2348 2349
f 2349 2348 2350
f 2349 2350 2351
f 2351 2350 2352
f 2351 2352 2353
f 2353 2352 2340
f 2353 2340 2339
f 1113 87 379
f 1120 87 1113
f 1120 98 87
f 1131 98 1120
f 764 882 884
f 764 884 722
f 722 884 839
f 722 839 711
f 711 839 838
f 711 838 732
f 202 882 764
f 732 838 789
f 498 789 791
f 498 791 499
f 499 791 793
f 499 793 574
f 574 793 2354
f 574 2354 567
f 732 789 498
f 567 2354 2355
f 202 880 882
f 221 878 880
f 63 117 101
f 63 101 44
f 44 101 86
f 44 86 42
f 42 86 78
f 42 78 22
f 221 880 202
f 22 78 81
f 20 81 83
f 20 83 59
f 59 83 876
f 59 876 403
f 403 876 878
f 403 878 221
f 22 81 20
f 65 117 63
f 567 2355 566
f 566 2356 565
f 460 2357 2358
f 460 2358 479
f 479 2358 2359
f 479 2359 480
f 480 2359 2360
f 480 2360 484
f 462 2357 460
f 484 2360 2361
f 485 2361 2362
f 485 2362 600
f 600 2362 2363
f 600 2363 2364
f 2364 2363 2365
f 2364 2365 599
f 484 2361 485
f 566 2355 2356
f 462 2366 2357
f 464 2367 2366
f 565 2356 2368
f 565 2368 544
f 544 2368 2369
f 544 2369 543
f 543 2369 2370
f 543 2370 533
f 464 2366 462
f 533 2370 2371
f 532 2371 2372
f 532 2372 469
f 469 2372 2373
f 469 2373 466
f 466 2373 2367
f 466 2367 464
f 533 2371 532
f 65 115 117
f 67 115 65
f 67 113 115
f 1344 1476 1195
f 1195 1476 1376
f 1195 1376 1197
f 1197 1376 633
f 1197 633 1199
f 1199 633 1237
f 1344 1475 1476
f 1199 1237 1202
f 1202 1289 1200
f 1200 1289 1298
f 1200 1298 1350
f 1350 1298 1332
f 1350 1332 1352
f 1352 1332 1368
f 1202 1237 1289
f 1352 1368 1354
f 1343 1475 1344
f 1484 1474 1343
f 963 686 1247
f 1247 686 676
f 1247 676 1479
f 1479 676 1477
f 1479 1477 1480
f 1480 1477 1470
f 1343 1474 1475
f 1480 1470 1481
f 1481 1471 1482
f 1482 1471 1472
f 1482 1472 1483
f 1483 1472 1473
f 1483 1473 1484
f 1484 1473 1474
f 1481 1470 1471
f 1354 1368 1367
f 1354 1367 1356
f 1356 1367 1366
f 493 229 233
f 493 233 495
f 495 233 234
f 495 234 497
f 497 234 105
f 497 105 60
f 173 229 493
f 60 105 107
f 74 107 109
f 74 109 72
f 72 109 111
f 72 111 70
f 70 111 113
f 70 113 67
f 60 107 74
f 173 230 229
f 171 230 173
f 171 174 230
f 1356 1366 1358
f 1358 1366 1364
f 1358 1364 1348
f 1348 1364 1363
f 1348 1363 1346
f 1346 1363 609
f 539 763 540
f 540 763 762
f 540 762 426
f 426 762 647
f 426 647 425
f 425 647 185
f 425 185 170
f 170 185 174
f 170 174 171
f 599 2365 806
f 1238 1391 1174
f 599 806 597
f 597 808 2
f 2374 2375 1469
f 1469 2375 2376
f 1469 2376 1478
f 1478 2376 2377
f 1478 2377 2378
f 2378 2377 2379
f 2374 2380 2375
f 2378 2379 1527
f 1527 2381 1528
f 1528 2381 2382
f 1528 2382 2383
f 2383 2382 2384
f 2383 2384 2385
f 2385 2384 2386
f 1527 2379 2381
f 2385 2386 2387
f 2388 2380 2374
f 2389 2390 2388
f 2391 2392 2393
f 2393 2392 2394
f 2393 2394 2395
f 2395 2394 2396
f 2395 2396 2397
f 2397 2396 2398
f 2388 2390 2380
f 2397 2398 2399
f 2399 2400 2401
f 2401 2400 2402
f 2401 2402 2403
f 2403 2402 2404
f 2403 2404 2389
f 2389 2404 2390
f 2399 2398 2400
f 2391 2405 2392
f 2387 2386 2406
f 2407 2406 2408
f 894 795 895
f 895 795 794
f 895 794 1143
f 1143 794 886
f 1143 886 968
f 968 886 887
f 894 797 795
f 968 887 969
f 969 893 1137
f 1137 893 892
f 1137 892 1138
f 1138 892 891
f 1138 891 1131
f 1131 891 98
f 969 887 893
f 2387 2406 2407
f 820 797 894
f 818 798 820
f 2407 2408 2409
f 2409 2408 2410
f 2409 2410 2411
f 2411 2410 2412
f 2411 2412 2413
f 2413 2412 2414
f 820 798 797
f 2413 2414 813
f 813 2415 814
f 814 2415 788
f 814 788 816
f 816 788 799
f 816 799 818
f 818 799 798
f 813 2414 2415
f 2416 2405 2391
f 2416 2417 2405
f 2418 2417 2416
f 2419 2420 2421
f 2419 2421 2422
f 2422 2421 2423
f 2422 2423 2424
f 2424 2423 2425
f 2424 2425 2426
f 2427 2420 2419
f 2426 2425 2428
f 2429 2428 2430
f 2429 2430 2431
f 2431 2430 2432
f 2431 2432 2243
f 2243 2432 2241
f 1419 252 1421
f 2426 2428 2429
f 1421 252 250
f 2427 2433 2420
f 2434 2435 2433
f 2 808 810
f 2 810 3
f 3 810 2436
f 3 2436 2437
f 2437 2436 2438
f 2437 2438 2439
f 2434 2433 2427
f 2439 2438 2440
f 2441 2440 2442
f 2441 2442 2443
f 2443 2442 2444
f 2443 2444 2445
f 2445 2444 2435
f 2445 2435 2434
f 2439 2440 2441
f 1421 250 1422
f 1422 250 1390
f 1422 1390 1427
f 2446 2447 2448
f 2448 2447 2449
f 2448 2449 2450
f 2450 2449 2451
f 2450 2451 2452
f 2452 2451 2453
f 2446 2454 2447
f 2452 2453 2455
f 2455 2456 2457
f 2457 2456 2458
f 2457 2458 2459
f 2459 2458 2460
f 2459 2460 2418
f 2418 2460 2417
f 2455 2453 2456
f 2461 2454 2446
f 2461 2462 2454
f 2463 2462 2461
f 1427 1390 1389
f 1427 1389 1435
f 1435 1389 1402
f 1435 1402 1436
f 1436 1402 1403
f 1436 1403 1417
f 1417 1403 2464
f 1417 2464 1416
f 1416 2464 2465
f 1416 2465 2466
f 2466 2465 2467
f 2466 2467 2468
f 2468 2467 2469
f 2468 2469 2463
f 2463 2469 2462
f 597 806 808
f 1753 2177 1773
f 1238 1174 1290
f 1290 1176 1291
f 2470 2161 2471
f 2471 2161 2162
f 2471 2162 2472
f 2472 2162 2163
f 2166 2473 2165
f 2165 2473 2474
f 2470 2160 2161
f 2165 2474 2163
f 2163 2475 2472
f 2143 2476 2167
f 2167 2476 2477
f 2167 2477 2166
f 2166 2477 2478
f 2166 2478 2473
f 2163 2474 2475
f 2479 2480 2481
f 2164 2160 2470
f 2164 2482 2483
f 2484 2171 2172
f 2484 2172 2485
f 2485 2172 2173
f 2485 2173 2486
f 2164 2487 2168
f 2168 2487 2488
f 2164 2483 2487
f 2168 2488 2175
f 2175 2489 2174
f 2174 2489 2490
f 2174 2490 2173
f 2173 2490 2491
f 2173 2491 2486
f 2470 2482 2164
f 2175 2488 2489
f 2492 2171 2484
f 2481 2480 2493
f 2494 2493 2495
f 2496 2497 2498
f 2498 2497 2499
f 2498 2499 2500
f 2500 2499 2501
f 2500 2501 2502
f 2502 2501 2503
f 2496 2504 2497
f 2502 2503 2178
f 2178 2505 2177
f 2177 2505 2506
f 2177 2506 1822
f 1822 2506 2507
f 1822 2507 1823
f 1823 2507 2508
f 2178 2503 2505
f 2481 2493 2494
f 2509 2504 2496
f 2510 2511 2509
f 2494 2495 2512
f 2512 2495 2513
f 2512 2513 2514
f 2514 2513 2515
f 2514 2515 2516
f 2516 2515 2517
f 2509 2511 2504
f 2516 2517 2518
f 2518 2519 2520
f 2520 2519 2521
f 2520 2521 2522
f 2522 2521 2523
f 2522 2523 2510
f 2510 2523 2511
f 2518 2517 2519
f 1823 2508 1824
f 2492 2170 2171
f 2159 2524 2525
f 2526 2154 2527
f 2527 2154 2528
f 2528 2154 2529
f 2529 2154 2153
f 2529 2153 2144
f 2530 2531 2144
f 2526 2158 2154
f 2144 2531 2532
f 2533 2534 2535
f 2535 2534 2536
f 2535 2536 2537
f 2537 2536 2538
f 2537 2538 2539
f 2539 2538 2540
f 2144 2532 2529
f 2539 2540 2541
f 2157 2158 2526
f 2010 2542 2543
f 2544 2545 2546
f 2546 2545 2547
f 2546 2547 2548
f 2549 2550 2546
f 2546 2550 2551
f 2546 2551 2544
f 2010 2543 2011
f 2020 2012 2006
f 2136 2139 2137
f 2013 2022 2533
f 2013 2533 2535
f 2526 2552 2157
f 2157 2552 2542
f 2157 2542 2010
f 1963 1961 1969
f 2553 2170 2492
f 2541 2540 2554
f 2555 2554 2556
f 2150 2557 2149
f 2149 2557 2558
f 2149 2558 2148
f 2148 2558 2559
f 2148 2559 2560
f 2159 2525 2152
f 2150 2561 2557
f 2152 2525 2562
f 2553 2563 2170
f 2170 2563 2564
f 2170 2564 2169
f 2169 2564 2565
f 2169 2565 2159
f 2159 2565 2524
f 2152 2562 2566
f 2541 2554 2555
f 2151 2561 2150
f 2152 2566 2151
f 2555 2556 2567
f 2567 2556 2568
f 2567 2568 2569
f 2569 2568 2570
f 2479 2481 2570
f 2570 2481 2571
f 2151 2566 2561
f 2570 2571 2569
f 2530 2145 2146
f 2530 2146 2572
f 2572 2146 2147
f 2572 2147 2573
f 2573 2147 2148
f 2573 2148 2560
f 2144 2145 2530
f 1824 2508 2574
f 1824 2574 1825
f 1825 2574 2575
f 1864 2576 1866
f 1866 2576 1024
f 1866 1024 1852
f 1837 2013 1839
f 1839 2013 2535
f 1839 2535 1841
f 1864 2577 2576
f 1841 2535 2537
f 1844 2537 2539
f 1844 2539 1846
f 1846 2539 2541
f 1846 2541 1848
f 1848 2541 2555
f 1848 2555 1809
f 1841 2537 1844
f 1809 2555 2567
f 1862 2577 1864
f 1860 2578 1862
f 1817 2579 1818
f 1818 2579 2580
f 1818 2580 1819
f 1819 2580 2581
f 1819 2581 1830
f 1830 2581 2582
f 1862 2578 2577
f 1830 2582 1854
f 1854 2583 1856
f 1856 2583 2584
f 1856 2584 1858
f 1858 2584 2585
f 1858 2585 1860
f 1860 2585 2578
f 1854 2582 2583
f 1817 2586 2579
f 1809 2567 1772
f 1772 2569 1759
f 1738 2522 2510
f 1738 2510 1740
f 1740 2510 2509
f 1740 2509 1742
f 1742 2509 2496
f 1742 2496 1744
f 1745 2522 1738
f 1744 2496 2498
f 1747 2498 2500
f 1747 2500 1749
f 1749 2500 2502
f 1749 2502 1751
f 1751 2502 2178
f 1751 2178 1753
f 1744 2498 1747
f 1772 2567 2569
f 1745 2520 2522
f 1757 2518 2520
f 1759 2569 2571
f 1759 2571 1761
f 1761 2571 2481
f 1761 2481 1763
f 1763 2481 2494
f 1763 2494 1765
f 1757 2520 1745
f 1765 2494 2512
f 1767 2512 2514
f 1767 2514 1769
f 1769 2514 2516
f 1769 2516 1771
f 1771 2516 2518
f 1771 2518 1757
f 1765 2512 1767
f 1029 2586 1817
f 2120 2587 2588
f 2120 2589 2587
f 2127 2590 2591
f 2127 2591 2126
f 2126 2591 2592
f 2126 2592 2593
f 2130 2594 2129
f 2129 2594 2595
f 2128 2590 2127
f 2129 2595 2596
f 1821 2597 2598
f 1821 2598 1820
f 1820 2598 2599
f 1820 2599 1811
f 1811 2599 2600
f 1811 2600 1812
f 2601 2597 1821
f 1812 2600 2602
f 2128 2596 2590
f 2125 2603 2604
f 1825 2575 1826
f 1826 2575 2605
f 1826 2605 1827
f 1827 2605 2606
f 1827 2606 1828
f 1828 2606 2601
f 2129 2596 2128
f 1828 2601 1821
f 2132 2604 2607
f 2132 2607 2143
f 2143 2607 2608
f 2143 2608 2476
f 2126 2593 2125
f 2125 2593 2603
f 2125 2604 2132
f 1812 2602 1813
f 1813 2602 2609
f 1813 2609 1814
f 2116 2610 2611
f 2116 2611 2115
f 2115 2611 2612
f 2115 2612 2613
f 2120 2588 2118
f 2118 2588 2614
f 2117 2610 2116
f 2118 2614 2615
f 2123 1835 2616
f 2123 2616 2122
f 2122 2616 2617
f 2122 2617 2121
f 2121 2617 2589
f 2121 2589 2120
f 1832 1835 2123
f 2117 2615 2610
f 2118 2615 2117
f 2119 2618 2619
f 1814 2609 1032
f 1814 1032 1815
f 1815 1032 1031
f 1815 1031 1816
f 1816 1031 1029
f 1816 1029 1817
f 2119 2619 2124
f 2124 2619 2620
f 2124 2620 2131
f 2131 2620 2621
f 2131 2621 2130
f 2130 2621 2622
f 2130 2622 2594
f 2115 2613 2119
f 2119 2613 2618
f 2546 2623 2624
f 2546 2625 2623
f 2548 2625 2546
f 2546 2626 2627
f 2628 2251 2629
f 2629 2251 757
f 2629 757 2630
f 2630 757 758
f 2630 758 2631
f 2631 758 759
f 2628 189 2251
f 2631 759 2632
f 2632 760 2633
f 2633 760 761
f 2633 761 2634
f 2634 761 763
f 2634 763 2635
f 2635 763 539
f 2632 759 760
f 2635 539 2636
f 2637 189 2628
f 2638 190 2637
f 2639 1335 2640
f 2640 1335 1334
f 2640 1334 2641
f 2641 1334 1346
f 2641 1346 2642
f 2642 1346 609
f 2637 190 189
f 2642 609 2643
f 2643 608 2644
f 2644 608 646
f 2644 646 2645
f 2645 646 632
f 2645 632 2638
f 2638 632 190
f 2643 609 608
f 2639 1337 1335
f 2636 539 537
f 2646 537 536
f 1985 2647 1989
f 1989 2647 2648
f 1989 2648 2035
f 2649 1944 2648
f 2648 1944 2036
f 2648 2036 2035
f 2650 2543 2542
f 1938 1937 2649
f 2649 1936 1944
f 1938 2649 1954
f 1954 2649 2651
f 1954 2651 1953
f 1953 2651 2652
f 1953 2652 1966
f 2649 1937 1936
f 2636 537 2646
f 2650 2011 2543
f 2647 1987 2011
f 2646 536 2653
f 2653 536 535
f 2653 535 2654
f 2654 535 542
f 2654 542 2655
f 2655 542 576
f 2647 2011 2650
f 2655 576 2236
f 2616 1835 2656
f 1873 1872 2657
f 1537 1535 2658
f 2552 2549 2542
f 2542 2549 2650
f 1985 1987 2647
f 2236 576 1
f 2659 1337 2639
f 2659 1338 1337
f 2660 1338 2659
f 1273 2661 2662
f 1273 2662 1274
f 1274 2662 2663
f 1274 2663 1277
f 1277 2663 2664
f 1277 2664 1279
f 1272 2661 1273
f 1279 2664 2665
f 1281 2665 2666
f 1281 2666 1283
f 1283 2666 2667
f 1283 2667 1285
f 1285 2667 2668
f 1285 2668 1300
f 1279 2665 1281
f 1300 2668 2669
f 1272 2670 2661
f 1271 2671 2670
f 1291 1176 1178
f 1291 1178 1292
f 1292 1178 1180
f 1292 1180 1293
f 1293 1180 1183
f 1293 1183 1294
f 1271 2670 1272
f 1294 1183 1188
f 1296 1188 1342
f 1296 1342 1288
f 1288 1342 1345
f 1288 1345 1286
f 1286 1345 2671
f 1286 2671 1271
f 1294 1188 1296
f 1300 2669 1320
f 1320 2669 2672
f 1320 2672 1322
f 2673 2674 2675
f 2675 2674 2676
f 2675 2676 2677
f 2677 2676 2678
f 2677 2678 2679
f 2679 2678 2680
f 2673 2681 2674
f 2679 2680 2682
f 2682 2683 2684
f 2684 2683 2685
f 2684 2685 2686
f 2686 2685 1362
f 2686 1362 2660
f 2660 1362 1338
f 2682 2680 2683
f 2687 2681 2673
f 2687 2688 2681
f 2689 2688 2687
f 1322 2672 2690
f 1322 2690 1324
f 1324 2690 2691
f 1324 2691 1326
f 1326 2691 2692
f 1326 2692 1328
f 1328 2692 2693
f 1328 2693 1330
f 1330 2693 2694
f 1330 2694 1319
f 1319 2694 2695
f 1319 2695 2696
f 2696 2695 2697
f 2696 2697 2689
f 2689 2697 2688
f 2698 1959 2652
f 1290 1174 1176
f 2652 1959 1967
f 2135 2134 2699
f 2547 2562 2548
f 2548 2562 2525
f 2548 2525 2524
f 2545 2558 2547
f 2547 2558 2557
f 2547 2557 2561
f 2547 2566 2562
f 2572 2573 2544
f 2544 2560 2545
f 2545 2560 2559
f 2545 2559 2558
f 2572 2544 2530
f 2530 2544 2551
f 2530 2551 2531
f 2544 2573 2560
f 2531 2551 2532
f 2561 2566 2547
f 2625 2524 2565
f 2626 2490 2489
f 2626 2489 2488
f 2484 2485 2624
f 2624 2485 2486
f 2624 2486 2700
f 2700 2486 2491
f 2625 2565 2564
f 2700 2491 2490
f 2492 2624 2623
f 2492 2623 2553
f 2553 2623 2563
f 2563 2623 2625
f 2563 2625 2564
f 2548 2524 2625
f 2484 2624 2492
f 2700 2490 2626
f 2532 2551 2550
f 2552 2526 2549
f 2701 2702 2546
f 2546 2702 2703
f 2546 2703 2704
f 2705 2706 2707
f 2707 2706 2546
f 2546 2706 2708
f 2546 2708 2701
f 2546 2709 2657
f 2710 2711 2546
f 2712 2707 2546
f 2712 2546 2713
f 2627 2714 2546
f 2546 2714 2715
f 2546 2715 2710
f 2624 2700 2546
f 2546 2700 2626
f 2546 2711 2713
f 2532 2550 2529
f 2546 2656 2709
f 2546 2716 2699
f 2549 2526 2527
f 2549 2527 2550
f 2550 2527 2528
f 2550 2528 2529
f 2650 2549 2546
f 2650 2546 2647
f 2704 2656 2546
f 2651 2649 2546
f 2546 2648 2647
f 2699 2698 2546
f 2546 2698 2652
f 2546 2652 2651
f 2657 2658 2546
f 2546 2658 2716
f 2546 2649 2648
f 2627 2482 2470
f 2627 2483 2482
f 2626 2483 2627
f 2657 1849 1873
f 2704 2589 2656
f 2656 2589 2617
f 2656 2617 2616
f 2702 2611 2703
f 2703 2611 2610
f 2657 1833 1849
f 2703 2610 2615
f 2703 2614 2588
f 2703 2588 2704
f 2704 2588 2587
f 2704 2587 2589
f 2708 2621 2701
f 2701 2621 2620
f 2615 2614 2703
f 2701 2620 2619
f 2709 1833 2657
f 1835 1834 2709
f 2699 2134 2139
f 2699 2139 2698
f 2698 2139 2136
f 2698 2136 1959
f 2658 1535 2716
f 1535 1534 2716
f 2709 1834 1833
f 2716 1534 2155
f 2699 2155 2156
f 2699 2156 2135
f 2657 1872 2658
f 2658 1872 1538
f 2658 1538 1537
f 2656 1835 2709
f 2716 2155 2699
f 2619 2618 2701
f 2701 2618 2613
f 2701 2613 2702
f 2608 2710 2476
f 2474 2473 2715
f 2715 2473 2478
f 2715 2478 2710
f 2710 2478 2477
f 2710 2477 2476
f 2608 2711 2710
f 2474 2715 2475
f 2475 2714 2472
f 2627 2470 2714
f 2714 2470 2471
f 2714 2471 2472
f 2488 2487 2626
f 2626 2487 2483
f 2475 2715 2714
f 2607 2711 2608
f 2713 2603 2593
f 2713 2604 2603
f 2702 2613 2612
f 2702 2612 2611
f 2596 2706 2590
f 2705 2717 2590
f 2705 2590 2706
f 2591 2590 2717
f 2596 2595 2706
f 2706 2595 2594
f 2706 2594 2708
f 2708 2594 2622
f 2708 2622 2621
f 2717 2718 2592
f 2592 2591 2717
f 2718 2712 2713
f 2713 2592 2718
f 2592 2713 2593
f 2711 2607 2604
f 2711 2604 2713
f 2652 1967 1966
f 2176 2719 1086
f 1601 1624 1625
f 2720 2721 2719
f 2722 2723 2724
f 2722 2724 2725
f 2725 2724 2726
f 2725 2726 2727
f 2728 2729 2730
f 2730 2729 2731
f 2732 2723 2722
f 2730 2731 2733
f 2733 2734 2735
f 2736 2737 2738
f 2738 2737 2739
f 2738 2739 2740
f 2741 2742 2743
f 2743 2742 2744
f 2733 2731 2734
f 2743 2744 2745
f 2746 2747 2748
f 2749 2750 2746
f 2751 2752 2753
f 2753 2752 2754
f 2753 2754 2755
f 2755 2754 2756
f 2755 2756 2757
f 2757 2756 2758
f 2746 2750 2747
f 2759 2760 2761
f 2761 2762 2763
f 2763 2762 2764
f 2763 2764 2765
f 2765 2764 2766
f 2765 2766 2749
f 2749 2766 2750
f 2761 2760 2762
f 2751 2767 2752
f 2768 2769 2770
f 2770 2771 2772
f 2752 2773 2754
f 2754 2773 2774
f 2754 2774 2756
f 2756 2774 2775
f 2756 2775 2758
f 2758 2775 2776
f 2752 2777 2773
f 2758 2776 2778
f 2779 2780 2781
f 2779 2781 2782
f 2782 2781 2783
f 2782 2783 2784
f 2784 2783 2785
f 2784 2785 2786
f 2469 2780 2779
f 2770 2769 2771
f 2767 2777 2752
f 2787 2788 2767
f 2772 2771 2789
f 2772 2789 2790
f 2790 2789 2791
f 2776 2792 2793
f 2793 2792 2794
f 2793 2794 2768
f 2767 2788 2777
f 2768 2794 2795
f 2769 2795 2796
f 2769 2796 2771
f 2771 2796 2797
f 2771 2797 2789
f 2789 2797 2798
f 2789 2798 2791
f 2768 2795 2769
f 2786 2785 2799
f 2800 2767 2751
f 2801 2787 2800
f 2732 2802 2723
f 2723 2802 2803
f 2723 2803 2724
f 2724 2803 2804
f 2724 2804 2726
f 2805 2806 2807
f 2808 2805 2807
f 2807 2806 2809
f 2810 2809 2811
f 2810 2811 2812
f 2812 2811 2813
f 2812 2813 2814
f 2814 2815 2812
f 2812 2815 2816
f 2807 2809 2810
f 2812 2816 2810
f 2817 2818 2819
f 2820 2821 2817
f 2822 2823 2824
f 2824 2823 2825
f 2824 2825 2826
f 2826 2825 2827
f 2826 2827 2828
f 2829 2830 2831
f 2817 2821 2818
f 2831 2830 2832
f 2821 2832 2833
f 2821 2833 2818
f 2834 2829 2835
f 2835 2829 2831
f 2835 2831 2820
f 2820 2831 2821
f 2831 2832 2821
f 2800 2787 2767
f 2810 2816 2836
f 2837 2838 2839
f 2840 2841 2842
f 2469 2467 2780
f 2462 2469 2779
f 2843 2801 2844
f 2844 2801 2800
f 2844 2800 2845
f 2846 2841 2840
f 2845 2800 2751
f 2847 2751 2753
f 2847 2753 2841
f 2841 2753 2755
f 2841 2755 2842
f 2842 2755 2757
f 2842 2757 2848
f 2845 2751 2847
f 2810 2836 2807
f 2846 2847 2841
f 2849 2845 2847
f 2839 2838 2850
f 2839 2850 2851
f 2851 2850 2852
f 2851 2852 2853
f 2853 2852 2849
f 2853 2849 2854
f 2849 2847 2846
f 2854 2849 2846
f 2855 2846 2840
f 2838 2843 2850
f 2850 2843 2844
f 2850 2844 2852
f 2852 2844 2845
f 2852 2845 2849
f 2854 2846 2855
f 2786 2799 2856
f 2857 2858 2859
f 2859 2858 2860
f 2861 2862 2863
f 2179 2864 2197
f 2197 2864 2865
f 2197 2865 2198
f 2198 2865 2866
f 2198 2866 2209
f 2861 2867 2862
f 2208 2209 2868
f 2868 2866 2869
f 2869 2866 2865
f 2869 2865 2870
f 2870 2865 2864
f 2870 2864 2867
f 2867 2864 2871
f 2868 2209 2866
f 2867 2871 2862
f 2872 2867 2861
f 2869 2870 2872
f 2873 2874 2875
f 2873 2875 2876
f 2876 2875 2877
f 2876 2877 2878
f 2878 2877 2879
f 2878 2879 2880
f 2872 2870 2867
f 2880 2879 2881
f 2882 2881 2883
f 2884 2885 2886
f 2886 2885 2887
f 2886 2887 2888
f 2888 2887 2889
f 2888 2889 2890
f 2880 2881 2882
f 2891 2874 2873
f 2207 2208 2892
f 2892 2868 2893
f 2894 2895 2896
f 2894 2896 2890
f 2890 2896 2897
f 2890 2897 2888
f 2888 2897 2898
f 2888 2898 2886
f 2899 2895 2894
f 2886 2898 2900
f 2901 2902 2903
f 2903 2902 2904
f 2903 2904 2905
f 2905 2904 2906
f 2905 2906 2895
f 2895 2906 2907
f 2886 2900 2884
f 2892 2208 2868
f 2899 2905 2895
f 2908 2903 2905
f 2893 2868 2869
f 2893 2869 2884
f 2884 2869 2872
f 2884 2872 2885
f 2885 2872 2861
f 2885 2861 2887
f 2908 2905 2899
f 2887 2861 2863
f 2909 2910 2911
f 2911 2910 2912
f 2911 2912 2913
f 2914 2901 2915
f 2915 2901 2903
f 2915 2903 2908
f 2887 2863 2889
f 2891 2916 2874
f 2917 2916 2891
f 2917 2918 2916
f 2919 2856 2920
f 2920 2856 2921
f 2920 2921 2922
f 2922 2921 2923
f 2922 2923 2924
f 2924 2923 2262
f 2919 2786 2856
f 2924 2262 2260
f 2925 2926 2267
f 2925 2267 2265
f 2799 2927 2856
f 2856 2927 2928
f 2856 2928 2921
f 2921 2928 2925
f 2928 2926 2925
f 2921 2925 2923
f 2929 2786 2919
f 2930 2784 2929
f 2859 2860 2931
f 2931 2860 2745
f 2931 2745 2932
f 2932 2745 2744
f 2932 2744 2739
f 2739 2744 2742
f 2929 2784 2786
f 2739 2742 2740
f 2740 2741 2933
f 2928 2927 2926
f 2462 2779 2934
f 2934 2779 2782
f 2934 2782 2930
f 2930 2782 2784
f 2740 2742 2741
f 2923 2925 2265
f 2923 2265 2262
f 2858 2258 2860
f 2935 2879 2936
f 2936 2879 2877
f 2936 2877 2937
f 2937 2877 2875
f 2937 2875 2874
f 2437 2439 2938
f 2935 2881 2879
f 2938 2439 2939
f 2940 2939 2941
f 2940 2941 2942
f 2942 2941 2943
f 2942 2943 2944
f 2944 2943 2918
f 2944 2918 2917
f 2938 2939 2940
f 2945 2881 2935
f 2945 2883 2881
f 2946 2883 2945
f 2860 2258 2257
f 2860 2257 2745
f 2745 2257 2274
f 2745 2274 2743
f 2743 2274 2276
f 2743 2276 2741
f 2741 2276 2289
f 2741 2289 2933
f 2933 2289 2287
f 2181 2183 2947
f 2947 2183 2948
f 2947 2948 2949
f 2949 2948 2873
f 2949 2873 2876
f 2871 2864 2179
f 2814 2950 2815
f 2895 2907 2896
f 2951 2809 2806
f 2952 2811 2951
f 2953 2954 2955
f 2953 2955 2956
f 2956 2955 2957
f 2956 2957 2958
f 2958 2957 2959
f 2958 2959 2960
f 2961 2954 2953
f 2961 2962 2963
f 2954 2963 2964
f 2954 2964 2955
f 2955 2964 2965
f 2955 2965 2957
f 2957 2965 2966
f 2957 2966 2959
f 2961 2963 2954
f 2958 2967 2956
f 2968 2969 2970
f 2971 2972 2969
f 2200 2973 2974
f 2200 2974 2202
f 2202 2974 2975
f 2202 2975 2204
f 2204 2975 2976
f 2204 2976 2206
f 2971 2969 2968
f 2206 2976 305
f 2238 275 2252
f 2958 2977 2967
f 2967 2977 2978
f 2967 2978 2979
f 2979 2978 2972
f 2979 2972 2971
f 2206 305 359
f 2210 2973 2200
f 2956 2967 2979
f 2953 2979 2971
f 2190 2917 2891
f 2190 2891 2188
f 2188 2891 2948
f 2188 2948 2185
f 2185 2948 2183
f 2980 2874 2981
f 2192 2917 2190
f 2981 2874 2916
f 2982 2983 2984
f 2984 2983 2981
f 2984 2981 2985
f 2985 2981 2918
f 2985 2918 2986
f 2986 2918 2943
f 2981 2916 2918
f 2956 2979 2953
f 2192 2944 2917
f 2194 2942 2944
f 2953 2971 2961
f 2961 2971 2968
f 2961 2968 2962
f 2962 2968 2970
f 2962 2970 2987
f 2987 2970 2988
f 2194 2944 2192
f 2987 2988 2989
f 2234 2437 2938
f 2234 2938 2212
f 2212 2938 2940
f 2212 2940 2196
f 2196 2940 2942
f 2196 2942 2194
f 3 2437 2234
f 2986 2943 2941
f 2210 2990 2973
f 2250 2991 2990
f 2992 339 2993
f 2993 339 325
f 2993 325 2994
f 2994 325 324
f 2994 324 2995
f 2995 324 2996
f 2992 337 339
f 2995 2996 2997
f 2997 2998 2999
f 2999 2998 310
f 2999 310 3000
f 3000 310 312
f 3000 312 3001
f 3001 312 315
f 2997 2996 2998
f 3001 315 3002
f 3003 337 2992
f 3004 335 3003
f 3005 270 3006
f 3006 270 272
f 3006 272 3007
f 3007 272 274
f 3007 274 3008
f 3008 274 327
f 3003 335 337
f 3008 327 3009
f 3009 329 3010
f 3010 329 331
f 3010 331 3011
f 3011 331 333
f 3011 333 3004
f 3004 333 335
f 3009 327 329
f 2250 2990 2210
f 3002 315 3012
f 3013 3012 3014
f 2991 275 3015
f 2991 3015 2990
f 2990 3015 3016
f 2990 3016 2973
f 2973 3016 3017
f 2973 3017 2974
f 3018 265 280
f 2974 3017 3019
f 2975 3019 3018
f 2975 3018 2976
f 2976 3018 280
f 2976 280 305
f 2252 275 2991
f 2252 2991 2250
f 2974 3019 2975
f 3002 3012 3013
f 3018 3020 265
f 3019 3021 3020
f 3013 3014 3022
f 3022 3014 3023
f 3022 3023 3024
f 3024 3023 3025
f 3024 3025 3026
f 3026 3025 3027
f 3019 3020 3018
f 3026 3027 3028
f 3028 367 369
f 3015 3029 3016
f 3016 3029 3030
f 3016 3030 3017
f 3017 3030 3021
f 3017 3021 3019
f 3028 3027 367
f 3031 3032 3033
f 3034 3035 3036
f 3036 3035 3037
f 3038 2340 3039
f 3039 2340 2352
f 3039 2352 3040
f 3040 2352 2350
f 3040 2350 3041
f 3041 2350 2348
f 3038 2338 2340
f 3041 2348 3031
f 3031 2346 3032
f 3040 3042 3039
f 3039 3042 3043
f 3039 3043 3038
f 3038 3043 3044
f 3038 3044 3045
f 3031 2348 2346
f 3045 3044 3046
f 3045 2338 3038
f 3047 2325 3045
f 3046 3044 3048
f 3048 3044 3049
f 3048 3049 3050
f 3050 3049 3051
f 3050 3051 3052
f 2424 2426 3053
f 3045 2325 2338
f 3053 2426 2429
f 3054 2424 3053
f 3054 3053 3055
f 3055 3053 2429
f 3055 2429 2431
f 2327 2326 3047
f 3047 2326 2325
f 2422 2424 3054
f 3049 3056 3051
f 3045 3046 3047
f 3047 3057 2327
f 3058 3059 3060
f 3060 3059 2826
f 3060 2826 2828
f 3061 2817 3062
f 3062 2817 2819
f 2952 2813 2811
f 3063 3064 3065
f 2824 2826 3066
f 3066 3059 3067
f 3067 3059 3058
f 3067 3058 3068
f 3069 2835 3061
f 3061 2835 2820
f 3061 2820 2817
f 3066 2826 3059
f 3047 3046 3057
f 3063 2825 3064
f 2874 2936 2937
f 2327 3057 2329
f 3070 3071 3072
f 3072 3071 3073
f 2427 2419 3074
f 3074 2419 3075
f 3074 3075 3076
f 2827 2825 3063
f 3076 3075 3077
f 2982 3077 2945
f 2982 2945 2983
f 2983 2945 2935
f 2983 2935 2980
f 2980 2935 2936
f 2980 2936 2874
f 3076 3077 2982
f 3049 3043 3056
f 3044 3043 3049
f 3077 2946 2945
f 3078 3079 3080
f 3078 3080 3081
f 3081 3080 3082
f 3081 3082 3083
f 3084 3085 3086
f 3086 3085 3087
f 3088 3079 3078
f 3086 3087 3089
f 3089 3090 3091
f 3091 3090 3092
f 3091 3092 3093
f 3093 3092 3094
f 3093 3094 3095
f 3096 3084 3097
f 3089 3087 3090
f 3097 3084 3086
f 3088 3098 3079
f 3099 3100 3098
f 3101 2965 3081
f 3081 2965 2964
f 3081 2964 3078
f 3078 2964 2963
f 3078 2963 3088
f 3088 2963 2962
f 3099 3098 3088
f 3088 2962 3099
f 3099 2987 3102
f 3102 2987 2989
f 3102 2989 3103
f 3103 3097 3102
f 3102 3097 3100
f 3102 3100 3099
f 3099 2962 2987
f 3097 3086 3100
f 3100 3086 3089
f 3100 3089 3098
f 2941 3104 2986
f 2986 3104 3105
f 2986 3105 2985
f 2985 3105 3106
f 2985 3106 2984
f 2984 3106 3107
f 2423 3108 2425
f 2984 3107 3109
f 3109 3074 3076
f 3075 2419 2422
f 2422 3054 3075
f 3075 3054 3110
f 3075 3110 3077
f 3077 3110 2946
f 3109 3107 3074
f 3111 3108 2423
f 3111 2347 3108
f 2345 2347 3111
f 3098 3089 3091
f 3098 3091 3079
f 3079 3091 3093
f 3079 3093 3080
f 3080 3093 3112
f 3080 3112 3082
f 2939 2441 3104
f 3104 2441 2443
f 3104 2443 3105
f 3105 2443 2445
f 3105 2445 3106
f 3106 2445 2434
f 3106 2434 3107
f 3107 2434 2427
f 3107 2427 3074
f 2951 2811 2809
f 2896 2907 3113
f 2896 3113 2897
f 2897 3113 3114
f 3115 3116 3117
f 3117 3116 2281
f 3117 2281 3118
f 3118 2281 2279
f 3118 2279 3119
f 3119 2279 2278
f 3115 3120 3116
f 3119 2278 2298
f 3121 3122 2277
f 3121 2277 2280
f 3123 3124 3125
f 3125 3124 3126
f 3125 3126 3127
f 3127 3126 3128
f 3129 3122 3121
f 2264 2256 3130
f 2791 3120 3115
f 2798 3131 2791
f 2774 2932 2775
f 2775 2932 2737
f 2775 2737 2792
f 2792 2737 2736
f 2792 2736 2794
f 2794 2736 2738
f 2791 3131 3120
f 2794 2738 2795
f 2795 2740 2796
f 2796 2740 2933
f 2796 2933 2797
f 2797 2933 3132
f 2797 3132 2798
f 2798 3132 3131
f 2795 2738 2740
f 2774 2931 2932
f 2264 3133 2275
f 2275 3134 2290
f 3135 3136 2259
f 3135 2259 2261
f 3137 3138 3139
f 3139 3138 3140
f 3139 3140 3141
f 3141 3140 3142
f 3143 3136 3135
f 3141 3142 3144
f 3144 3145 3146
f 3146 3145 3147
f 2272 3137 2270
f 2270 3137 3139
f 2270 3139 2268
f 2268 3139 3141
f 3144 3142 3145
f 2275 3133 3134
f 3143 3148 3136
f 3149 3150 3151
f 2290 3134 3152
f 2290 3152 2288
f 2288 3152 3153
f 2288 3153 2286
f 2286 3153 3154
f 2286 3154 2284
f 3155 3148 3143
f 3133 3156 3134
f 3134 3157 3152
f 3152 3157 3158
f 3152 3158 3153
f 3153 3158 3159
f 3153 3159 3154
f 3128 3150 3149
f 3134 3156 3157
f 2268 3141 2266
f 2773 2931 2774
f 2777 2859 2773
f 2734 3160 2735
f 2735 3160 3161
f 2735 3161 3162
f 3162 3161 3163
f 3162 3163 3164
f 3164 3163 3165
f 2734 3166 3160
f 3164 3165 3167
f 3167 3168 3169
f 3169 3168 3170
f 3169 3170 3171
f 3171 3170 3172
f 3171 3172 3173
f 3173 3172 3174
f 3167 3165 3168
f 3173 3174 3175
f 2731 3166 2734
f 2729 3176 2731
f 3177 3115 3117
f 3178 3179 3180
f 3180 3179 3181
f 3180 3181 3182
f 3182 3181 3183
f 3182 3183 3184
f 2731 3176 3166
f 3184 3183 3185
f 3186 3185 3187
f 3186 3187 3188
f 3188 3187 2336
f 3188 2336 3189
f 3189 2336 2334
f 3189 2334 2332
f 3184 3185 3186
f 2773 2859 2931
f 3175 3174 3119
f 2728 2848 2757
f 3170 3190 3172
f 3172 3190 3117
f 3172 3117 3174
f 3174 3117 3118
f 3174 3118 3119
f 2281 3116 2283
f 3170 3191 3190
f 2283 3116 3120
f 2285 3120 3192
f 2285 3192 2287
f 2287 3192 3132
f 2287 3132 2933
f 2788 2857 2777
f 2777 2857 2859
f 2283 3120 2285
f 3193 2848 2728
f 3168 3191 3170
f 3165 3194 3168
f 2728 2757 2729
f 2729 2757 2758
f 2729 2758 3176
f 3176 2758 2778
f 3176 2778 3166
f 3166 2778 3195
f 3168 3194 3191
f 3166 3195 3160
f 3160 3196 3161
f 3161 3196 3197
f 3161 3197 3163
f 3163 3197 3198
f 3163 3198 3165
f 3165 3198 3194
f 3160 3195 3196
f 2266 3141 3144
f 2266 3144 2263
f 2263 3144 3146
f 3199 3200 3201
f 3199 3201 3202
f 3202 3201 3203
f 3202 3203 3204
f 3204 3203 2219
f 3204 2219 2217
f 3205 3200 3199
f 3206 3207 3208
f 3208 3209 3210
f 3210 3209 3211
f 3210 3211 3212
f 3212 3211 3213
f 3212 3213 3214
f 3214 3213 3215
f 3208 3207 3209
f 3214 3215 3216
f 3205 3217 3200
f 3218 3219 3217
f 3220 3205 3221
f 3221 3205 3199
f 3221 3199 3222
f 3222 3199 3202
f 3222 3202 3223
f 3223 3202 3204
f 3218 3217 3205
f 3223 3204 3224
f 3224 2217 2215
f 3225 3226 3227
f 3227 3226 3228
f 3227 3228 3229
f 3229 3228 3219
f 3229 3219 3218
f 3224 3204 2217
f 3220 3218 3205
f 3216 3215 2226
f 3206 3230 3207
f 3231 3232 3233
f 3233 3232 3234
f 3233 3234 3235
f 3235 3234 3236
f 3235 3236 3237
f 3237 3236 3238
f 3231 3239 3232
f 3237 3238 3127
f 3127 3129 3125
f 3125 3129 3121
f 3125 3121 3123
f 3123 3121 2280
f 3123 2280 2282
f 3240 3241 3242
f 3127 3238 3129
f 3216 2226 2224
f 3155 3239 3231
f 3143 3243 3155
f 3207 3230 3244
f 3207 3244 3245
f 3245 3244 3246
f 3245 3246 3247
f 3247 3246 3248
f 3247 3248 3249
f 3155 3243 3239
f 3249 3248 3250
f 3251 3250 2230
f 3251 2230 2228
f 2261 3146 3135
f 3135 3146 3147
f 3135 3147 3143
f 3143 3147 3243
f 3249 3250 3251
f 3252 3218 3220
f 3252 3229 3218
f 3253 3229 3252
f 3254 3255 3256
f 3226 3257 3228
f 3228 3257 3258
f 3228 3258 3219
f 3219 3258 3259
f 3219 3259 3217
f 3254 3260 3255
f 3217 3259 3261
f 3200 3261 3262
f 3200 3262 3201
f 3201 3262 3263
f 3201 3263 3203
f 3203 3263 2221
f 3203 2221 2219
f 3217 3261 3200
f 2335 2337 3264
f 3265 3260 3254
f 2284 3124 3123
f 2263 3146 2261
f 2264 3130 3133
f 3133 3130 3266
f 3133 3266 3156
f 3156 3266 3151
f 3156 3151 3157
f 2284 3123 2282
f 3157 3151 3150
f 3158 3150 3128
f 3158 3128 3159
f 3159 3128 3126
f 3159 3126 3154
f 3154 3126 3124
f 3154 3124 2284
f 3157 3150 3158
f 3264 2337 2299
f 3264 2299 3267
f 3267 2299 3265
f 2299 2291 3265
f 3265 2291 2277
f 3265 2277 3260
f 3260 2277 3122
f 3260 3122 3255
f 3255 3122 3129
f 3136 2256 2259
f 3255 3129 3256
f 3256 3238 3268
f 3268 3238 3269
f 3270 3225 3271
f 3271 3225 3227
f 3271 3227 3253
f 3253 3227 3229
f 3256 3129 3238
f 3136 3130 2256
f 3148 3130 3136
f 3148 3266 3130
f 3267 3265 3272
f 3272 3265 3254
f 3272 3254 3273
f 3273 3254 3256
f 3273 3256 3274
f 3274 3256 3268
f 3237 3127 3235
f 3235 3127 3128
f 3235 3128 3233
f 3233 3128 3149
f 3233 3149 3231
f 3231 3149 3151
f 3231 3151 3155
f 3155 3151 3266
f 3155 3266 3148
f 3177 2791 3115
f 3275 2791 3177
f 3275 2790 2791
f 3276 2790 3275
f 3277 2333 3278
f 3278 2333 2335
f 3278 2335 3264
f 3279 3280 3281
f 3281 3280 3282
f 3281 3282 3283
f 3277 2330 2333
f 3283 3282 3178
f 3284 3178 3180
f 3284 3180 3285
f 3285 3180 3182
f 3285 3182 3286
f 3286 3182 3184
f 3286 3184 3287
f 3283 3178 3284
f 3287 3184 3186
f 3288 2330 3277
f 3289 2328 3288
f 2215 3290 3224
f 3224 3290 3291
f 3224 3291 3223
f 2233 2246 2222
f 2222 2246 3292
f 2222 3292 3290
f 3288 2328 2330
f 3290 3292 3293
f 3291 3293 3294
f 3291 3294 3223
f 3223 3294 3295
f 3223 3295 3222
f 2242 2240 3289
f 3289 2240 2328
f 3290 3293 3291
f 3296 3297 3070
f 3287 3186 3298
f 3298 3188 3299
f 3300 3301 3302
f 3302 3301 3303
f 3302 3303 3304
f 3304 3303 3305
f 3304 3305 3306
f 3306 3305 3307
f 3300 3308 3301
f 3306 3307 3309
f 3309 3310 3306
f 3306 3310 3311
f 3306 3311 3304
f 3304 3311 3312
f 3304 3312 3302
f 3302 3312 3313
f 3309 3307 3314
f 3298 3186 3188
f 3315 3308 3300
f 3316 3317 3315
f 3299 3188 3189
f 3299 3189 2332
f 3317 2249 3308
f 3308 2249 2248
f 3308 2248 3301
f 3301 2248 2199
f 3315 3317 3308
f 3301 2199 3303
f 3303 2201 3305
f 3305 2201 2203
f 3305 2203 3307
f 3307 2203 2205
f 3307 2205 3314
f 3314 2205 2207
f 3303 2199 2201
f 3318 3297 3296
f 3318 3319 3297
f 3320 3319 3318
f 2430 2331 2432
f 2432 2331 2324
f 2432 2324 2241
f 2241 2324 2239
f 2328 2240 2239
f 2332 2329 3299
f 2430 2339 2331
f 3299 2329 3057
f 3298 3057 3046
f 3298 3046 3287
f 3287 3046 3048
f 3287 3048 3286
f 3286 3048 3050
f 3286 3050 3285
f 3299 3057 3298
f 3285 3050 3052
f 2428 2339 2430
f 2425 2353 2428
f 2897 3114 2898
f 2898 3114 3321
f 2898 3321 2900
f 2900 3321 2912
f 2900 2912 2884
f 2884 2912 2910
f 2428 2353 2339
f 2884 2910 2893
f 2893 2909 2892
f 2243 2245 2431
f 2347 2349 3108
f 3108 2349 2351
f 3108 2351 2425
f 2425 2351 2353
f 2893 2910 2909
f 3285 3052 3284
f 3322 2913 3323
f 3323 2913 2912
f 3324 3322 3325
f 3325 3322 3323
f 3325 3323 3326
f 3326 3323 3327
f 3326 3327 3328
f 3328 3327 3329
f 3071 2914 3073
f 3328 3329 3330
f 3330 3331 3332
f 3332 3331 3333
f 3332 3333 3334
f 3334 3333 3335
f 3334 3335 3320
f 3320 3335 3319
f 3330 3329 3331
f 3071 2901 2914
f 3070 2901 3071
f 3070 2902 2901
f 3323 2912 3327
f 3327 2912 3321
f 3327 3321 3329
f 3329 3321 3114
f 3329 3114 3331
f 3331 3114 3113
f 3331 3113 3333
f 3333 3113 2907
f 3333 2907 3335
f 3335 2907 2906
f 3335 2906 3319
f 3319 2906 2904
f 3319 2904 3297
f 3297 2904 2902
f 3297 2902 3070
f 3302 3313 3300
f 3005 268 270
f 3300 3313 3336
f 3315 3336 3337
f 3211 3247 3249
f 3211 3249 3213
f 3213 3249 3251
f 3213 3251 3215
f 3215 3251 2228
f 3215 2228 2226
f 3209 3247 3211
f 2230 3250 2253
f 2253 3338 3339
f 3339 3338 3340
f 3339 3340 3341
f 3341 3340 3342
f 3341 3342 2316
f 2316 3342 275
f 2253 3250 3338
f 3250 3248 3338
f 3209 3245 3247
f 2314 3341 2316
f 3343 2247 3344
f 3344 2247 2254
f 3344 2254 3345
f 3345 2254 2313
f 3345 2313 3337
f 3337 2313 2315
f 3207 3245 3209
f 3337 2315 3316
f 3316 2237 3317
f 3317 2237 2238
f 3317 2238 2249
f 2253 3339 2255
f 2255 3339 3341
f 2255 3341 2314
f 3316 2315 2237
f 3343 2229 2247
f 3338 3248 3346
f 3340 3346 3347
f 3194 3275 3191
f 3191 3275 3177
f 3191 3177 3190
f 3190 3177 3117
f 2778 2776 3348
f 3348 2776 2793
f 3194 3276 3275
f 3348 2793 3349
f 3349 2768 3350
f 3350 2768 2770
f 3350 2770 3351
f 3351 2770 2772
f 3351 2772 3276
f 3276 2772 2790
f 3349 2793 2768
f 3338 3346 3340
f 3198 3276 3194
f 3197 3351 3198
f 3340 3347 3342
f 3342 3347 275
f 3248 3246 3346
f 3346 3246 3352
f 3346 3352 3347
f 3347 3352 275
f 3198 3351 3276
f 3246 3244 3352
f 2778 3348 3195
f 3195 3348 3349
f 3195 3349 3196
f 3196 3349 3350
f 3196 3350 3197
f 3197 3350 3351
f 3352 3244 275
f 3324 2229 3343
f 3324 2227 2229
f 3325 2227 3324
f 3353 3322 3354
f 3354 3322 3324
f 3354 3324 3355
f 3355 3324 3343
f 3355 3343 3356
f 3356 3343 3344
f 3353 2913 3322
f 3356 3344 3345
f 2871 2181 2947
f 2871 2947 2862
f 2862 2947 2949
f 2862 2949 2863
f 2863 2949 2876
f 2863 2876 2889
f 2179 2181 2871
f 2889 2876 2878
f 3310 2913 3353
f 3309 2911 3310
f 3315 3337 3316
f 3310 3353 3311
f 3311 3353 3354
f 3311 3354 3312
f 3312 3354 3355
f 3312 3355 3313
f 3310 2911 2913
f 3313 3355 3356
f 3336 3356 3345
f 3336 3345 3337
f 2207 2892 3314
f 3314 2892 2909
f 3314 2909 3309
f 3309 2909 2911
f 3313 3356 3336
f 2889 2878 2890
f 2890 2878 2880
f 2890 2880 2894
f 3318 2231 3320
f 3320 2231 2214
f 3320 2214 3334
f 3334 2214 2216
f 3334 2216 3332
f 3332 2216 2218
f 3318 2232 2231
f 3332 2218 3330
f 3330 2220 3328
f 3328 2220 2223
f 3328 2223 3326
f 3326 2223 2225
f 3326 2225 3325
f 3325 2225 2227
f 3330 2218 2220
f 3296 2232 3318
f 3296 2245 2232
f 3070 2245 3296
f 2894 2880 2882
f 2894 2882 2899
f 2899 2882 2883
f 2899 2883 2908
f 2908 2883 2946
f 2908 2946 2915
f 2915 2946 3110
f 2915 3110 2914
f 2914 3110 3054
f 2914 3054 3073
f 3073 3054 3055
f 3073 3055 3072
f 3072 3055 2431
f 3072 2431 3070
f 3070 2431 2245
f 3300 3336 3315
f 3357 268 3005
f 3357 266 268
f 3358 266 3357
f 3359 3360 3361
f 3361 3360 320
f 3361 320 318
f 275 3362 3363
f 3363 3362 3364
f 3363 3364 3365
f 3359 3366 3360
f 3365 3364 3367
f 3368 3367 3369
f 3368 3369 3370
f 3370 3369 3371
f 3370 3371 3372
f 3373 3374 3375
f 3375 3374 3376
f 3365 3367 3368
f 3375 3376 3377
f 3378 3366 3359
f 3379 3380 3378
f 321 323 3381
f 3381 323 3023
f 3381 3023 3382
f 3382 3023 3014
f 3382 3014 3383
f 3383 3014 3012
f 3378 3380 3366
f 3383 3012 317
f 2998 308 310
f 308 2998 306
f 306 2998 2996
f 306 2996 324
f 3372 3384 3379
f 3379 3384 3380
f 317 3012 315
f 3385 316 313
f 3386 3387 3388
f 3388 3389 3373
f 3390 3391 3392
f 3390 3392 3386
f 3386 3392 3393
f 3386 3393 3387
f 3387 3393 3394
f 3387 3394 3395
f 3396 3391 3390
f 3395 3394 3397
f 3398 3397 3399
f 3398 3399 3400
f 3400 3399 3401
f 3400 3401 328
f 309 307 3402
f 3402 307 314
f 3395 3397 3398
f 3388 3387 3389
f 3396 3402 3391
f 3403 309 3402
f 3373 3389 3398
f 3373 3398 3374
f 3374 3398 3404
f 3374 3404 3376
f 3405 3377 3406
f 3406 3377 3376
f 3403 3402 3396
f 3406 3376 3407
f 3407 3404 3408
f 3408 3404 3400
f 3408 3400 3409
f 3409 3400 328
f 3409 328 275
f 311 309 3403
f 3407 3376 3404
f 3391 314 326
f 3385 318 316
f 320 3410 322
f 3411 3022 3024
f 3024 3412 3411
f 3411 3412 3413
f 3411 3413 3414
f 3414 3413 3415
f 3414 3415 3001
f 3411 3013 3022
f 3001 3415 3416
f 3000 3416 2999
f 3138 3417 3140
f 3140 3417 3418
f 3140 3418 3142
f 2292 2294 3419
f 3420 3421 3422
f 3001 3416 3000
f 3422 3421 2296
f 3414 3013 3411
f 3001 3002 3414
f 3025 363 3027
f 3027 363 365
f 3027 365 367
f 3423 3424 3425
f 3425 3424 3426
f 3425 3426 3427
f 3414 3002 3013
f 1280 1282 373
f 373 3424 371
f 371 3424 3423
f 2666 3428 3429
f 3429 3428 3430
f 3429 3430 3431
f 3432 3433 3434
f 373 1282 3424
f 3361 318 3385
f 3422 2296 3435
f 3435 2297 341
f 3436 3381 3437
f 3437 3381 3382
f 3437 3382 3383
f 341 322 3435
f 3435 322 3410
f 3435 3410 3422
f 3436 321 3381
f 3422 3410 3438
f 3420 3438 3439
f 3380 3439 3366
f 3366 3439 3438
f 3366 3438 3360
f 3360 3438 3410
f 3360 3410 320
f 3422 3438 3420
f 3435 2296 2297
f 319 321 3436
f 3437 317 319
f 341 2297 343
f 2292 3419 3440
f 3440 3419 3441
f 3440 3441 3442
f 3442 3441 3443
f 3442 3443 3444
f 3437 319 3436
f 3445 3446 3447
f 3447 3448 3449
f 3450 3451 3452
f 3452 3451 3453
f 3452 3453 3454
f 3454 3453 3455
f 3383 317 3437
f 3447 3446 3448
f 3391 326 3392
f 3392 326 340
f 3392 340 3393
f 3456 3457 3458
f 3456 3458 3459
f 3459 3458 3460
f 3459 3460 3461
f 3461 3460 3462
f 3461 3462 3463
f 3464 3457 3456
f 2665 3465 3428
f 3428 3466 3430
f 3430 3466 3434
f 3430 3434 3431
f 3431 3434 3433
f 3431 3433 3467
f 3467 3433 3464
f 3428 3465 3466
f 3467 3464 3468
f 3464 3432 3457
f 2692 3469 2693
f 3470 2686 2660
f 3470 2660 2659
f 2667 3429 2668
f 2668 3429 3431
f 2668 3431 2669
f 2669 3431 3467
f 3433 3432 3464
f 2669 3467 2672
f 2672 3468 2690
f 2690 3468 3471
f 2690 3471 2691
f 2691 3471 3472
f 2691 3472 2692
f 2692 3472 3469
f 2672 3467 3468
f 3473 2686 3470
f 3468 3464 3456
f 3471 3456 3459
f 3474 2678 3475
f 3475 2678 2676
f 3475 2676 2674
f 3476 3477 3478
f 3478 3477 3479
f 3478 3479 3480
f 3474 2680 2678
f 3481 3482 3483
f 3483 3484 3485
f 3485 3484 3486
f 3487 3481 3488
f 3488 3481 3483
f 3488 3483 3489
f 3489 3483 3485
f 3483 3482 3484
f 3468 3456 3471
f 3490 2680 3474
f 3491 2683 3490
f 3471 3459 3472
f 3472 3459 3461
f 3472 3461 3469
f 3469 3461 3463
f 3469 3463 2693
f 3492 3493 3494
f 3490 2683 2680
f 3494 3493 3495
f 3473 3495 2684
f 3473 2684 2686
f 1361 1362 3496
f 3496 1362 2685
f 3496 2685 3491
f 3491 2685 2683
f 3494 3495 3473
f 3497 1360 3498
f 3497 1365 1360
f 3499 1365 3497
f 2644 3500 2643
f 2643 3500 3501
f 2643 3501 2642
f 2642 3501 2641
f 2628 3502 3503
f 3503 3502 3504
f 3503 2637 2628
f 3503 3504 3505
f 3505 3506 3507
f 3508 3509 3510
f 3502 3511 3504
f 3504 3511 3512
f 3504 3512 3506
f 3506 3512 2659
f 3505 3504 3506
f 3506 2659 3507
f 3503 3513 2637
f 3505 3514 3513
f 3393 340 338
f 3393 338 3394
f 3394 338 336
f 3394 336 3397
f 3397 336 334
f 3397 334 3399
f 3505 3513 3503
f 3399 334 332
f 3401 332 330
f 3401 330 328
f 2638 3513 2645
f 2645 3513 3514
f 2645 3514 2644
f 3507 3514 3505
f 3399 332 3401
f 3507 2659 2639
f 3507 2639 2640
f 2644 3514 3500
f 3515 1373 3516
f 3516 1373 1374
f 3516 1374 3517
f 2661 3518 3519
f 3519 3518 3520
f 3519 3520 3521
f 3515 1372 1373
f 3521 3520 3515
f 3434 3515 3516
f 3434 3516 3432
f 3432 3516 3517
f 3432 3517 3457
f 3457 3517 3522
f 3457 3522 3458
f 3521 3515 3434
f 3520 1372 3515
f 3520 1371 1372
f 3518 1371 3520
f 3500 3514 3507
f 3500 3507 3501
f 3501 3507 2640
f 3501 2640 2641
f 2629 2630 3523
f 3523 2630 3524
f 3523 3524 3525
f 3525 3524 3526
f 3525 3526 3527
f 3527 3526 3528
f 2636 3529 2635
f 2635 3529 3530
f 2635 3530 2634
f 2671 1370 3518
f 3518 1370 1371
f 3025 342 363
f 3023 342 3025
f 1262 370 368
f 1262 3531 370
f 3042 3056 3043
f 3076 2982 3109
f 3097 3103 3096
f 3093 3095 3112
f 2873 2948 2891
f 3109 2982 2984
f 3064 2825 2823
f 2983 2980 2981
f 2965 3101 2966
f 3104 2941 2939
f 2441 2939 2439
f 327 275 328
f 3532 695 697
f 3533 766 695
f 3081 3083 3101
f 3534 3535 3536
f 2834 2835 3069
f 2467 2465 3537
f 3242 3446 3445
f 3230 275 3244
f 3230 3206 3538
f 3269 3236 3234
f 3236 3269 3238
f 3243 3147 3145
f 2730 3193 2728
f 3120 3131 3192
f 2246 2244 3292
f 2739 2737 2932
f 3192 3131 3132
f 2792 2776 2775
f 3539 3540 3541
f 2746 2748 3542
f 3290 2215 2222
f 3543 3544 3545
f 269 3546 271
f 3547 3548 3549
f 3405 3406 275
f 2294 2295 3550
f 3429 2667 2666
f 370 3531 372
f 323 342 3023
f 372 3531 374
f 3551 3452 3454
f 1345 1370 2671
f 1395 1393 1392
f 2273 2271 3552
f 1171 1988 1172
f 2574 2508 3553
f 2540 2538 3554
f 2540 3554 2554
f 1263 1254 1252
f 3477 3476 2695
f 3450 3452 3551
f 3555 3556 3557
f 3549 3548 3558
f 3559 3560 3561
f 2679 3562 2677
f 3493 2682 3495
f 3495 2682 2684
f 1365 3499 1369
f 2995 3563 2994
f 3530 3529 3564
f 3408 275 3407
f 3409 275 3408
f 3406 3407 275
f 3398 3400 3404
f 3387 3395 3389
f 3389 3395 3398
f 2638 2637 3513
f 3565 3544 3543
f 3566 3567 3568
f 868 1520 870
f 1210 350 1227
f 1195 1194 1344
f 1420 944 943
f 1375 1240 1248
f 1479 1248 1247
f 1517 940 914
f 348 350 1210
f 940 1517 942
f 711 732 712
f 764 722 723
f 977 975 973
f 59 403 50
f 1044 1015 1017
f 1016 1006 1008
f 221 202 204
f 145 1108 146
f 1370 1345 1340
f 196 407 195
f 2720 2719 2176
f 600 2364 601
f 601 2364 599
f 481 480 484
f 467 465 483
f 428 430 530
f 195 407 182
f 541 538 540
f 2251 746 757
f 746 2251 188
f 220 62 61
f 183 130 129
f 14 16 18
f 93 91 238
f 647 762 648
f 693 613 611
f 683 1048 685
f 960 965 959
f 3569 1488 1486
f 1487 3570 1485
f 3571 3572 3570
f 3573 3574 3572
f 2760 2759 3575
f 3576 3577 3578
f 1465 3579 1463
f 3580 3581 3582
f 3583 3584 3585
f 3586 3587 3588
f 3589 3590 3591
f 3590 3589 3592
f 3593 3594 3595
f 3596 3597 3598
f 3583 3599 3600
f 1512 3601 1510
f 3602 3601 1512
f 986 988 1458
f 560 959 558
f 559 557 682
f 1012 1065 1014
f 2463 2461 2446
f 1404 3603 1412
f 3604 3605 3606
f 3607 3608 3609
f 3610 3611 3612
f 3613 3614 3615
f 3616 3617 3618
f 3619 3620 3621
f 3619 3622 3623
f 3624 3625 3617
f 3626 3594 3627
f 3628 3629 3630
f 3631 2479 3632
f 3489 3485 3633
f 3632 2479 2570
f 3634 2493 3635
f 1431 3636 1432
f 1432 3636 3637
f 1432 3637 1433
f 1433 3637 3638
f 1433 3638 1434
f 1434 3638 3639
f 1431 3640 3636
f 1434 3639 1403
f 1393 1428 1394
f 276 1395 277
f 1254 3641 1256
f 1256 3641 3642
f 1256 3642 1258
f 3642 3643 1258
f 1403 3639 2464
f 1258 3643 1269
f 1430 3640 1431
f 1429 3552 1430
f 3644 3639 3638
f 3644 3638 3645
f 3645 3638 3637
f 3645 3637 3646
f 3646 3637 3636
f 3646 3636 3647
f 1430 3552 3640
f 3647 3636 3640
f 3648 3640 3552
f 3648 3552 3649
f 3649 3552 2271
f 3649 2271 2269
f 1428 2293 1429
f 1429 2293 3552
f 3647 3640 3648
f 3537 3639 3644
f 1258 1269 1260
f 3641 1263 1264
f 1185 1224 1184
f 2665 2664 3465
f 3465 2664 2663
f 3434 3466 3521
f 3521 3466 3465
f 3521 3465 3519
f 1268 3531 1270
f 3519 3465 2663
f 3428 2666 2665
f 1280 373 1278
f 1278 373 361
f 1278 361 1275
f 1275 361 1184
f 1270 3531 1262
f 3519 2663 2662
f 1254 1263 3641
f 1268 374 3531
f 1266 362 374
f 3641 1264 3642
f 3642 1264 1265
f 3642 1265 3643
f 3643 1265 1267
f 3643 1267 1269
f 1211 1295 1222
f 1266 374 1268
f 1295 1297 1287
f 3518 2670 2671
f 3519 2662 2661
f 1295 1287 1222
f 1222 1287 1276
f 1222 1276 1223
f 352 362 1266
f 2661 2670 3518
f 3537 2464 3639
f 2465 2464 3537
f 2273 3552 2293
f 2503 3650 2505
f 2505 3650 2506
f 3553 2508 3650
f 3650 2508 2507
f 3650 2507 2506
f 2606 2605 3553
f 2503 3651 3650
f 3553 2605 2575
f 2602 2600 1147
f 1147 2600 2599
f 1147 2599 1146
f 1146 2599 2598
f 1146 2598 2597
f 2602 1147 2609
f 3553 2575 2574
f 2609 1147 1030
f 2501 3651 2503
f 2499 3652 2501
f 3634 3635 3653
f 2523 2521 3654
f 3654 2521 2519
f 3654 2519 3655
f 3655 2519 2517
f 3655 2517 3656
f 2501 3652 3651
f 3656 2517 2515
f 3543 2511 2523
f 2511 3543 2504
f 2504 3543 3545
f 2504 3545 2497
f 3657 3658 3652
f 3652 3658 3651
f 3656 2515 3659
f 2609 1030 1032
f 2580 2579 1028
f 1028 2579 2586
f 1899 1010 1022
f 1988 1033 1172
f 1172 1033 1021
f 1172 1021 1020
f 1037 3660 569
f 569 3660 571
f 1023 1010 1899
f 3661 2014 3662
f 3662 2001 568
f 3663 2016 2015
f 3664 2019 2017
f 2534 2533 3665
f 3665 2533 2022
f 3665 2022 2021
f 3662 2014 2001
f 1023 1003 1010
f 1005 1003 1023
f 3666 1025 1024
f 1028 2586 1029
f 1027 2585 2584
f 2584 2583 1027
f 1027 2583 2582
f 1027 2582 1028
f 1028 2582 2581
f 1028 2581 2580
f 1023 1899 1035
f 1024 2576 3666
f 3666 2576 2577
f 3666 2577 2578
f 2585 1027 2578
f 2578 1027 1026
f 2578 1026 3666
f 3666 1026 1025
f 2495 2493 3634
f 3241 3240 3667
f 3633 3485 3486
f 3487 3509 3481
f 3668 3669 3670
f 3670 3669 3671
f 3670 3671 3672
f 3672 3671 3673
f 3672 3673 3674
f 3674 3673 3534
f 3668 3675 3669
f 3676 3677 3678
f 3678 3679 3680
f 3680 3679 3681
f 3680 3681 3682
f 3682 3681 3683
f 3682 3683 3684
f 3684 3683 3685
f 3678 3677 3679
f 1319 2696 3686
f 3687 3675 3668
f 3688 3689 3687
f 3680 3690 3678
f 3678 3690 3691
f 3678 3691 3692
f 3535 3534 3673
f 2633 2634 3693
f 3693 2634 3530
f 3687 3689 3675
f 3693 3530 3694
f 3694 3564 3695
f 3695 3564 3696
f 3695 3696 3697
f 3697 3696 3698
f 3697 3698 3688
f 3688 3698 3689
f 3694 3530 3564
f 3699 3700 3701
f 3686 2696 2689
f 3702 2689 3703
f 1314 3704 1312
f 1312 3704 3705
f 1312 3705 1309
f 1309 3705 3706
f 1309 3706 1307
f 1307 3706 3707
f 1314 3708 3704
f 1307 3707 1305
f 1305 3709 1302
f 1302 3709 3710
f 1302 3710 1310
f 1310 3710 3711
f 1310 3711 3712
f 3712 3711 3713
f 1305 3707 3709
f 3686 2689 3702
f 1316 3708 1314
f 766 3533 1316
f 3702 3703 3714
f 3714 3703 3715
f 3714 3715 3716
f 3716 3715 3717
f 3716 3717 3718
f 3718 3717 3719
f 1316 3533 3708
f 3718 3719 3720
f 3720 3699 3721
f 3721 3699 3701
f 3721 3701 3722
f 3722 3701 3723
f 3722 3723 3724
f 3724 3723 3725
f 3720 3719 3699
f 3712 3713 3726
f 3699 3727 3700
f 3728 3729 3727
f 3730 3358 3731
f 3731 3358 3732
f 3731 3732 3733
f 3733 3732 3734
f 3733 3734 3735
f 3735 3734 3736
f 3737 3011 3004
f 3735 3736 3738
f 3738 3739 3740
f 3740 3739 3741
f 3740 3741 3742
f 3742 3741 3003
f 3742 3003 2992
f 271 3546 273
f 3738 3736 3739
f 273 3546 3743
f 3737 3744 3011
f 3745 3746 3744
f 3732 3747 3734
f 3734 3747 3748
f 3734 3748 3736
f 3736 3748 3745
f 3736 3745 3739
f 3739 3745 3737
f 3745 3744 3737
f 3739 3737 3741
f 3741 3004 3003
f 3357 3005 3747
f 3747 3005 3749
f 3747 3749 3748
f 3748 3749 3746
f 3748 3746 3745
f 3741 3737 3004
f 3728 3727 3699
f 273 3743 275
f 3029 3743 3030
f 3678 3750 3676
f 2677 3562 3751
f 3751 3562 3752
f 3751 3752 3753
f 3753 3752 3754
f 3753 3754 3755
f 3692 3750 3678
f 3755 3754 3756
f 3757 3756 3758
f 3757 3758 3759
f 3759 3758 3760
f 3759 3760 3761
f 3761 3760 3729
f 3761 3729 3728
f 3755 3756 3757
f 3029 275 3743
f 3762 3763 3764
f 3547 3765 3763
f 3030 3743 3546
f 3030 3546 3021
f 3021 3546 269
f 3021 269 3020
f 3020 269 267
f 3020 267 265
f 3547 3763 3762
f 3015 275 3029
f 3766 3688 3687
f 3766 3687 3767
f 3767 3687 3668
f 3767 3668 3549
f 3549 3668 3765
f 3549 3765 3547
f 3697 3688 3766
f 3726 3713 3768
f 3726 3768 3769
f 3769 3768 3770
f 3682 3723 3680
f 3680 3723 3701
f 3680 3701 3690
f 3690 3701 3700
f 3690 3700 3764
f 3764 3700 3771
f 3682 3725 3723
f 3764 3771 3762
f 3762 3772 3547
f 3547 3772 3773
f 3547 3773 3548
f 3548 3773 3774
f 3548 3774 3775
f 3775 3774 3756
f 3762 3771 3772
f 3775 3756 3776
f 3684 3725 3682
f 3685 765 3684
f 3750 3670 3676
f 3676 3670 3672
f 3676 3672 3677
f 3677 3672 3674
f 3677 3674 3679
f 3679 3674 3534
f 3684 765 3725
f 3679 3534 3681
f 3681 3536 3683
f 3683 3536 3777
f 3683 3777 3685
f 3685 3777 2187
f 2187 696 3685
f 3685 696 765
f 3681 3534 3536
f 3750 3765 3670
f 3776 3756 3754
f 3778 3754 3752
f 3779 3738 3740
f 3779 3740 3780
f 3780 3740 3742
f 3780 3742 3781
f 3781 3742 2992
f 3781 2992 2993
f 3782 3738 3779
f 697 358 3532
f 3532 304 3783
f 3783 304 303
f 3783 303 3730
f 3730 303 264
f 3730 264 3358
f 3358 264 266
f 3532 358 304
f 3776 3754 3778
f 3782 3735 3738
f 3784 3733 3735
f 3778 3752 3492
f 3492 3752 3562
f 3492 3562 3493
f 3493 3562 2679
f 3493 2679 2682
f 695 3532 3533
f 3784 3735 3782
f 3533 3532 3783
f 3785 3783 3730
f 3785 3730 3786
f 3786 3730 3731
f 3786 3731 3787
f 3787 3731 3733
f 3787 3733 3784
f 3533 3783 3785
f 3692 3765 3750
f 3692 3763 3765
f 3691 3763 3692
f 1317 3686 3702
f 1317 3702 1303
f 1303 3702 3714
f 1303 3714 1304
f 1304 3714 3716
f 1304 3716 1306
f 1319 3686 1317
f 1306 3716 3718
f 1308 3718 3720
f 1308 3720 1311
f 1311 3720 3721
f 1311 3721 1313
f 1313 3721 3722
f 1313 3722 1315
f 1306 3718 1308
f 1315 3722 3724
f 3423 369 371
f 3425 3028 3423
f 3769 3770 3788
f 3788 3770 3789
f 3788 3789 3790
f 3790 3789 3791
f 3790 3791 3792
f 3792 3791 3793
f 3423 3028 369
f 3792 3793 3794
f 3794 3795 3796
f 3796 3795 3797
f 3796 3797 3427
f 3427 3797 3026
f 3427 3026 3425
f 3425 3026 3028
f 3794 3793 3795
f 1315 3724 767
f 767 3724 3725
f 767 3725 765
f 3673 3798 3535
f 3535 3798 3799
f 3535 3799 3536
f 3536 3799 3777
f 2187 3777 2180
f 2180 3777 3799
f 3673 3800 3798
f 2180 3799 2182
f 2182 3798 2184
f 2184 3798 3800
f 2184 3800 2186
f 2186 3800 2189
f 3690 3764 3691
f 3691 3764 3763
f 2182 3799 3798
f 2189 3800 3673
f 3711 2993 2994
f 3711 3781 2993
f 3533 3785 3708
f 3708 3785 3786
f 3708 3786 3704
f 3704 3786 3787
f 3704 3787 3705
f 3705 3787 3784
f 3705 3784 3706
f 3706 3784 3782
f 3706 3782 3707
f 3707 3782 3779
f 3707 3779 3709
f 3709 3779 3780
f 3709 3780 3710
f 3710 3780 3781
f 3710 3781 3711
f 3732 3357 3747
f 3358 3357 3732
f 3801 3009 3010
f 3801 3008 3009
f 3802 3803 2654
f 3802 2654 2655
f 2630 2631 3524
f 3524 2631 3804
f 3524 3804 3526
f 3526 3804 3805
f 3806 3803 3802
f 3526 3805 3528
f 3528 3807 3808
f 3808 3807 3809
f 3808 3809 3810
f 3810 3809 3811
f 3810 3811 3558
f 3558 3811 3767
f 3528 3805 3807
f 3558 3767 3549
f 3806 3812 3803
f 3813 3814 3812
f 3689 3698 3815
f 3815 3698 3816
f 3815 3816 3814
f 3814 3816 3817
f 3814 3817 3812
f 3812 3817 3818
f 3813 3812 3806
f 3812 3818 3803
f 3803 2653 2654
f 3675 3689 3819
f 3819 3689 3815
f 3819 3815 3820
f 3820 3815 3814
f 3820 3814 3813
f 3803 3818 2653
f 3811 3766 3767
f 3668 3670 3765
f 3802 2236 2235
f 2693 3477 2694
f 2694 3477 2695
f 1360 1361 3498
f 3498 1361 3496
f 3498 3496 3821
f 3821 3496 3491
f 2693 3479 3477
f 3821 3491 3822
f 3822 3490 3823
f 3823 3490 3474
f 3823 3474 3824
f 3824 3474 3475
f 3824 3475 3825
f 3825 3475 2674
f 3822 3491 3490
f 2655 2236 3802
f 3463 3479 2693
f 3462 3480 3463
f 3802 2235 3806
f 3806 2235 2213
f 3806 2213 3813
f 3813 2213 2211
f 3813 2211 3820
f 3820 2211 2195
f 3463 3480 3479
f 3820 2195 3819
f 3819 2193 3675
f 3675 2193 2191
f 3675 2191 3669
f 3669 2191 2189
f 3669 2189 3671
f 3671 2189 3673
f 3819 2195 2193
f 3811 3826 3766
f 3809 3826 3811
f 3809 3827 3826
f 3494 3633 3492
f 3492 3633 3828
f 3492 3828 3778
f 3778 3828 3560
f 3778 3560 3776
f 3776 3560 3559
f 3494 3489 3633
f 3776 3559 3775
f 3502 2629 3523
f 3502 3523 3511
f 3511 3523 3525
f 3511 3525 3510
f 3510 3525 3527
f 3510 3527 3508
f 2628 2629 3502
f 3508 3527 3528
f 3473 3489 3494
f 3470 3488 3473
f 3481 3509 3508
f 3481 3508 3482
f 3482 3508 3829
f 3482 3829 3484
f 3484 3829 3561
f 3484 3561 3486
f 3473 3488 3489
f 3486 3561 3560
f 3511 3510 3512
f 3512 3510 3509
f 3512 3509 2659
f 2659 3509 3487
f 2659 3487 3470
f 3470 3487 3488
f 3486 3560 3828
f 3508 3528 3829
f 3829 3528 3808
f 3829 3808 3561
f 3830 3693 3831
f 3831 3693 3694
f 3831 3694 3827
f 3827 3694 3695
f 3827 3695 3826
f 3826 3695 3697
f 3830 2633 3693
f 3826 3697 3766
f 3804 2632 3830
f 3804 3830 3805
f 3805 3830 3831
f 3805 3831 3807
f 3807 3831 3827
f 3807 3827 3809
f 2631 2632 3804
f 2632 2633 3830
f 3818 2646 2653
f 3818 3832 2646
f 3561 3808 3810
f 3561 3810 3559
f 3559 3810 3558
f 3559 3558 3775
f 3775 3558 3548
f 3696 3564 3833
f 3833 3564 3529
f 3833 3529 3832
f 3832 3529 2636
f 3832 2636 2646
f 3698 3696 3816
f 3816 3696 3833
f 3816 3833 3817
f 3817 3833 3832
f 3817 3832 3818
f 3825 2674 3834
f 3633 3486 3828
f 3834 2674 2681
f 3517 1369 3499
f 3835 2673 2675
f 2675 3836 3835
f 3835 3836 3837
f 3835 3837 3838
f 3838 3837 3839
f 3838 3839 3715
f 3835 3840 2673
f 3715 3839 3841
f 3755 3757 3842
f 3842 3757 3759
f 3842 3759 3843
f 3843 3759 3761
f 3843 3761 3844
f 3844 3761 3728
f 3715 3841 3717
f 3756 3774 3758
f 3838 3840 3835
f 3715 3703 3838
f 3845 1318 3712
f 3712 1318 1310
f 2675 2677 3836
f 3836 2677 3846
f 3836 3846 3837
f 3837 3846 3847
f 3838 3703 3840
f 3837 3847 3839
f 3751 3753 3848
f 3848 3753 3849
f 3848 3849 3850
f 3850 3849 3851
f 3850 3851 3852
f 3852 3851 3853
f 3839 3847 3841
f 3845 1331 1318
f 3758 3774 3773
f 3760 3773 3772
f 3853 3843 3844
f 3853 3844 3719
f 3719 3844 3728
f 3719 3728 3699
f 3005 3006 3749
f 3749 3006 3854
f 3851 3843 3853
f 3749 3854 3746
f 3746 3801 3744
f 3744 3801 3010
f 3744 3010 3011
f 3006 3007 3854
f 3854 3007 3008
f 3854 3008 3801
f 3746 3854 3801
f 3758 3773 3760
f 3851 3842 3843
f 3849 3755 3842
f 3760 3772 3729
f 3729 3772 3771
f 3729 3771 3727
f 3727 3771 3700
f 2677 3751 3846
f 3846 3751 3848
f 3849 3842 3851
f 3846 3848 3847
f 3847 3850 3841
f 3841 3850 3852
f 3841 3852 3717
f 3717 3852 3853
f 3717 3853 3719
f 3753 3755 3849
f 3847 3848 3850
f 3855 1331 3845
f 3855 1329 1331
f 3856 1329 3855
f 2697 2681 2688
f 2673 3840 2687
f 2687 3840 3703
f 2687 3703 2689
f 3427 3426 3796
f 3796 3426 3857
f 2697 3834 2681
f 3796 3857 3794
f 3794 3858 3792
f 3792 3858 3859
f 3792 3859 3790
f 3790 3859 3860
f 3790 3860 3788
f 3788 3860 3856
f 3794 3857 3858
f 3788 3856 3769
f 2695 3834 2697
f 3476 3825 2695
f 3517 3499 3522
f 3522 3499 3497
f 3522 3497 3458
f 3458 3497 3498
f 3458 3498 3460
f 3460 3498 3821
f 2695 3825 3834
f 3460 3821 3462
f 3462 3822 3480
f 3480 3822 3823
f 3480 3823 3478
f 3478 3823 3824
f 3478 3824 3476
f 3476 3824 3825
f 3462 3821 3822
f 3769 3856 3855
f 3769 3855 3726
f 3726 3855 3845
f 1282 1284 3424
f 3424 1284 1299
f 3424 1299 3426
f 3426 1299 1301
f 3426 1301 3857
f 3857 1301 1321
f 2994 3713 3711
f 3857 1321 3858
f 3858 1323 3859
f 3859 1323 1325
f 3859 1325 3860
f 3860 1325 1327
f 3860 1327 3856
f 3856 1327 1329
f 3858 1321 1323
f 3563 3713 2994
f 3563 3768 3713
f 2995 3768 3563
f 3726 3845 3712
f 3024 3026 3412
f 3412 3026 3797
f 3412 3797 3413
f 3413 3797 3795
f 3413 3795 3415
f 3415 3795 3793
f 3415 3793 3416
f 3416 3793 3791
f 3416 3791 2999
f 2999 3791 3789
f 2999 3789 2997
f 2997 3789 3770
f 2997 3770 2995
f 2995 3770 3768
f 1374 1369 3517
f 3667 3240 3861
f 3402 314 3391
f 3862 3861 3863
f 3864 3865 3866
f 3866 3865 3867
f 3866 3867 3868
f 3868 3867 3869
f 3868 3869 3870
f 3870 3869 3629
f 3864 3871 3865
f 3870 3629 3872
f 3872 3628 3873
f 3625 3624 3874
f 3874 3624 3875
f 3874 3875 3876
f 3876 3875 3877
f 3876 3877 3878
f 3872 3629 3628
f 3878 3877 3879
f 3880 3871 3864
f 3881 3882 3880
f 3883 3880 3864
f 3883 3864 3884
f 3884 3864 3866
f 3884 3866 3885
f 3885 3866 3868
f 3885 3868 3886
f 3880 3882 3871
f 3886 3868 3870
f 3887 3870 3872
f 3887 3872 3888
f 3888 3872 3873
f 3888 3873 3889
f 1466 1464 3881
f 3881 1464 3882
f 3886 3870 3887
f 3881 3880 3883
f 3878 3879 3630
f 3624 3616 3890
f 3891 3892 3893
f 3615 3894 3895
f 3895 3894 3896
f 3895 3896 3897
f 3897 3896 3898
f 3897 3898 3899
f 3891 3900 3892
f 3899 3898 3901
f 3896 3902 3903
f 3896 3903 3898
f 3898 3903 3904
f 3898 3904 3901
f 3901 3904 3905
f 3615 3614 3894
f 3894 3902 3896
f 3617 3616 3624
f 3906 3900 3891
f 3907 3908 3906
f 3624 3890 3875
f 3875 3890 3909
f 3875 3909 3877
f 3877 3909 3910
f 3877 3910 3879
f 3620 3619 3911
f 3906 3908 3900
f 3911 3619 3623
f 3912 3913 3914
f 3914 3913 3915
f 3914 3915 3916
f 3916 3915 3917
f 3916 3917 3907
f 3907 3917 3908
f 3911 3623 3918
f 3894 3614 3919
f 3614 3920 3919
f 3613 3921 3614
f 3922 3923 3924
f 3924 3923 3925
f 3924 3925 3602
f 3602 3925 3926
f 3602 3926 3601
f 3601 3926 3927
f 3922 3928 3923
f 3601 3927 1510
f 1506 984 1507
f 1507 984 986
f 1507 986 1509
f 1509 986 1458
f 1509 1458 1511
f 1511 1458 1459
f 1510 3927 1508
f 1511 1459 1513
f 3929 3928 3922
f 3930 3931 3929
f 2515 2513 3659
f 3659 2513 3932
f 3659 3932 3933
f 3933 3932 3934
f 3933 3934 3935
f 3935 3934 3936
f 3929 3931 3928
f 3935 3936 3937
f 3937 3938 3939
f 3939 3938 3940
f 3939 3940 3941
f 3941 3940 3942
f 3941 3942 3930
f 3930 3942 3931
f 3937 3936 3938
f 3614 3921 3920
f 1513 1459 1460
f 1505 1460 1461
f 1457 3883 1445
f 1445 3883 3884
f 1445 3884 1438
f 1438 3884 3885
f 1438 3885 1440
f 1440 3885 3886
f 1457 3881 3883
f 1440 3886 1442
f 1442 3887 1444
f 1444 3887 3888
f 1444 3888 1447
f 1447 3888 3889
f 1447 3889 1449
f 3595 3921 3613
f 1442 3886 3887
f 1513 1460 1505
f 1466 3881 1457
f 3943 1464 1426
f 1505 1461 1493
f 1493 1461 1462
f 1493 1462 1486
f 1486 1462 1463
f 1486 1463 3569
f 3569 1463 3579
f 3943 1426 1424
f 3569 3579 3944
f 3944 3945 3946
f 3946 3945 3947
f 3946 3947 3948
f 3948 3947 1437
f 3948 1437 1439
f 3882 1464 3943
f 3944 3579 3945
f 3894 3919 3902
f 3902 3919 3949
f 3902 3949 3903
f 3950 3951 3952
f 3950 3952 3953
f 3953 3952 3954
f 3953 3954 3955
f 2805 3069 2806
f 2806 3069 3061
f 3956 3951 3950
f 2806 3061 2951
f 2951 3062 2952
f 2952 3062 3608
f 2952 3608 2813
f 2813 3608 3607
f 2808 3957 2805
f 2805 3957 3958
f 2951 3061 3062
f 2805 3958 3069
f 3956 3959 3951
f 3960 3961 3959
f 3962 3963 3964
f 3964 3963 3965
f 3964 3965 3611
f 3611 3965 3966
f 3611 3966 3612
f 3595 3594 3921
f 3960 3959 3956
f 3921 3594 3626
f 3920 3626 3967
f 3920 3967 3919
f 3919 3967 3968
f 3919 3968 3949
f 3949 3968 3961
f 3949 3961 3960
f 3921 3626 3920
f 3962 3969 3963
f 3069 3958 3970
f 2834 3970 3971
f 3972 3608 3973
f 3972 3973 3974
f 3974 3973 3068
f 3974 3068 3975
f 3975 3068 3058
f 3975 3058 3976
f 3977 3608 3972
f 3976 3058 3060
f 3978 3060 2828
f 3978 2828 3979
f 3979 2828 2827
f 3979 2827 3980
f 3980 2827 3063
f 3980 3063 3981
f 3976 3060 3978
f 3069 3970 2834
f 3977 3609 3608
f 3062 3973 3608
f 2834 3971 2829
f 2829 3971 3982
f 2829 3982 2830
f 2830 3982 2822
f 2830 2822 2832
f 2832 2822 2824
f 3983 3609 3977
f 2832 2824 2833
f 2833 3066 2818
f 2818 3066 3067
f 2818 3067 2819
f 2819 3067 3068
f 2819 3068 3062
f 3062 3068 3973
f 2833 2824 3066
f 3984 3969 3962
f 3978 3985 3976
f 3986 3985 3978
f 3964 3610 3987
f 3964 3987 3962
f 3984 3962 3988
f 3988 3962 3987
f 3988 3987 3989
f 3989 3987 3610
f 3611 3610 3964
f 3989 3610 3990
f 3990 3612 3893
f 3893 3612 3991
f 3893 3991 3891
f 3891 3991 3992
f 3891 3992 3906
f 3906 3992 3993
f 3990 3610 3612
f 3906 3993 3907
f 3994 3995 3996
f 3997 3998 3994
f 3903 3949 3960
f 3903 3960 3904
f 3904 3960 3956
f 3904 3956 3905
f 3978 3979 3986
f 3986 3979 3999
f 3994 3998 3995
f 3986 3999 4000
f 4000 4001 4002
f 4002 4001 4003
f 4002 4003 4004
f 4004 4003 4005
f 4004 4005 3997
f 3997 4005 3998
f 4000 3999 4001
f 3907 3993 4006
f 3907 4006 3916
f 3916 4006 4007
f 4008 3999 3980
f 3980 3999 3979
f 3996 4009 3994
f 3994 4009 4010
f 3994 4010 3997
f 3997 4010 4011
f 4008 4001 3999
f 3997 4011 4004
f 4004 4012 4002
f 4002 4012 4013
f 4002 4013 4000
f 4000 4013 4014
f 4000 4014 3986
f 3986 4014 3985
f 4004 4011 4012
f 4015 4001 4008
f 4015 4003 4001
f 4016 4003 4015
f 3916 4007 3914
f 3914 4007 4017
f 3914 4017 3912
f 3912 4017 4018
f 3912 4018 4019
f 4019 4018 4020
f 4019 4020 4021
f 4022 3996 4023
f 4023 3996 3995
f 4023 3995 4024
f 4024 3995 3998
f 4024 3998 4025
f 4025 3998 4005
f 4025 4005 4016
f 4016 4005 4003
f 1508 4026 1088
f 3927 4026 1508
f 3927 4027 4026
f 3926 4027 3927
f 4028 1478 2378
f 3572 3571 3573
f 3573 3571 4029
f 3573 4029 4030
f 4030 4029 4031
f 4030 4031 4032
f 4028 1468 1478
f 4032 4031 4033
f 4034 4033 4035
f 4034 4035 4036
f 4036 4035 4037
f 4036 4037 4038
f 4038 4037 4039
f 4038 4039 4040
f 4032 4033 4034
f 4040 4039 4041
f 4042 1468 4028
f 4043 1454 4042
f 3948 1439 4044
f 4044 1439 1441
f 4044 1441 4045
f 4045 1441 1443
f 4045 1443 4046
f 4046 1443 1446
f 4042 1454 1468
f 4046 1446 4047
f 4047 1448 4048
f 4048 1448 1450
f 4048 1450 4049
f 4049 1450 1452
f 4049 1452 4043
f 4043 1452 1454
f 4047 1446 1448
f 4050 871 873
f 4040 4041 4051
f 4051 4052 4053
f 4041 1515 4052
f 4052 1515 867
f 4052 867 869
f 1488 3569 1490
f 1490 3569 3944
f 1490 3944 1492
f 4041 1502 1515
f 1492 3944 3946
f 1495 3946 3948
f 1495 3948 1497
f 1497 3948 4044
f 1497 4044 1499
f 1499 4044 4045
f 1499 4045 1501
f 1492 3946 1495
f 4051 4041 4052
f 4039 1502 4041
f 4037 1500 4039
f 4053 4052 869
f 4053 869 871
f 3570 1487 3571
f 3571 1487 1489
f 3571 1489 4029
f 4029 1489 1491
f 4039 1500 1502
f 4029 1491 4031
f 4031 1494 4033
f 4033 1494 1496
f 4033 1496 4035
f 4035 1496 1498
f 4035 1498 4037
f 4037 1498 1500
f 4031 1491 1494
f 4050 4053 871
f 4054 4053 4050
f 4054 4051 4053
f 3631 2480 2479
f 4055 4056 4057
f 4057 4056 4058
f 4057 4058 4059
f 4059 4058 4060
f 4060 4058 4061
f 3631 4062 2480
f 4060 4061 4063
f 4055 4064 4056
f 4056 4064 3631
f 4056 3631 4058
f 4058 3631 3632
f 4058 3632 4061
f 4061 3632 4065
f 3632 4066 4065
f 4061 4065 4063
f 4064 4062 3631
f 4055 4067 4064
f 4068 4069 4070
f 4070 4069 4071
f 4070 4071 4072
f 4072 4071 4073
f 4072 4073 4074
f 4074 4073 4075
f 4064 4067 4062
f 4074 4075 4076
f 4076 4077 4078
f 4078 4077 4079
f 4078 4079 4080
f 4080 4079 4081
f 4080 4081 2386
f 2386 4081 2406
f 4076 4075 4077
f 2493 2480 3635
f 3635 2480 4062
f 3635 4062 3653
f 4082 3573 4030
f 4082 4030 4083
f 4083 4030 4032
f 4083 4032 4084
f 4084 4032 4034
f 4084 4034 4085
f 3574 3573 4082
f 4085 4034 4036
f 4086 4036 4038
f 4086 4038 4087
f 4087 4038 4040
f 4087 4040 4088
f 4088 4040 4051
f 4088 4051 4054
f 4085 4036 4086
f 4089 4084 4085
f 4089 4083 4084
f 4090 4083 4089
f 3653 4062 4067
f 3653 4067 4091
f 4091 4067 4055
f 4091 4055 4092
f 4092 4055 4057
f 4092 4057 4093
f 4093 4057 4059
f 4094 4087 4095
f 4095 4087 4088
f 4095 4088 4054
f 4089 4085 4094
f 4094 4085 4086
f 4094 4086 4087
f 3574 4082 4090
f 4090 4082 4083
f 1501 4045 4046
f 3981 3063 3065
f 1501 4046 1514
f 1514 4047 1516
f 4096 4097 4098
f 4096 4098 4099
f 4099 4098 4100
f 4099 4100 4101
f 4101 4100 3935
f 4101 3935 4102
f 4103 4097 4096
f 4102 3935 3937
f 4104 3937 3939
f 4104 3939 4105
f 4105 3939 3941
f 4105 3941 4106
f 4106 3941 3930
f 4106 3930 4107
f 4102 3937 4104
f 4107 3930 3929
f 4103 4108 4097
f 4109 4110 4108
f 3570 4111 4112
f 3570 4112 1485
f 1485 4112 4113
f 1485 4113 1503
f 1503 4113 1504
f 2499 2497 3652
f 4109 4108 4103
f 3652 2497 3545
f 3657 3545 3544
f 3657 3544 845
f 845 3544 3565
f 845 3565 4114
f 4114 3565 4110
f 4114 4110 4109
f 3652 3545 3657
f 3572 4111 3570
f 4107 3929 4111
f 4111 3922 4112
f 2570 2568 3632
f 3632 2568 2556
f 3632 2556 4066
f 4066 2556 2554
f 4066 2554 4115
f 4115 2554 3554
f 4026 1085 1088
f 4115 3554 4116
f 4116 4117 4118
f 4118 4117 4119
f 4118 4119 4120
f 4120 4119 4121
f 4120 4121 3926
f 3926 4121 4027
f 4116 3554 4117
f 4111 3929 3922
f 4026 2176 1085
f 4027 2720 2176
f 4112 3922 3924
f 4112 3924 4113
f 4113 3924 3602
f 4113 3602 1504
f 1504 3602 1512
f 2538 2536 3554
f 4027 2176 4026
f 3554 2536 4122
f 4117 4122 4123
f 4117 4123 4119
f 4119 4123 4124
f 4119 4124 4121
f 4121 4124 2720
f 4121 2720 4027
f 3554 4122 4117
f 3572 4107 4111
f 3574 4107 3572
f 3574 4106 4107
f 4065 4115 4116
f 4065 4116 4063
f 4063 4116 4118
f 4063 4118 4120
f 4120 4125 4063
f 4063 4125 4126
f 4066 4115 4065
f 4063 4126 4060
f 4060 4127 4059
f 4059 4127 4128
f 4059 4128 4093
f 2513 2495 3932
f 3932 2495 3634
f 3932 3634 3934
f 4060 4126 4127
f 3934 3634 3653
f 3947 1455 1437
f 3945 1456 3947
f 1516 4047 4048
f 1516 4048 1518
f 1518 4048 4049
f 1518 4049 1519
f 1519 4049 4043
f 1519 4043 1521
f 3947 1456 1455
f 1521 4043 4042
f 1523 4042 4028
f 1523 4028 1525
f 1525 4028 2378
f 1525 2378 1527
f 3579 1465 3945
f 3945 1465 1456
f 1521 4042 1523
f 3934 3653 3936
f 3936 3653 4091
f 3936 4091 3938
f 859 4103 4096
f 859 4096 860
f 860 4096 4099
f 860 4099 4129
f 4129 4099 4101
f 4129 4101 4095
f 841 4103 859
f 4095 4101 4102
f 4094 4102 4104
f 4094 4104 4089
f 4089 4104 4105
f 4089 4105 4090
f 4090 4105 4106
f 4090 4106 3574
f 4095 4102 4094
f 841 4109 4103
f 843 4109 841
f 843 4114 4109
f 3938 4091 4092
f 3938 4092 3940
f 3940 4092 4093
f 3940 4093 3942
f 3942 4093 4128
f 3942 4128 3931
f 3931 4128 4127
f 3931 4127 3928
f 3928 4127 4126
f 3928 4126 3923
f 3923 4126 4125
f 3923 4125 3925
f 3925 4125 4120
f 3925 4120 3926
f 845 4114 843
f 1514 4046 4047
f 4068 4130 4069
f 3981 3065 4131
f 4132 4133 4134
f 4135 3162 4136
f 4136 3162 3164
f 4136 3164 4137
f 4137 3164 3167
f 4137 3167 4138
f 4138 3167 3169
f 4135 2735 3162
f 4138 3169 4139
f 4139 3171 4140
f 4140 3171 3173
f 4140 3173 4141
f 4141 3173 3175
f 4141 3175 4142
f 4142 3175 3119
f 4139 3169 3171
f 4142 3119 4143
f 3957 2735 4135
f 2808 2733 3957
f 4144 2854 3606
f 3606 2854 2855
f 3606 2855 2950
f 2950 2855 2840
f 2950 2840 2815
f 2815 2840 2842
f 3957 2733 2735
f 2815 2842 2816
f 2816 2848 2836
f 2836 2848 3193
f 2836 3193 2807
f 2807 3193 2730
f 2807 2730 2808
f 2808 2730 2733
f 2816 2842 2848
f 4144 2853 2854
f 4143 3119 2298
f 2384 2382 4145
f 4146 4147 4148
f 4146 4148 4149
f 4149 4148 4150
f 4149 4150 4151
f 4151 4150 4152
f 4151 4152 4153
f 4154 4147 4146
f 4153 4152 4155
f 4156 4155 4157
f 4156 4157 4158
f 4158 4157 4159
f 4158 4159 4160
f 4160 4159 4161
f 4160 4161 4162
f 4153 4155 4156
f 4143 2298 2300
f 4154 4163 4147
f 4164 3597 4163
f 4145 2382 4165
f 4145 4165 4166
f 4166 4165 4167
f 4166 4167 4168
f 4168 4167 4169
f 4168 4169 4170
f 4164 4163 4154
f 4170 4169 4171
f 4172 4171 4173
f 4172 4173 4174
f 4174 4173 3598
f 4174 3598 4175
f 4175 3598 3597
f 4175 3597 4164
f 4170 4171 4172
f 4162 4161 4176
f 4177 2853 4144
f 4178 2851 4177
f 4179 3628 4180
f 4180 3628 3630
f 4180 3630 4181
f 4181 3630 3879
f 4181 3879 4182
f 4182 3879 3910
f 4179 3873 3628
f 4182 3910 4183
f 4183 3918 4184
f 4184 3918 3623
f 4184 3623 4185
f 4185 3623 3622
f 4185 3622 4186
f 4186 3622 4187
f 4183 3910 3918
f 4186 4187 4188
f 4189 3873 4179
f 4190 3889 4189
f 4191 4192 4193
f 4191 4193 4194
f 4194 4193 4195
f 4194 4195 4196
f 4197 4196 4198
f 4198 4196 4195
f 4189 3889 3873
f 4198 4195 4199
f 4199 4193 2446
f 2446 4193 4192
f 2446 4192 2463
f 2463 4192 2468
f 1451 1449 4190
f 4190 1449 3889
f 4199 4195 4193
f 4177 2851 2853
f 4188 4187 4200
f 4201 4200 4202
f 2843 2929 2801
f 2801 2929 2919
f 2801 2919 2787
f 2787 2919 2920
f 2787 2920 2788
f 2788 2920 2922
f 2843 2930 2929
f 2788 2922 2857
f 2857 2924 2858
f 2858 2924 2260
f 2858 2260 2258
f 2454 2837 4203
f 4203 2837 2839
f 4203 2839 4178
f 2857 2922 2924
f 4188 4200 4201
f 2838 2930 2843
f 2837 2934 2838
f 4201 4202 4197
f 4197 4202 4204
f 4197 4204 4196
f 4196 4204 1407
f 4196 1407 4194
f 4194 1407 1409
f 2838 2934 2930
f 4194 1409 4191
f 4191 1411 4205
f 4205 1411 1414
f 4205 1414 2466
f 2466 1414 1416
f 2454 2462 2837
f 2837 2462 2934
f 4191 1409 1411
f 4162 4176 4206
f 4206 4176 4207
f 4206 4207 4208
f 1036 4209 1037
f 1037 4209 4210
f 1037 4210 3660
f 3660 4210 4211
f 3660 4211 571
f 571 4211 573
f 1087 551 1089
f 564 573 4212
f 4212 4211 4213
f 4213 4211 4210
f 4213 4210 4214
f 4214 4210 4209
f 1059 1097 1061
f 1061 1097 1083
f 4212 573 4211
f 1061 1083 1063
f 4215 551 1087
f 4216 549 4215
f 4217 3661 3662
f 4217 3662 4218
f 568 570 3662
f 3662 570 572
f 3662 572 4218
f 4218 572 563
f 4215 549 551
f 4218 563 4217
f 4217 562 4219
f 4219 562 545
f 4219 545 4220
f 4220 545 547
f 4220 547 4216
f 4216 547 549
f 4217 563 562
f 4219 3661 4217
f 1063 1083 1082
f 1051 1082 552
f 1055 1103 1102
f 1055 1102 1057
f 1057 1102 1101
f 1057 1101 1059
f 1059 1101 1095
f 1059 1095 1097
f 1053 1103 1055
f 2536 2534 4122
f 4122 3665 4123
f 4123 3665 4221
f 4123 4221 4124
f 4124 4221 2721
f 3667 3861 3862
f 4124 2721 2720
f 4122 2534 3665
f 1063 1082 1051
f 1053 1065 1103
f 546 1050 548
f 1051 552 550
f 1036 1052 4209
f 4209 1052 1054
f 4209 1054 4214
f 4214 1054 1056
f 4214 1056 4213
f 1014 1065 1053
f 4213 1056 1058
f 4212 1058 1060
f 4212 1060 564
f 564 1060 1062
f 564 1062 553
f 553 1062 1050
f 553 1050 546
f 4213 1058 4212
f 4219 4222 3661
f 4220 4222 4219
f 4220 4223 4222
f 2804 3970 3958
f 2804 3958 2726
f 2726 3958 3957
f 2726 3957 2727
f 2727 3957 4135
f 2727 4135 3541
f 2803 3970 2804
f 3541 4135 4136
f 3539 4136 4137
f 3539 4137 4224
f 4224 4137 4138
f 4224 4138 3179
f 3179 4138 4139
f 3179 4139 3181
f 3541 4136 3539
f 3181 4139 4140
f 2803 3971 3970
f 2802 3982 3971
f 4208 4207 4225
f 4208 4225 4226
f 4226 4225 4131
f 4226 4131 4227
f 4227 4131 3065
f 4227 3065 4228
f 2802 3971 2803
f 4228 3065 3064
f 4229 3064 2823
f 4229 2823 4230
f 4230 2823 2822
f 4230 2822 2732
f 2732 2822 3982
f 2732 3982 2802
f 4228 3064 4229
f 3181 4140 3183
f 3183 4140 4141
f 3183 4141 3185
f 4231 4232 4223
f 4223 4232 4233
f 4223 4233 4222
f 4222 4233 3663
f 4222 3663 3661
f 3661 3663 2015
f 4231 2719 4232
f 3661 2015 2014
f 555 552 1082
f 1087 1086 4215
f 4215 1086 4231
f 4215 4231 4216
f 4216 4231 4223
f 4216 4223 4220
f 551 554 1089
f 1086 2719 4231
f 3663 2017 2016
f 3663 3664 2017
f 3185 4141 4142
f 3185 4142 3187
f 3187 4142 4143
f 3187 4143 2336
f 2336 4143 2300
f 2721 4221 4234
f 4234 4221 3665
f 4234 3665 3664
f 3664 3665 2021
f 3664 2021 2019
f 2719 2721 4232
f 4232 2721 4234
f 4232 4234 4233
f 4233 4234 3664
f 4233 3664 3663
f 4205 4192 4191
f 4205 2468 4192
f 2466 2468 4205
f 2448 4199 2446
f 3955 3607 3953
f 3953 3607 3609
f 3953 3609 3950
f 3950 3609 3983
f 3950 3983 3956
f 3956 3983 3988
f 3955 2813 3607
f 3956 3988 3905
f 3905 3989 3901
f 3901 3989 3990
f 3901 3990 3899
f 3899 3990 3893
f 3899 3893 3897
f 3897 3893 3892
f 3905 3988 3989
f 3897 3892 3895
f 4235 2813 3955
f 3604 2814 4235
f 3952 4236 4237
f 3952 4237 3954
f 3954 4237 4238
f 3954 4238 3955
f 3955 4238 3605
f 3955 3605 4235
f 4235 2814 2813
f 4235 3605 3604
f 2459 4239 4240
f 2459 4240 2457
f 2457 4240 4241
f 2457 4241 2455
f 3606 2950 3604
f 3604 2950 2814
f 2418 4239 2459
f 3951 4236 3952
f 3895 3892 3900
f 3615 3900 3908
f 4022 4242 3996
f 3996 4242 4017
f 3996 4017 4009
f 4009 4017 4007
f 4009 4007 4010
f 4010 4007 4006
f 4022 4243 4242
f 4010 4006 4011
f 4011 3993 4012
f 4012 3993 3992
f 4012 3992 4013
f 4013 3992 3991
f 4013 3991 4014
f 4014 3991 3612
f 4011 4006 3993
f 3895 3900 3615
f 4150 4243 4022
f 4244 4020 4150
f 3615 3908 3613
f 3613 3908 3917
f 3613 3917 3595
f 3595 3917 3915
f 3595 3915 3593
f 3593 3915 3913
f 4150 4020 4243
f 3593 3913 4245
f 4245 3912 4246
f 4246 3912 4247
f 4246 4247 4248
f 4248 4247 4021
f 4248 4021 4244
f 4244 4021 4020
f 4245 3913 3912
f 3951 4249 4236
f 3959 4249 3951
f 3959 4250 4249
f 4251 4252 1453
f 1453 4252 1467
f 2391 4253 2416
f 1469 1467 2374
f 2374 1467 4252
f 2374 4252 2388
f 4251 4254 4252
f 2388 4252 4254
f 2389 4254 4255
f 2389 4255 2403
f 2403 4255 4256
f 2403 4256 2401
f 2401 4256 4257
f 2401 4257 2399
f 2388 4254 2389
f 2399 4257 4258
f 4259 4254 4251
f 4260 4255 4259
f 4132 4134 4261
f 4261 4134 4262
f 4261 4262 4263
f 4263 4262 4264
f 4263 4264 4265
f 4265 4264 4266
f 4259 4255 4254
f 4265 4266 4267
f 4267 4258 4268
f 4268 4258 4257
f 4268 4257 4269
f 4269 4257 4256
f 4269 4256 4260
f 4260 4256 4255
f 4267 4266 4258
f 2399 4258 2397
f 2397 4258 4266
f 2397 4266 2395
f 4270 4271 4272
f 4270 4272 4273
f 4273 4272 4274
f 4273 4274 3627
f 3627 4274 4275
f 3627 4275 3626
f 4276 4271 4270
f 3626 4275 4277
f 3967 4277 4278
f 3967 4278 3968
f 3968 4278 4279
f 3968 4279 3961
f 3961 4279 4250
f 3961 4250 3959
f 3626 4277 3967
f 4276 4280 4271
f 4281 4280 4276
f 4281 4282 4280
f 2395 4266 4264
f 2395 4264 2393
f 2393 4264 4262
f 2393 4262 2391
f 2391 4262 4134
f 2391 4134 4253
f 4253 4134 4133
f 2418 4283 4239
f 4167 4165 4284
f 4284 4165 4285
f 4284 4285 4286
f 4286 4285 4287
f 4286 4287 4288
f 4288 4287 4282
f 4288 4282 4281
f 4014 3612 3985
f 4289 4133 4132
f 3985 3612 3966
f 3976 3966 3965
f 4290 4198 4199
f 4165 2381 4285
f 4285 2381 2379
f 4285 2379 4287
f 4287 2379 2377
f 4287 2377 4282
f 4290 4291 4198
f 4282 2377 2376
f 4280 2376 2375
f 4280 2375 4271
f 4271 2375 2380
f 4271 2380 4272
f 4272 2380 2390
f 4272 2390 4274
f 4282 2376 4280
f 4274 2390 2404
f 4292 4291 4290
f 4293 4294 4292
f 4292 4241 4293
f 4293 4241 4240
f 4293 4240 4295
f 4295 4240 4239
f 4295 4239 4296
f 4296 4239 4283
f 4292 4294 4291
f 2418 2416 4283
f 4283 4253 4296
f 4296 4253 4133
f 4296 4133 4295
f 4295 4133 4289
f 4295 4289 4293
f 4293 4289 4294
f 4283 2416 4253
f 4292 2455 4241
f 4274 2404 4275
f 4275 2402 4277
f 3606 2458 2456
f 3606 2456 4144
f 4144 2456 2453
f 4144 2453 4177
f 4177 2453 2451
f 4177 2451 4178
f 3605 2458 3606
f 4178 2451 2449
f 4203 2449 2447
f 4203 2447 2454
f 2452 4292 2450
f 2450 4292 4290
f 2450 4290 2448
f 2448 4290 4199
f 4178 2449 4203
f 4275 2404 2402
f 3605 2460 2458
f 4238 2417 2460
f 4277 2402 2400
f 4277 2400 4278
f 4278 2400 2398
f 4278 2398 4279
f 4279 2398 2396
f 4279 2396 4250
f 4238 2460 3605
f 4250 2396 2394
f 4249 2394 2392
f 4249 2392 4236
f 4236 2392 2405
f 4236 2405 4237
f 4237 2405 2417
f 4237 2417 4238
f 4250 2394 4249
f 2452 2455 4292
f 4291 4197 4198
f 4291 4201 4197
f 3617 3871 3882
f 3617 3882 3618
f 3618 3882 3943
f 3618 3943 4297
f 4297 3943 1424
f 4297 1424 1412
f 3625 3871 3617
f 1412 3603 4297
f 4297 4298 3618
f 3618 4298 3621
f 3618 3621 3616
f 3616 3621 3620
f 3616 3620 3890
f 3890 3620 3911
f 4297 3603 4298
f 3890 3911 3909
f 3625 3865 3871
f 3874 3867 3865
f 3976 3965 3975
f 3975 3965 3963
f 3975 3963 3974
f 3974 3963 3969
f 3974 3969 3972
f 3972 3969 3984
f 3874 3865 3625
f 3972 3984 3977
f 3977 3988 3983
f 3630 3629 3878
f 3878 3629 3869
f 3878 3869 3876
f 3876 3869 3867
f 3876 3867 3874
f 3977 3984 3988
f 3909 3911 3918
f 3909 3918 3910
f 3622 3619 4187
f 4267 4181 4182
f 4267 4182 4265
f 4265 4182 4183
f 4265 4183 4263
f 4263 4183 4184
f 4263 4184 4261
f 4268 4181 4267
f 4261 4184 4185
f 4132 4185 4186
f 4132 4186 4289
f 4289 4186 4188
f 4289 4188 4294
f 4294 4188 4201
f 4294 4201 4291
f 4261 4185 4132
f 4268 4180 4181
f 4269 4180 4268
f 4269 4179 4180
f 4187 3619 3621
f 4187 3621 4200
f 4200 3621 4298
f 4200 4298 4202
f 4202 4298 3603
f 4202 3603 4204
f 4204 3603 1404
f 4204 1404 1407
f 1453 1451 4251
f 4251 1451 4190
f 4251 4190 4259
f 4259 4190 4189
f 4259 4189 4260
f 4260 4189 4179
f 4260 4179 4269
f 3985 3966 3976
f 4299 4130 4068
f 4178 2839 2851
f 4300 4301 4299
f 2366 802 826
f 2366 826 2357
f 2357 826 828
f 2357 828 2358
f 2358 828 830
f 2358 830 2359
f 2367 802 2366
f 2359 830 832
f 2360 832 834
f 2360 834 2361
f 2361 834 836
f 2361 836 2362
f 2362 836 823
f 2362 823 2363
f 2359 832 2360
f 2363 823 811
f 2367 800 802
f 2373 784 800
f 2355 768 771
f 2355 771 2356
f 2356 771 773
f 2356 773 2368
f 2368 773 775
f 2368 775 2369
f 2373 800 2367
f 2369 775 778
f 2370 778 780
f 2370 780 2371
f 2371 780 782
f 2371 782 2372
f 2372 782 784
f 2372 784 2373
f 2369 778 2370
f 2354 768 2355
f 2363 811 2365
f 2365 803 806
f 4302 4303 4304
f 4304 4303 4305
f 4304 4305 4306
f 4306 4305 4307
f 4306 4307 4308
f 4308 4307 4309
f 4302 4310 4303
f 4308 4309 4311
f 4311 4312 4313
f 4313 4312 4314
f 4313 4314 4315
f 4315 4314 4316
f 4315 4316 4317
f 4317 4316 4318
f 4311 4309 4312
f 2365 811 803
f 4319 4310 4302
f 4320 4321 4319
f 2414 2412 4322
f 4322 2412 4323
f 4322 4323 4324
f 4324 4323 4325
f 4324 4325 4326
f 4326 4325 4327
f 4319 4321 4310
f 4326 4327 4328
f 4328 4329 4330
f 4330 4329 4331
f 4330 4331 4332
f 4332 4331 4333
f 4332 4333 4320
f 4320 4333 4321
f 4328 4327 4329
f 4317 4318 4334
f 2354 776 768
f 2415 786 788
f 861 4335 4336
f 870 1520 3566
f 3566 1520 1522
f 3566 1522 3567
f 3567 1522 1524
f 3567 1524 4337
f 861 4338 4335
f 815 1001 4339
f 4339 4340 4341
f 4341 4340 4342
f 4341 4342 4343
f 4343 4342 4344
f 4343 4344 4345
f 4345 4344 4346
f 4339 1001 4340
f 4345 4346 4347
f 874 4338 861
f 872 3568 874
f 4345 2407 2409
f 4345 2409 4343
f 4343 2409 2411
f 4343 2411 4341
f 4341 2411 2413
f 4341 2413 4339
f 874 3568 4338
f 4339 2413 813
f 860 4129 873
f 4095 4054 4129
f 4129 4054 4050
f 4129 4050 873
f 870 3566 872
f 872 3566 3568
f 4339 813 815
f 793 776 2354
f 4347 4346 4348
f 4349 4348 4336
f 4350 781 779
f 4350 779 4351
f 4351 779 777
f 4351 777 4352
f 4352 777 774
f 4352 774 4353
f 4354 781 4350
f 4353 774 772
f 4355 772 770
f 4355 770 4356
f 4356 770 769
f 4356 769 4357
f 4357 769 786
f 4357 786 2415
f 4353 772 4355
f 4347 4348 4349
f 4354 783 781
f 4358 785 783
f 4349 4336 4359
f 4359 4336 4335
f 4359 4335 4360
f 4360 4335 4337
f 4360 4337 1526
f 1526 4337 1524
f 4358 783 4354
f 4165 2382 2381
f 4361 827 825
f 4361 825 4362
f 4362 825 801
f 4362 801 4363
f 4363 801 785
f 4363 785 4358
f 2317 827 4361
f 4334 4318 4364
f 4334 4364 4365
f 4365 4364 4366
f 2318 4313 2319
f 2319 4313 4315
f 2319 4315 2320
f 2320 4315 4317
f 2320 4317 2312
f 2312 4317 4334
f 2318 4311 4313
f 2312 4334 2305
f 2305 4365 2301
f 2301 4365 4367
f 2301 4367 2302
f 2302 4367 4368
f 2302 4368 2303
f 2303 4368 4369
f 2305 4334 4365
f 2303 4369 2304
f 2317 4311 2318
f 4361 4308 2317
f 4352 4330 4351
f 4351 4330 4332
f 4351 4332 4350
f 4350 4332 4320
f 4350 4320 4354
f 4354 4320 4319
f 2317 4308 4311
f 4354 4319 4358
f 4358 4302 4363
f 4363 4302 4304
f 4363 4304 4362
f 4362 4304 4306
f 4362 4306 4361
f 4361 4306 4308
f 4358 4319 4302
f 4352 4328 4330
f 2304 4369 4370
f 2306 4370 4371
f 2311 2442 2440
f 2311 2440 2309
f 2309 2440 2438
f 2309 2438 821
f 821 2438 2436
f 821 2436 810
f 2322 2442 2311
f 2410 2408 4372
f 4372 4373 4374
f 4374 4373 4375
f 4374 4375 4376
f 4376 4375 4377
f 4376 4377 4378
f 4378 4377 4379
f 4372 2408 4373
f 2304 4370 2306
f 2322 2444 2442
f 2341 2435 2444
f 2306 4371 2307
f 2307 4371 4380
f 2307 4380 2308
f 2308 4380 4381
f 2308 4381 2310
f 2310 4381 4382
f 2341 2444 2322
f 2310 4382 2321
f 3111 2421 2420
f 3111 2420 2345
f 2345 2420 2433
f 2345 2433 2343
f 2343 2433 2435
f 2343 2435 2341
f 2423 2421 3111
f 4353 4328 4352
f 4353 4326 4328
f 4355 4326 4353
f 4310 4383 4384
f 4310 4384 4303
f 4303 4384 4385
f 4303 4385 4305
f 4305 4385 4386
f 4305 4386 4307
f 4321 4383 4310
f 4307 4386 4387
f 4309 4387 4388
f 4309 4388 4312
f 4312 4388 4389
f 4312 4389 4314
f 4314 4389 4390
f 4314 4390 4316
f 4307 4387 4309
f 4316 4390 4391
f 4321 4392 4383
f 4333 4393 4392
f 4365 4366 4367
f 4367 4366 4394
f 4367 4394 4368
f 2412 2410 4323
f 4323 2410 4372
f 4323 4372 4325
f 4333 4392 4321
f 4325 4372 4374
f 4327 4374 4376
f 4327 4376 4329
f 4329 4376 4378
f 4329 4378 4331
f 4331 4378 4393
f 4331 4393 4333
f 4325 4374 4327
f 4316 4391 4318
f 4318 4391 4395
f 4318 4395 4364
f 4396 4397 4398
f 4396 4398 4399
f 4399 4398 4400
f 4399 4400 4401
f 4401 4400 4402
f 4401 4402 4403
f 4404 4397 4396
f 4403 4402 4405
f 2415 2414 4357
f 4357 2414 4322
f 4357 4322 4356
f 4356 4322 4324
f 4356 4324 4355
f 4355 4324 4326
f 4403 4405 4406
f 4404 4394 4397
f 4368 4394 4404
f 4381 4406 4382
f 4364 4395 4407
f 4364 4407 4366
f 4366 4407 4408
f 4366 4408 4394
f 4394 4408 4397
f 4368 4404 4369
f 4369 4404 4396
f 4369 4396 4370
f 4370 4396 4399
f 4370 4399 4371
f 4371 4399 4401
f 4371 4401 4380
f 4380 4401 4403
f 4380 4403 4381
f 4381 4403 4406
f 4347 2407 4345
f 4347 2387 2407
f 4349 2387 4347
f 4349 2385 2387
f 3367 4409 3369
f 3369 4409 4410
f 3369 4410 3371
f 3371 4410 3557
f 3371 3557 3372
f 3372 3557 3556
f 3367 4411 4409
f 3372 3556 3384
f 3384 3555 3380
f 3380 3555 3551
f 3380 3551 3439
f 3439 3551 3454
f 3439 3454 3420
f 3420 3454 3455
f 3384 3556 3555
f 3420 3455 3421
f 3364 4411 3367
f 3362 4412 3364
f 4413 4414 4412
f 4412 4414 4415
f 4412 4415 4411
f 4411 4415 4416
f 4411 4416 4409
f 4409 4416 4417
f 3364 4412 4411
f 4409 4417 4410
f 4410 4418 3557
f 3557 4418 3450
f 3557 3450 3555
f 3555 3450 3551
f 275 4413 3362
f 3362 4413 4412
f 4410 4417 4418
f 4413 4419 4414
f 4420 4419 275
f 4419 4421 4422
f 3421 3550 2295
f 3421 2295 2296
f 313 311 3385
f 3385 311 3403
f 3385 3403 3361
f 3361 3403 3396
f 3455 3550 3421
f 3361 3396 3359
f 3359 3390 3378
f 3378 3390 3386
f 3378 3386 3379
f 3379 3386 3388
f 3379 3388 3372
f 3372 3388 3373
f 3359 3396 3390
f 4420 4421 4419
f 3455 4423 3550
f 3453 4424 4423
f 4419 4422 4414
f 4414 4422 4425
f 4415 4425 4426
f 4415 4426 4416
f 4416 4426 4427
f 4416 4427 4417
f 3453 4423 3455
f 4417 4427 4428
f 4418 4428 4429
f 4418 4429 3450
f 3450 4429 4430
f 3450 4430 3451
f 3451 4430 4424
f 3451 4424 3453
f 4417 4428 4418
f 275 4419 4413
f 4431 4422 4421
f 4431 4425 4422
f 3262 3214 3216
f 3262 3216 3263
f 3263 3216 2224
f 3263 2224 2221
f 3242 3445 3240
f 3240 3445 4432
f 3261 3214 3262
f 3240 4432 3861
f 3861 4433 3863
f 3863 4433 4434
f 3863 4434 4435
f 4435 4434 4436
f 4435 4436 4437
f 4437 4436 4438
f 3861 4432 4433
f 4437 4438 3538
f 3261 3212 3214
f 3259 3210 3212
f 4439 3863 4435
f 3862 3863 4439
f 4299 4301 4130
f 4439 4435 3270
f 3270 4435 4437
f 3270 4437 3225
f 3259 3212 3261
f 3225 4437 3538
f 3226 3538 3206
f 3226 3206 3257
f 3257 3206 3208
f 3257 3208 3258
f 3258 3208 3210
f 3258 3210 3259
f 3225 3538 3226
f 3538 4438 4440
f 3538 4440 3230
f 3230 4440 275
f 3441 4423 4424
f 3441 4424 3443
f 3443 4424 4430
f 3443 4430 4441
f 4441 4430 4429
f 4441 4429 4442
f 3419 4423 3441
f 4442 4429 4428
f 4443 4428 4427
f 4443 4427 4444
f 4444 4427 4426
f 4444 4426 4445
f 4445 4426 4425
f 4445 4425 4431
f 4442 4428 4443
f 3419 3550 4423
f 2294 3550 3419
f 4440 4446 275
f 3449 4447 3447
f 3447 4447 4448
f 3447 4448 3445
f 3445 4448 4449
f 3445 4449 4432
f 4432 4449 4450
f 4432 4450 4433
f 4433 4450 4451
f 4433 4451 4434
f 4434 4451 4452
f 4434 4452 4436
f 4436 4452 4453
f 4436 4453 4438
f 4438 4453 4446
f 4438 4446 4440
f 3372 3373 3370
f 4378 4379 4393
f 3370 3373 3375
f 3368 3375 3377
f 854 3650 852
f 852 3650 3651
f 852 3651 850
f 850 3651 3658
f 850 3658 847
f 847 3658 3657
f 1000 855 853
f 847 3657 845
f 4110 4454 4455
f 4110 4455 4108
f 4108 4455 4456
f 4108 4456 4097
f 4097 4456 4457
f 4097 4457 4098
f 3565 4454 4110
f 4098 4457 4458
f 857 855 1000
f 856 3553 3650
f 2783 3646 2785
f 2785 3646 3647
f 2785 3647 2799
f 2799 3647 3648
f 2799 3648 2927
f 2927 3648 3649
f 856 3650 854
f 2927 3649 2926
f 2926 2269 2267
f 2597 2601 1146
f 1146 2601 2606
f 1146 2606 858
f 858 2606 3553
f 858 3553 856
f 2926 3649 2269
f 2783 3645 3646
f 4098 4458 4100
f 4100 3933 3935
f 846 4344 4342
f 846 4342 848
f 848 4342 4340
f 848 4340 851
f 851 4340 1001
f 851 1001 853
f 844 4344 846
f 3568 3567 4338
f 4338 4337 4335
f 1526 1528 4360
f 4360 1528 2383
f 4360 2383 4359
f 4359 2383 2385
f 4359 2385 4349
f 4338 3567 4337
f 4100 4458 3933
f 844 4346 4344
f 842 4348 4346
f 3565 3543 4454
f 4454 3543 2523
f 4454 2523 4455
f 4455 2523 3654
f 4455 3654 4456
f 4456 3654 3655
f 842 4346 844
f 4456 3655 4457
f 4457 3656 4458
f 4458 3656 3659
f 4458 3659 3933
f 861 4336 849
f 849 4336 4348
f 849 4348 842
f 4457 3655 3656
f 2781 3645 2783
f 2781 3644 3645
f 2780 3644 2781
f 4452 4421 4453
f 4453 4421 4420
f 4453 4420 4446
f 4446 4420 275
f 2244 2242 3292
f 3292 2242 3289
f 4452 4431 4421
f 3292 3289 3293
f 3293 3288 3294
f 3294 3288 3277
f 3294 3277 3295
f 3295 3277 3278
f 3295 3278 3222
f 3222 3278 3264
f 3293 3289 3288
f 3222 3264 3221
f 4451 4431 4452
f 4450 4445 4451
f 3368 3377 3365
f 3365 3377 3405
f 3365 3405 3363
f 3363 3405 275
f 3444 3443 3449
f 3449 3443 4441
f 4451 4445 4431
f 3449 4441 4447
f 4447 4442 4448
f 4448 4442 4443
f 4448 4443 4449
f 4449 4443 4444
f 4449 4444 4450
f 4450 4444 4445
f 4447 4441 4442
f 3221 3264 3267
f 3221 3267 3220
f 3220 3267 3272
f 3446 3145 3142
f 3446 3142 3448
f 3448 3142 3418
f 3448 3418 3449
f 3449 3418 3417
f 3449 3417 3444
f 3242 3145 3446
f 3444 3417 3138
f 3442 3138 3137
f 3442 3137 3440
f 3440 3137 2272
f 3440 2272 2292
f 2467 3537 2780
f 2780 3537 3644
f 3444 3138 3442
f 3242 3243 3145
f 3241 3243 3242
f 3241 3239 3243
f 3220 3272 3252
f 3252 3272 3273
f 3252 3273 3253
f 3253 3273 3274
f 3253 3274 3271
f 3271 3274 3268
f 3271 3268 3270
f 3270 3268 3269
f 3270 3269 4439
f 4439 3269 3234
f 4439 3234 3862
f 3862 3234 3232
f 3862 3232 3667
f 3667 3232 3239
f 3667 3239 3241
f 3370 3375 3368
f 4393 4379 4459
f 4414 4425 4415
f 4392 4459 4460
f 4228 4461 4462
f 4228 4462 4227
f 4227 4462 4463
f 4227 4463 4226
f 4226 4463 4464
f 4226 4464 4208
f 4229 4461 4228
f 4208 4464 4465
f 4206 4465 4466
f 4206 4466 4162
f 4162 4466 4467
f 4162 4467 4160
f 4160 4467 4468
f 4160 4468 4469
f 4208 4465 4206
f 4469 4468 4470
f 4229 4471 4461
f 4230 4472 4471
f 4473 3588 4474
f 4473 4474 4475
f 3576 4470 3577
f 3577 4470 4468
f 3577 4468 3578
f 3578 4468 4467
f 4230 4471 4229
f 3578 4467 4466
f 2725 3541 3540
f 2725 3540 2722
f 2722 3540 4476
f 2722 4476 2732
f 2732 4476 4472
f 2732 4472 4230
f 2727 3541 2725
f 3600 3588 4473
f 4469 4470 4477
f 4477 4478 4479
f 2764 4461 2766
f 2766 4461 4471
f 2766 4471 2750
f 2750 4471 4472
f 2750 4472 2747
f 2747 4472 4476
f 2764 4462 4461
f 2747 4476 2748
f 2748 3540 3542
f 3542 3540 3539
f 3542 3539 4224
f 3981 4131 4480
f 4480 4131 4225
f 4480 4225 4481
f 2748 4476 3540
f 4477 4470 4478
f 2762 4462 2764
f 2760 4463 2762
f 4482 4479 4483
f 4483 4479 4478
f 4483 4478 4484
f 4484 4478 3576
f 4484 3576 4485
f 4485 3576 3578
f 2762 4463 4462
f 4485 3578 4486
f 4486 4466 4487
f 4487 4466 4465
f 4487 4465 3575
f 3575 4465 4464
f 3575 4464 2760
f 2760 4464 4463
f 4486 3578 4466
f 3600 3586 3588
f 3599 3586 3600
f 3599 4488 3586
f 3584 4489 3585
f 3585 4489 4490
f 3585 4490 4491
f 4491 4490 4492
f 4491 4492 4493
f 3576 4478 4470
f 3584 4494 4489
f 4150 4022 4152
f 4152 4023 4155
f 4482 4495 4479
f 4479 4495 4153
f 4479 4153 4477
f 4477 4153 4156
f 4477 4156 4469
f 4152 4022 4023
f 4469 4156 4158
f 4496 4494 3584
f 4497 4498 4496
f 4146 4499 4154
f 4151 4153 4495
f 4146 4149 4500
f 4500 4149 4501
f 4500 4501 4502
f 4502 4501 4503
f 4496 4498 4494
f 4502 4503 4490
f 4299 4504 4505
f 4505 4504 4506
f 4505 4506 4507
f 4507 4506 4508
f 4507 4508 4497
f 4497 4508 4498
f 4490 4503 4492
f 4469 4158 4160
f 3034 4509 4510
f 4510 4509 4511
f 2966 4512 2959
f 2959 4512 4513
f 2959 4513 2960
f 4514 4515 4516
f 4516 4515 4517
f 4516 4517 4518
f 2966 4519 4512
f 4518 4517 4520
f 4493 4520 4521
f 4493 4521 4491
f 4491 4521 4522
f 4491 4522 4523
f 4523 4522 4488
f 4523 4488 3599
f 4518 4520 4493
f 3101 4519 2966
f 3101 4524 4519
f 3083 4524 3101
f 4510 4511 4524
f 4524 4511 4525
f 4524 4525 4519
f 4519 4525 4526
f 4519 4526 4512
f 4512 4526 4527
f 4512 4527 4513
f 3094 3037 3095
f 3095 3037 3035
f 3095 3035 3112
f 3112 3035 3034
f 3112 3034 3082
f 3082 3034 4510
f 3082 4510 3083
f 3083 4510 4524
f 4481 4225 4207
f 4500 4499 4146
f 4481 4207 4528
f 4528 4176 4529
f 3094 3041 3037
f 3037 3041 3031
f 3037 3031 3036
f 3036 3031 3033
f 3036 3033 3034
f 3034 3033 4530
f 3094 3040 3041
f 3034 4530 4509
f 4509 4531 4511
f 4511 4531 4532
f 4511 4532 4525
f 4525 4532 4533
f 4525 4533 4526
f 4526 4533 4534
f 4509 4530 4531
f 4526 4534 4527
f 3092 3040 3094
f 3090 3042 3092
f 2988 4535 3279
f 2988 3279 2989
f 2989 3279 3281
f 2989 3281 3103
f 3103 3281 3283
f 3103 3283 3096
f 3092 3042 3040
f 3096 3283 3284
f 3084 3284 3052
f 3084 3052 3085
f 3085 3051 3087
f 3087 3051 3056
f 3087 3056 3090
f 3090 3056 3042
f 3096 3284 3084
f 2970 4535 2988
f 4527 4534 4536
f 4513 4536 4537
f 4538 4539 4540
f 4538 4540 4541
f 4541 4540 4542
f 4541 4542 3587
f 3587 4542 3589
f 3587 3589 3588
f 4543 4539 4538
f 3588 3589 3591
f 4474 3591 4544
f 4474 4544 4475
f 4393 4459 4392
f 4300 4545 4301
f 4475 4544 4545
f 4475 4545 4300
f 3588 3591 4474
f 4527 4536 4513
f 4543 4546 4539
f 4547 3582 4546
f 4513 4537 2960
f 2323 2321 4548
f 4548 2321 4382
f 4548 4382 4549
f 4549 4382 4406
f 4549 4406 4550
f 4547 4546 4543
f 4550 4406 4405
f 4551 4405 4552
f 4551 4552 4553
f 4553 4552 3580
f 4553 3580 4554
f 4554 3580 3582
f 4554 3582 4547
f 4550 4405 4551
f 2970 4555 4535
f 2969 4555 2970
f 2969 4556 4555
f 4557 3575 4558
f 4558 3575 2759
f 4558 2759 4556
f 4556 2759 2761
f 4556 2761 4555
f 4555 2761 2763
f 4557 4487 3575
f 4555 2763 4535
f 4535 2765 3279
f 3279 2765 2749
f 3279 2749 3280
f 3280 2749 2746
f 3280 2746 3282
f 3282 2746 3542
f 4535 2763 2765
f 3282 3542 3178
f 4514 4487 4557
f 4516 4486 4514
f 4529 4176 4161
f 4529 4161 4159
f 4149 4151 4501
f 4501 4151 4495
f 4501 4495 4503
f 4503 4495 4482
f 4514 4486 4487
f 4503 4482 4492
f 4492 4483 4493
f 4493 4483 4484
f 4493 4484 4518
f 4518 4484 4485
f 4518 4485 4516
f 4516 4485 4486
f 4492 4482 4483
f 3178 3542 4224
f 3178 4224 3179
f 3980 3981 4008
f 4559 4521 4520
f 4559 4520 4537
f 4537 4520 4517
f 4537 4517 2960
f 2960 4517 4515
f 2960 4515 2958
f 4543 4521 4559
f 2958 4515 4514
f 2977 4514 4557
f 2977 4557 2978
f 2978 4557 4558
f 2978 4558 2972
f 2972 4558 4556
f 2972 4556 2969
f 2958 4514 2977
f 4543 4522 4521
f 4538 4522 4543
f 4538 4488 4522
f 4008 3981 4480
f 4008 4480 4015
f 4015 4480 4481
f 4015 4481 4016
f 4016 4481 4528
f 4016 4528 4025
f 4025 4528 4529
f 4025 4529 4024
f 4024 4529 4159
f 4024 4159 4023
f 4023 4159 4157
f 4023 4157 4155
f 3587 3586 4541
f 4541 3586 4488
f 4541 4488 4538
f 4528 4207 4176
f 4500 4494 4499
f 3085 3052 3051
f 4502 4489 4494
f 4560 4561 4499
f 4560 4499 4494
f 3597 3596 4163
f 4163 3596 4562
f 4163 4562 4147
f 4147 4562 4563
f 4564 4561 4560
f 4147 4563 4148
f 4148 4244 4150
f 4565 4566 4567
f 4567 4566 4568
f 4567 4568 4569
f 4569 4568 4570
f 4569 4570 4571
f 4148 4563 4244
f 4571 4570 4572
f 4564 4573 4561
f 4574 4575 4573
f 4572 4576 4577
f 4572 4577 4578
f 4578 4577 4171
f 4578 4171 4169
f 4068 4174 4575
f 4575 4174 4175
f 4574 4573 4564
f 4575 4175 4573
f 4573 4164 4561
f 4561 4164 4154
f 4561 4154 4499
f 4299 4068 4504
f 4504 4068 4575
f 4504 4575 4574
f 4573 4175 4164
f 4571 4572 4579
f 4579 4572 4578
f 4579 4578 4580
f 4581 4244 4563
f 4581 4563 4582
f 4582 4563 4562
f 4582 4562 4583
f 4583 4562 3596
f 4583 3596 4584
f 4248 4244 4581
f 4584 3596 3598
f 4017 4242 4018
f 4018 4242 4243
f 4018 4243 4020
f 3594 3593 3627
f 3627 3593 4245
f 3627 4245 4585
f 4584 3598 4173
f 4247 4019 4021
f 3912 4019 4247
f 4248 4586 4246
f 4580 4578 4169
f 4580 4169 4167
f 4284 4286 4587
f 4587 4286 4288
f 4587 4288 4588
f 4588 4288 4281
f 4588 4281 4589
f 4589 4281 4276
f 4589 4276 4590
f 4590 4276 4270
f 4590 4270 4591
f 4591 4270 4273
f 4591 4273 4585
f 4585 4273 3627
f 4581 4586 4248
f 4570 4576 4572
f 4585 4245 4246
f 4570 4592 4576
f 4568 4593 4592
f 4391 4594 4595
f 4391 4595 4395
f 4395 4595 4596
f 4395 4596 4407
f 4407 4596 4597
f 4407 4597 4408
f 4390 4594 4391
f 4408 4597 4598
f 4397 4598 4599
f 4397 4599 4398
f 4398 4599 4600
f 4398 4600 4400
f 4400 4600 4601
f 4400 4601 4402
f 4408 4598 4397
f 4402 4552 4405
f 4390 4602 4594
f 4389 4603 4602
f 4383 4604 4384
f 4384 4604 4605
f 4383 4460 4604
f 4502 4494 4500
f 4392 4460 4383
f 4384 4605 4385
f 4389 4602 4390
f 4385 4605 4606
f 4386 4606 4607
f 4386 4607 4387
f 4387 4607 4608
f 4387 4608 4388
f 4388 4608 4603
f 4388 4603 4389
f 4385 4606 4386
f 2386 2384 4080
f 4080 2384 4145
f 4080 4145 4078
f 4473 4609 3600
f 4167 4284 4580
f 4580 4284 4587
f 4580 4587 4579
f 4579 4587 4588
f 4579 4588 4571
f 4473 4610 4609
f 4571 4588 4589
f 4569 4589 4590
f 4569 4590 4567
f 4567 4590 4591
f 4567 4591 4565
f 4565 4591 4585
f 4566 4593 4568
f 4571 4589 4569
f 4475 4610 4473
f 4498 4560 4494
f 4508 4560 4498
f 4078 4145 4166
f 4078 4166 4076
f 4076 4166 4168
f 4076 4168 4074
f 4074 4168 4170
f 4074 4170 4072
f 4072 4170 4172
f 4072 4172 4070
f 4070 4172 4174
f 4070 4174 4068
f 4610 4475 4300
f 4504 4574 4506
f 4506 4574 4564
f 4506 4564 4508
f 4508 4564 4560
f 4568 4592 4570
f 4585 4246 4565
f 4402 4601 4552
f 4565 4586 4566
f 4611 2323 4548
f 4611 4548 4612
f 4612 4548 4549
f 4612 4549 4613
f 4613 4549 4550
f 4613 4550 4614
f 2342 2323 4611
f 4614 4550 4551
f 4615 4551 4553
f 4615 4553 4616
f 4616 4553 4554
f 4616 4554 4617
f 4617 4554 4547
f 4617 4547 4618
f 4614 4551 4615
f 2346 2344 3032
f 4601 3580 4552
f 4600 3581 4601
f 4602 3590 4594
f 4594 3590 3592
f 4594 3592 4595
f 4595 3592 4619
f 4595 4619 4596
f 4596 4619 4620
f 4601 3581 3580
f 4596 4620 4597
f 4597 4621 4598
f 4598 4621 4622
f 4598 4622 4599
f 4599 4622 4623
f 4599 4623 4600
f 4600 4623 3581
f 4597 4620 4621
f 4602 3591 3590
f 3032 2344 4624
f 3033 4624 4625
f 4616 4626 4615
f 4615 4626 4627
f 4615 4627 4614
f 4614 4627 4628
f 4614 4628 4613
f 4613 4628 4629
f 4616 4630 4626
f 4613 4629 4612
f 4490 4489 4502
f 4612 4625 4611
f 2342 4624 2344
f 4565 4246 4586
f 4611 4625 4624
f 4611 4624 2342
f 4612 4629 4625
f 3032 4624 3033
f 4617 4630 4616
f 4618 4559 4617
f 3033 4625 4530
f 4530 4625 4629
f 4530 4629 4531
f 4531 4629 4628
f 4531 4628 4532
f 4532 4628 4627
f 4617 4559 4630
f 4532 4627 4533
f 4533 4626 4534
f 4534 4626 4630
f 4534 4630 4536
f 4536 4630 4559
f 4536 4559 4537
f 4547 4543 4618
f 4533 4627 4626
f 4603 3591 4602
f 4618 4543 4559
f 4608 4544 4603
f 4497 3600 4609
f 4497 4609 4507
f 4507 4609 4610
f 4507 4610 4505
f 4505 4610 4300
f 4505 4300 4299
f 4496 3600 4497
f 3592 3589 4631
f 4631 4542 4632
f 4632 4542 4540
f 4632 4540 4633
f 4633 4540 4539
f 4633 4539 4546
f 4620 4631 4634
f 4631 3589 4542
f 4634 4631 4632
f 4496 3583 3600
f 4523 3585 4491
f 4566 4581 4593
f 4593 4581 4582
f 4593 4582 4592
f 4603 4544 3591
f 4592 4582 4583
f 4566 4586 4581
f 3584 3583 4496
f 4592 4583 4576
f 4576 4584 4577
f 4577 4584 4173
f 4577 4173 4171
f 4620 4619 4631
f 3599 3583 4523
f 4523 3583 3585
f 4576 4583 4584
f 4634 4632 4635
f 4631 4619 3592
f 4635 4633 4636
f 4379 4075 4459
f 4459 4075 4073
f 4459 4073 4460
f 4460 4073 4071
f 4460 4071 4604
f 4604 4069 4605
f 4379 4077 4075
f 4605 4069 4130
f 4608 4545 4544
f 4607 4545 4608
f 4635 4632 4633
f 4606 4130 4301
f 4606 4301 4607
f 4607 4301 4545
f 4605 4130 4606
f 4377 4077 4379
f 4604 4071 4069
f 4375 4079 4377
f 4377 4079 4077
f 4636 3581 4623
f 3582 3581 4636
f 4636 4546 3582
f 4636 4623 4635
f 4635 4622 4634
f 4634 4622 4621
f 4635 4623 4622
f 2408 2406 4373
f 4373 2406 4081
f 4373 4081 4375
f 4375 4081 4079
f 4636 4633 4546
f 4634 4621 4620
f 2705 2717 2707
f 2712 2707 2718
f 2717 2718 2707
