2 243 241 242
2 6153 242 241
2 243 5857 241
2 5489 244 241
2 244 6153 241
2 5489 241 5980
2 5980 241 5857
2 242 5017 243
2 242 295 5017
2 5059 295 242
2 5415 5059 242
2 5415 242 6153
2 5017 262 243
2 243 262 5797
2 243 5797 5857
2 247 244 5489
2 247 6451 244
2 5689 248 244
2 248 6153 244
2 6451 5689 244
2 247 252 6451
2 6809 252 247
2 247 3983 264
2 247 264 6809
2 247 266 3983
2 5489 266 247
2 5059 248 3729
2 3729 248 5152
2 248 5059 5415
2 5152 248 5689
2 248 5415 6153
2 6451 252 249
2 249 252 6776
2 280 370 249
2 6776 280 249
2 370 5152 249
2 5152 5689 249
2 249 5689 6451
2 266 250 5501
2 266 5980 250
2 5501 250 6804
2 250 5980 5857
2 6804 250 5857
2 6156 251 258
2 258 251 6797
2 5627 251 262
2 5797 262 251
2 263 251 5627
2 251 263 6797
2 5797 251 6156
2 261 6738 252
2 261 252 6809
2 6776 252 6738
2 265 258 5397
2 258 265 6804
2 5397 258 274
2 6797 274 258
2 258 6804 6156
2 275 261 264
2 261 6809 264
2 270 6738 261
2 261 6826 270
2 275 6826 261
2 296 262 295
2 5017 295 262
2 6697 262 296
2 262 6697 5627
2 6697 302 263
2 302 6757 263
2 5359 263 6757
2 263 5359 6797
2 5627 6697 263
2 305 275 264
2 279 305 264
2 279 264 3983
2 265 306 281
2 265 281 5501
2 306 265 5397
2 5501 6804 265
2 266 281 279
2 279 3983 266
2 5501 281 266
2 5980 266 5489
2 270 4932 267
2 270 267 6738
2 267 280 6776
2 267 6795 280
2 4932 6795 267
2 6776 6738 267
2 283 270 273
2 6826 273 270
2 270 283 4932
2 274 271 5675
2 271 274 6797
2 5359 282 271
2 5490 271 282
2 5359 271 6797
2 5490 5675 271
2 283 273 297
2 289 297 273
2 273 5377 289
2 273 4016 5377
2 6826 4016 273
2 304 5397 274
2 5675 304 274
2 275 305 294
2 4016 275 294
2 6826 275 4016
2 282 276 286
2 282 6757 276
2 276 5168 286
2 276 6852 5168
2 276 6757 5642
2 276 5642 6852
2 307 279 281
2 279 307 305
2 280 343 4130
2 6795 343 280
2 4130 370 280
2 331 281 306
2 281 331 307
2 286 5490 282
2 282 5359 6757
2 283 297 3669
2 3669 6198 283
2 283 6198 4932
2 286 290 5490
2 286 6336 290
2 286 5168 6720
2 286 5800 6336
2 5800 286 6720
2 294 323 289
2 5377 294 289
2 289 314 297
2 6648 314 289
2 289 323 6648
2 293 304 290
2 290 6336 293
2 290 304 5675
2 5490 290 5675
2 293 4491 304
2 293 316 4050
2 6336 316 293
2 4050 349 293
2 293 349 4491
2 305 328 294
2 323 294 4899
2 294 328 4899
2 4016 294 5377
2 295 369 296
2 3729 369 295
2 295 5059 3729
2 342 302 296
2 302 6697 296
2 296 431 342
2 431 296 369
2 297 314 5955
2 3669 297 5714
2 5714 297 5955
2 342 5642 302
2 6757 302 5642
2 304 4491 306
2 306 5397 304
2 307 328 305
2 306 357 331
2 4491 357 306
2 328 307 358
2 307 331 359
2 359 358 307
2 311 338 313
2 313 6720 311
2 311 5683 338
2 5683 311 355
2 6855 355 311
2 311 6720 4065
2 4065 6855 311
2 313 338 316
2 316 6336 313
2 5800 313 6336
2 313 5800 6720
2 314 315 5300
2 314 6648 315
2 314 5300 332
2 5955 314 332
2 320 339 315
2 320 315 5212
2 315 339 335
2 5300 315 335
2 5212 315 6648
2 338 3815 316
2 4050 316 3815
2 320 374 339
2 347 374 320
2 320 4186 347
2 320 5212 4186
2 4186 323 347
2 323 4899 347
2 4186 6648 323
2 343 327 4031
2 327 343 6795
2 3669 327 6198
2 327 3669 6699
2 4031 327 6699
2 327 6795 6198
2 328 358 353
2 353 4899 328
2 359 331 357
2 5300 5482 332
2 332 5482 6262
2 5714 5955 332
2 332 6262 5714
2 339 6832 335
2 356 335 4812
2 335 356 5482
2 4812 335 6832
2 335 5482 5300
2 361 340 338
2 338 340 3815
2 5683 361 338
2 339 374 367
2 367 5953 339
2 339 5953 6832
2 6541 340 361
2 4050 3815 340
2 6410 4050 340
2 6410 340 6528
2 6541 6528 340
2 342 405 348
2 342 348 5642
2 342 431 405
2 343 4031 429
2 4130 343 429
2 408 374 347
2 382 408 347
2 382 347 4899
2 6606 348 405
2 4065 6852 348
2 348 6855 4065
2 6852 5642 348
2 348 6606 6855
2 352 349 381
2 4491 349 352
2 349 376 381
2 4050 376 349
2 352 390 357
2 357 4491 352
2 352 381 415
2 352 415 390
2 391 353 358
2 353 416 382
2 353 382 4899
2 418 353 391
2 353 418 416
2 410 5496 355
2 6606 410 355
2 5496 5521 355
2 5521 5683 355
2 6855 6606 355
2 362 4113 356
2 356 4812 362
2 356 380 5527
2 356 6432 380
2 356 4113 6432
2 5482 356 5527
2 359 357 390
2 358 359 423
2 358 423 391
2 359 390 4540
2 359 4540 423
2 5521 387 361
2 361 387 6853
2 5258 6541 361
2 6853 5258 361
2 361 5683 5521
2 4268 362 363
2 362 6832 363
2 4113 362 6813
2 362 4268 6813
2 362 4812 6832
2 367 363 5953
2 363 367 6863
2 363 6268 4268
2 5953 363 6832
2 6268 363 6863
2 374 402 367
2 6863 367 402
2 407 376 368
2 376 6410 368
2 368 403 4107
2 6528 403 368
2 368 4107 407
2 6410 6528 368
2 431 369 583
2 369 503 583
2 3729 503 369
2 370 503 3729
2 370 4130 503
2 3729 5152 370
2 408 402 374
2 376 407 381
2 376 4050 6410
2 380 6432 406
2 406 6699 380
2 5527 380 6262
2 6699 6262 380
2 407 445 381
2 415 381 445
2 416 408 382
2 4931 3925 387
2 6853 387 3925
2 5496 4931 387
2 5496 387 5521
2 461 390 415
2 4926 390 461
2 4926 4540 390
2 391 462 418
2 423 462 391
2 5183 396 394
2 6853 394 396
2 3925 419 394
2 394 419 4303
2 6853 3925 394
2 5183 394 4303
2 6268 397 395
2 395 397 6817
2 417 395 420
2 6813 395 417
2 395 6817 420
2 4268 6268 395
2 4268 395 6813
2 396 5183 398
2 396 398 5591
2 396 6541 5258
2 6853 396 5258
2 396 5591 6528
2 6541 396 6528
2 428 397 399
2 397 6268 399
2 426 397 6533
2 6817 397 426
2 397 428 6533
2 403 398 4979
2 403 5591 398
2 398 427 4096
2 5183 427 398
2 4096 4979 398
2 435 399 402
2 399 6863 402
2 428 399 435
2 6268 6863 399
2 440 402 408
2 435 402 440
2 403 4979 4107
2 403 6528 5591
2 405 4924 410
2 410 6606 405
2 431 510 405
2 405 510 517
2 405 517 4924
2 406 518 436
2 406 436 4031
2 406 3849 518
2 3849 406 6432
2 4031 6699 406
2 439 445 407
2 4107 439 407
2 416 4782 408
2 408 446 440
2 4782 446 408
2 410 4924 4931
2 410 4931 5496
2 4617 3849 412
2 3849 6432 412
2 4113 412 6432
2 4113 6845 412
2 6111 4617 412
2 412 6845 6111
2 419 413 455
2 419 3925 413
2 413 443 451
2 4931 443 413
2 413 451 455
2 4931 413 3925
2 415 445 486
2 457 461 415
2 457 415 486
2 458 416 418
2 5600 416 458
2 487 4782 416
2 487 416 5600
2 420 4100 417
2 417 4100 447
2 6111 417 447
2 6845 417 6111
2 6813 417 6845
2 462 458 418
2 460 419 455
2 4303 419 460
2 420 426 456
2 6817 426 420
2 4100 420 456
2 463 462 423
2 463 423 4540
2 426 464 456
2 426 6533 464
2 4096 427 6856
2 427 5183 4303
2 427 4303 6856
2 435 474 428
2 428 474 473
2 428 473 6847
2 428 6847 6533
2 586 429 436
2 4031 436 429
2 503 429 578
2 4130 429 503
2 664 578 429
2 586 664 429
2 431 583 510
2 478 435 440
2 435 478 474
2 436 518 586
2 527 445 439
2 475 522 439
2 439 4107 475
2 523 439 522
2 527 439 523
2 478 440 446
2 443 556 451
2 443 517 556
2 4924 517 443
2 4924 443 4931
2 527 486 445
2 478 446 528
2 487 446 4782
2 487 4831 446
2 4831 528 446
2 447 485 561
2 4100 485 447
2 557 447 561
2 557 4617 447
2 447 4617 6111
2 6792 455 451
2 451 556 6854
2 6854 6792 451
2 6839 460 455
2 6792 6839 455
2 464 490 456
2 490 485 456
2 4100 456 485
2 536 461 457
2 457 486 534
2 457 534 536
2 537 458 462
2 535 458 537
2 5600 458 535
2 460 6839 465
2 460 465 6856
2 4303 460 6856
2 536 567 461
2 461 567 4926
2 568 462 463
2 462 568 537
2 567 4506 463
2 4926 567 463
2 4506 568 463
2 463 4540 4926
2 464 468 495
2 464 6533 468
2 464 495 490
2 465 5218 467
2 6861 465 467
2 5218 465 6839
2 6861 6856 465
2 5761 472 467
2 472 6860 467
2 5991 467 5218
2 5991 5761 467
2 6860 6861 467
2 4139 468 473
2 468 6847 473
2 4133 495 468
2 468 4640 4133
2 4139 4640 468
2 6533 6847 468
2 472 506 475
2 3676 472 475
2 5761 506 472
2 472 3676 6860
2 6143 473 474
2 4139 473 6143
2 521 474 478
2 6143 474 521
2 522 475 506
2 3676 475 4979
2 4979 475 4107
2 524 521 478
2 478 528 524
2 490 533 485
2 564 485 533
2 564 561 485
2 527 562 486
2 534 486 562
2 487 4189 4831
2 487 5600 4189
2 490 495 533
2 491 496 5218
2 491 5503 496
2 6748 491 531
2 6792 531 491
2 491 5218 6839
2 5503 491 6748
2 6839 6792 491
2 495 4304 533
2 4133 4893 495
2 495 4893 4304
2 4129 5218 496
2 4129 496 5500
2 5503 5500 496
2 499 4478 506
2 499 506 5761
2 499 546 4478
2 546 499 5816
2 4129 5561 499
2 4129 499 5991
2 499 5561 5816
2 499 5761 5991
2 500 4139 507
2 507 5572 500
2 4640 500 4133
2 6033 4133 500
2 4139 500 4640
2 500 5572 6033
2 503 578 661
2 503 661 583
2 506 551 522
2 3856 551 506
2 3856 506 4478
2 507 521 552
2 507 6143 521
2 6812 507 552
2 507 4139 6143
2 507 6812 5572
2 510 667 517
2 583 667 510
2 517 668 556
2 517 667 668
2 518 669 586
2 4213 669 518
2 3849 4213 518
2 521 524 589
2 521 589 552
2 555 523 522
2 555 522 551
2 555 527 523
2 594 524 528
2 594 589 524
2 555 593 527
2 562 527 593
2 563 4227 528
2 4831 563 528
2 4227 594 528
2 6413 600 531
2 531 600 6748
2 6854 6413 531
2 6854 531 6792
2 533 539 3679
2 4304 539 533
2 564 533 3679
2 601 536 534
2 534 562 601
2 535 537 638
2 535 638 602
2 4189 535 602
2 5600 535 4189
2 637 567 536
2 601 637 536
2 638 537 568
2 5500 538 541
2 541 538 6829
2 538 6748 566
2 6829 538 566
2 5503 538 5500
2 538 5503 6748
2 4304 540 539
2 5847 539 540
2 3679 539 6360
2 6360 539 5847
2 6033 4204 540
2 6121 540 4204
2 4893 540 4304
2 540 4893 6033
2 5847 540 6121
2 5561 541 4167
2 4167 541 5687
2 5068 5687 541
2 5692 5068 541
2 5561 5500 541
2 541 6829 5692
2 574 545 618
2 545 574 5687
2 618 545 614
2 545 4164 614
2 4164 545 5068
2 5068 545 5687
2 548 546 574
2 548 3856 546
2 4167 574 546
2 3856 4478 546
2 546 5816 4167
2 547 575 5585
2 6812 575 547
2 5572 547 4204
2 6784 4204 547
2 6812 547 5572
2 5585 6784 547
2 548 584 551
2 548 551 3856
2 548 574 579
2 548 579 584
2 551 588 555
2 588 551 584
2 575 552 621
2 575 6812 552
2 621 552 589
2 593 555 588
2 556 668 675
2 556 675 6854
2 557 561 676
2 557 676 669
2 557 669 4213
2 4617 557 4213
2 564 4918 561
2 4918 676 561
2 562 593 630
2 601 562 630
2 563 631 4227
2 631 563 4241
2 4241 563 4189
2 4831 4189 563
2 635 681 564
2 3679 635 564
2 564 681 4918
2 570 566 5885
2 570 6829 566
2 5751 566 600
2 6748 600 566
2 5751 5885 566
2 637 5166 567
2 5166 4506 567
2 638 568 640
2 640 568 4506
2 570 606 644
2 570 5885 606
2 644 611 570
2 611 4164 570
2 5692 570 4164
2 5692 6829 570
2 615 5272 572
2 572 6784 615
2 5272 5870 572
2 5870 6121 572
2 572 6121 6784
2 574 618 579
2 5687 574 4167
2 575 621 655
2 575 655 6433
2 5585 575 6433
2 578 799 661
2 578 664 799
2 654 584 579
2 653 579 618
2 653 654 579
2 583 661 800
2 583 800 667
2 714 588 584
2 584 654 714
2 586 801 664
2 801 586 669
2 588 662 593
2 588 714 662
2 663 589 594
2 621 589 658
2 589 663 658
2 662 630 593
2 4279 663 594
2 594 4227 4279
2 600 680 634
2 5751 600 634
2 6413 680 600
2 601 630 673
2 721 637 601
2 721 601 673
2 602 638 4087
2 602 4087 674
2 4241 602 674
2 602 4241 4189
2 690 606 639
2 639 606 5751
2 690 644 606
2 5751 606 5885
2 6450 610 607
2 6848 607 610
2 607 4072 641
2 6450 607 641
2 607 647 5727
2 647 607 6848
2 607 5727 4072
2 612 610 5272
2 6848 610 612
2 5272 610 5870
2 610 6360 5870
2 610 6450 6360
2 651 614 611
2 4164 611 614
2 6392 611 644
2 6803 651 611
2 6803 611 6392
2 4991 612 615
2 615 612 5272
2 4991 6857 612
2 6857 6848 612
2 6820 618 614
2 6820 614 651
2 4991 615 619
2 619 615 6433
2 6433 615 6784
2 6820 653 618
2 619 703 650
2 650 4991 619
2 707 619 655
2 619 6433 655
2 703 619 707
2 655 621 710
2 621 658 710
2 662 718 630
2 718 673 630
2 631 3961 719
2 4279 631 719
2 631 4241 3961
2 4227 631 4279
2 634 731 639
2 639 5751 634
2 634 680 4705
2 634 4705 731
2 686 635 641
2 6450 641 635
2 681 635 686
2 3679 6450 635
2 637 721 724
2 5166 637 724
2 638 640 722
2 722 4087 638
2 690 639 4231
2 639 731 4231
2 4300 722 640
2 725 4300 640
2 5166 725 640
2 640 4506 5166
2 641 6594 686
2 641 4072 6594
2 646 6392 644
2 644 6858 646
2 6858 644 690
2 646 693 696
2 6858 693 646
2 696 4257 646
2 4257 6803 646
2 6803 6392 646
2 4262 695 647
2 5026 647 695
2 647 6848 4262
2 647 5026 5727
2 703 699 650
2 699 4262 650
2 650 4262 6857
2 650 6857 4991
2 653 651 704
2 653 6820 651
2 700 704 651
2 651 5211 700
2 651 4257 5211
2 4257 651 6803
2 654 653 708
2 704 708 653
2 708 711 654
2 711 714 654
2 655 710 707
2 658 663 780
2 710 658 776
2 658 780 776
2 661 799 897
2 661 897 800
2 714 779 662
2 718 662 779
2 719 780 663
2 663 4279 719
2 664 896 799
2 664 801 896
2 667 895 668
2 667 800 895
2 668 804 675
2 668 892 804
2 668 895 892
2 669 676 805
2 669 893 801
2 669 805 893
2 718 818 673
2 820 721 673
2 820 673 818
2 674 819 3736
2 674 4087 819
2 674 3736 3961
2 4241 674 3961
2 675 804 680
2 680 6413 675
2 6413 6854 675
2 728 676 681
2 681 676 4918
2 805 676 728
2 680 804 4705
2 732 681 686
2 681 732 728
2 686 6594 732
2 5727 694 689
2 689 694 6422
2 689 6422 736
2 736 6594 689
2 4072 5727 689
2 4072 689 6594
2 6069 693 690
2 693 6858 690
2 690 4231 740
2 6069 690 740
2 749 696 693
2 749 693 6069
2 783 694 750
2 5026 750 694
2 694 783 6422
2 5727 5026 694
2 699 757 695
2 699 695 4262
2 695 751 750
2 750 5026 695
2 757 751 695
2 5994 696 749
2 4257 696 4275
2 696 5994 4275
2 703 766 699
2 757 699 766
2 6808 704 700
2 767 700 763
2 4275 763 700
2 767 6808 700
2 700 5211 4275
2 703 707 770
2 703 770 766
2 704 771 708
2 6808 771 704
2 770 707 710
2 708 772 711
2 708 771 772
2 770 710 798
2 710 776 798
2 714 711 775
2 772 775 711
2 714 775 779
2 779 816 718
2 818 718 816
2 719 817 780
2 719 3716 817
2 719 3736 3716
2 719 3961 3736
2 721 821 724
2 721 820 821
2 722 822 819
2 4087 722 819
2 722 4300 822
2 725 724 823
2 5166 724 725
2 724 821 823
2 725 823 822
2 725 822 4300
2 728 732 843
2 805 728 843
2 731 846 806
2 806 4231 731
2 846 731 842
2 731 4705 842
2 732 736 847
2 6594 736 732
2 732 847 843
2 849 736 807
2 6422 807 736
2 736 849 847
2 740 826 746
2 746 6069 740
2 826 740 806
2 806 740 4231
2 746 786 749
2 746 749 6069
2 828 786 746
2 746 826 828
2 749 786 752
2 5994 749 752
2 787 750 751
2 750 4296 783
2 4296 750 787
2 831 751 757
2 787 751 831
2 752 788 758
2 4275 752 758
2 788 752 786
2 5994 752 4275
2 766 792 757
2 757 792 831
2 758 791 763
2 4275 758 763
2 830 758 788
2 830 791 758
2 791 767 763
2 795 766 770
2 815 792 766
2 795 815 766
2 767 864 771
2 767 771 6808
2 814 767 791
2 814 864 767
2 770 798 795
2 867 772 771
2 867 771 864
2 775 772 868
2 867 868 772
2 779 775 870
2 870 775 868
2 871 776 780
2 776 869 798
2 776 871 869
2 870 816 779
2 871 780 817
2 807 783 810
2 6422 783 807
2 4296 810 783
2 788 786 829
2 786 828 829
2 787 854 811
2 811 4296 787
2 787 831 854
2 855 788 829
2 855 830 788
2 791 834 814
2 834 791 830
2 792 815 860
2 792 860 831
2 795 798 4909
2 5696 815 795
2 795 4909 5696
2 798 869 914
2 798 914 4909
2 799 896 988
2 799 988 897
2 800 987 895
2 800 897 987
2 984 801 893
2 801 984 896
2 804 894 842
2 4705 804 842
2 894 804 892
2 805 843 981
2 805 981 893
2 806 848 826
2 848 806 846
2 810 827 807
2 807 827 899
2 807 899 849
2 810 811 827
2 4296 811 810
2 880 827 811
2 880 811 854
2 861 814 834
2 864 814 861
2 860 815 6462
2 911 815 5696
2 815 911 6462
2 921 818 816
2 870 1016 816
2 921 816 1097
2 816 1016 1097
2 871 817 1017
2 922 1098 817
2 3716 922 817
2 817 1098 1017
2 818 921 820
2 819 822 920
2 819 920 922
2 819 922 3716
2 3736 819 3716
2 820 919 821
2 820 921 919
2 823 821 1013
2 1013 821 919
2 823 1013 822
2 822 1013 920
2 828 826 898
2 898 826 848
2 880 900 827
2 827 900 899
2 828 901 829
2 901 828 898
2 829 904 855
2 902 829 901
2 904 829 902
2 857 834 830
2 857 830 855
2 831 856 854
2 860 856 831
2 857 909 834
2 834 909 861
2 842 982 846
2 894 982 842
2 983 843 847
2 843 983 981
2 985 848 846
2 846 982 985
2 986 847 849
2 986 983 847
2 848 989 898
2 985 989 848
2 899 990 849
2 990 986 849
2 905 854 856
2 880 854 905
2 855 906 857
2 906 855 904
2 908 856 860
2 856 907 905
2 856 908 907
2 857 906 909
2 860 6462 908
2 861 910 864
2 861 909 968
2 861 968 910
2 864 913 867
2 864 910 913
2 867 913 868
2 870 868 1016
2 913 4433 868
2 868 4433 1016
2 869 871 1017
2 869 1015 914
2 869 1017 1015
2 903 900 880
2 905 903 880
2 892 1072 894
2 892 895 1075
2 1072 892 1075
2 893 981 1073
2 893 1073 984
2 894 1070 982
2 894 1072 1070
2 895 987 1075
2 896 984 1076
2 896 1076 988
2 897 1218 987
2 897 988 1219
2 897 1219 1218
2 898 952 901
2 952 898 993
2 993 898 989
2 900 953 899
2 899 953 990
2 903 957 900
2 953 900 995
2 995 900 957
2 902 901 952
2 956 904 902
2 902 952 956
2 957 903 905
2 904 961 906
2 904 956 958
2 961 904 958
2 960 905 907
2 905 960 957
2 909 906 964
2 964 906 961
2 907 908 963
2 962 960 907
2 907 963 962
2 908 967 963
2 908 6462 967
2 964 968 909
2 910 1012 913
2 1012 910 968
2 914 4662 911
2 911 4909 914
2 911 4662 967
2 6462 911 967
2 5696 4909 911
2 5197 913 1012
2 913 1014 4433
2 5197 1014 913
2 914 1096 969
2 914 969 4662
2 914 1015 1096
2 919 921 1169
2 919 1168 1013
2 919 1169 1168
2 920 1170 922
2 1013 1168 920
2 920 1168 1170
2 921 1097 1169
2 922 1170 1098
2 952 6293 956
2 6293 952 993
2 990 953 1026
2 995 1027 953
2 953 1027 1026
2 958 956 996
2 6293 996 956
2 957 960 999
2 957 999 995
2 1002 961 958
2 1000 958 996
2 1002 958 1000
2 1001 960 962
2 960 1001 999
2 961 1007 964
2 961 1002 6851
2 961 6851 1007
2 1006 962 963
2 962 1030 1001
2 1006 1030 962
2 1009 963 967
2 1009 1006 963
2 964 1008 968
2 1008 964 1007
2 967 969 1009
2 4662 969 967
2 1012 968 1008
2 1093 1009 969
2 5364 1093 969
2 1096 5364 969
2 1071 981 983
2 981 1071 1073
2 982 1077 985
2 1136 982 1070
2 1136 1077 982
2 983 986 1074
2 983 1074 1071
2 984 1073 1133
2 984 1133 1076
2 985 1077 989
2 1078 986 990
2 986 1078 1074
2 987 1218 1075
2 988 1076 1219
2 993 989 1079
2 1079 989 1077
2 1026 1078 990
2 993 4463 994
2 994 6293 993
2 1081 993 1079
2 993 1081 4463
2 1028 996 994
2 994 996 6293
2 994 4463 1028
2 999 1029 995
2 1029 1027 995
2 1000 996 1028
2 6866 999 1001
2 6866 1029 999
2 6868 1002 1000
2 4396 1000 1028
2 6868 1000 4396
2 1030 6866 1001
2 6851 1002 1003
2 1003 1002 6868
2 1003 1031 1007
2 6851 1003 1007
2 1031 1003 6836
2 6868 6836 1003
2 1006 1009 1093
2 1091 1030 1006
2 1091 1006 1093
2 6506 1008 1007
2 1031 6506 1007
2 1008 4200 1012
2 6506 4200 1008
2 5197 1012 4200
2 1014 1171 1016
2 4433 1014 1016
2 1014 1095 1166
2 5197 1095 1014
2 1014 1166 1171
2 1015 1017 1172
2 1096 1015 1167
2 1015 1172 1167
2 1016 1171 1097
2 1017 1098 1172
2 1080 1026 1027
2 1078 1026 1080
2 1029 1084 1027
2 1082 1080 1027
2 1027 1084 1082
2 4463 1083 1028
2 6257 1028 1083
2 6141 1028 1086
2 1028 6257 1086
2 4396 1028 6141
2 1029 1085 1084
2 6423 1085 1029
2 6866 6423 1029
2 1089 1087 1030
2 6423 1030 1087
2 1030 1091 1089
2 6866 1030 6423
2 1031 1088 1090
2 1031 6836 1088
2 1092 1031 1090
2 1092 6506 1031
2 1070 1072 1220
2 1070 1222 1136
2 1070 1220 1222
2 1073 1071 1221
2 1071 1074 1223
2 1071 1223 1221
2 1072 1075 1217
2 1072 1217 1220
2 1073 1221 1133
2 1138 1074 1078
2 1074 1138 1224
2 1074 1224 1223
2 1075 1218 1217
2 1076 1133 1391
2 1076 1391 1219
2 1077 1137 1079
2 1136 1137 1077
2 1078 1080 1138
2 1081 1079 1139
2 1139 1079 1137
2 1082 1140 1080
2 1080 1140 1138
2 1083 4463 1081
2 1083 1081 5144
2 1139 5144 1081
2 1146 1082 1084
2 1141 1140 1082
2 1146 1141 1082
2 1083 3804 1117
2 1117 6257 1083
2 3804 1083 5144
2 1084 1085 1118
2 1146 1084 1118
2 1085 6423 1087
2 6834 1085 1087
2 6834 1118 1085
2 6141 1086 1088
2 1088 1086 6188
2 1086 6044 6188
2 6257 6044 1086
2 6309 1087 1089
2 1087 6309 6834
2 5653 1090 1088
2 6188 5653 1088
2 1088 6859 6141
2 6859 1088 6836
2 1089 1091 6727
2 1089 1158 1154
2 1089 1154 6309
2 6727 1158 1089
2 1090 6046 1092
2 5653 6284 1090
2 1090 6284 6046
2 6727 1091 1093
2 1092 1094 4200
2 1094 1092 6046
2 1092 4200 6506
2 1093 5364 5536
2 6727 1093 5536
2 1094 3892 1095
2 1094 1095 5197
2 1162 3892 1094
2 1094 6046 1162
2 5197 4200 1094
2 1166 1095 1332
2 1095 1243 1332
2 1243 1095 3892
2 1096 1167 1244
2 1096 1244 5364
2 1097 1249 1169
2 1097 1171 1245
2 1097 1245 1249
2 1098 1170 1250
2 1098 1246 1172
2 1098 1250 1246
2 5060 1117 3804
2 4427 1117 5763
2 6044 1117 4427
2 5763 1117 5060
2 6257 1117 6044
2 1118 1148 1146
2 1118 1149 1148
2 4430 1149 1118
2 4430 1118 6834
2 1133 1221 4602
2 1133 4602 1391
2 1136 1225 1137
2 1136 1222 1305
2 1136 1305 1225
2 1137 1226 1139
2 1226 1137 1225
2 1140 1227 1138
2 1306 1224 1138
2 1227 1306 1138
2 1139 1226 1142
2 1139 1142 5144
2 1140 1141 1227
2 1146 6576 1141
2 1227 1141 1228
2 1141 1231 1228
2 6576 1231 1141
2 1145 5144 1142
2 1145 1142 5935
2 1142 1226 1229
2 5935 1142 1229
2 1147 3804 1145
2 1147 1145 6275
2 1145 3804 5144
2 1145 5935 6275
2 1146 1148 6576
2 1150 1147 4901
2 1150 5060 1147
2 1147 5060 3804
2 1147 6182 4901
2 1147 6275 6182
2 1148 1149 5720
2 1148 5720 6833
2 6576 1148 6770
2 1148 6833 6770
2 1149 4430 1152
2 1149 1152 6263
2 1149 6263 5720
2 4901 1153 1150
2 1153 5340 1150
2 1150 5763 5060
2 5340 5763 1150
2 1152 6309 1154
2 1154 6665 1152
2 6309 1152 4430
2 6263 1152 6665
2 4903 1155 1153
2 1153 1155 6191
2 1153 4901 5728
2 5728 4903 1153
2 5340 1153 6191
2 1158 4437 1154
2 4437 6665 1154
2 1155 4246 1162
2 1155 1162 5894
2 1155 4903 4246
2 6191 1155 5894
2 6719 4437 1158
2 5200 1158 5536
2 5200 6719 1158
2 5536 1158 6727
2 1163 1161 4715
2 1161 1163 5781
2 1161 1240 4436
2 5781 1240 1161
2 4436 5999 1161
2 1161 5999 4715
2 4246 3892 1162
2 5894 1162 6046
2 4715 4214 1163
2 1163 4214 5923
2 5781 1163 5923
2 1166 1336 1171
2 1166 1332 1334
2 1166 1334 1336
2 1167 1172 1337
2 1167 1335 1244
2 1167 1337 1335
2 1168 1169 1247
2 1168 1248 1170
2 1168 1247 1248
2 1169 1251 1247
2 1169 1249 1251
2 1170 1248 1250
2 1171 1336 1245
2 1172 1246 1337
2 1218 1390 1217
2 1392 1220 1217
2 1390 1392 1217
2 1219 3678 1218
2 1218 3678 1390
2 1219 1391 1389
2 3678 1219 1389
2 1222 1220 1394
2 1392 1394 1220
2 1223 1399 1221
2 1221 1395 1393
2 4602 1221 1393
2 1221 1399 1395
2 1222 1398 1305
2 1222 1394 1398
2 1223 1224 1399
2 1224 1306 1403
2 1403 1399 1224
2 1225 1308 1226
2 1225 1305 1406
2 1225 1406 1308
2 1226 1308 1229
2 1227 1228 1309
2 1227 1309 1306
2 1231 5738 1228
2 1228 5474 1309
2 1228 5738 5474
2 5421 1230 1229
2 5935 1229 1230
2 1229 1308 4535
2 1229 4535 5421
2 1230 5421 1232
2 1230 1232 6182
2 6275 5935 1230
2 6182 6275 1230
2 1231 1233 5738
2 6770 1233 1231
2 6576 6770 1231
2 1232 6001 1235
2 6838 1232 1235
2 1232 5421 6001
2 6182 1232 6456
2 6456 1232 6838
2 1233 5720 1234
2 1234 6287 1233
2 6833 5720 1233
2 5738 1233 6287
2 6833 1233 6770
2 5720 1236 1234
2 6110 1234 1236
2 1234 6110 6419
2 6287 1234 6419
2 1235 6338 1237
2 6838 1235 1237
2 6001 6201 1235
2 6338 1235 6201
2 6263 1238 1236
2 1238 6554 1236
2 6263 1236 5720
2 6554 6110 1236
2 1239 1237 6338
2 1239 6810 1237
2 6810 6068 1237
2 6068 6838 1237
2 4436 6554 1238
2 4436 1238 6719
2 4437 1238 6665
2 6719 1238 4437
2 1238 6263 6665
2 5700 1239 6131
2 5700 6862 1239
2 6338 6131 1239
2 6862 6810 1239
2 4436 1240 6554
2 4469 1240 5781
2 6554 1240 4469
2 5437 5770 1241
2 1241 6434 5437
2 6532 1241 5770
2 1241 6862 6434
2 1241 6532 6810
2 6862 1241 6810
2 4484 1243 1242
2 1243 6434 1242
2 4484 1242 1327
2 1327 1242 5700
2 5700 1242 6862
2 6862 1242 6434
2 1243 3790 1332
2 3790 1243 4484
2 1243 3892 5437
2 1243 5437 6434
2 1244 1335 4214
2 1244 4715 3832
2 1244 3832 5364
2 1244 4214 4715
2 1245 1342 1249
2 1245 1336 1340
2 1245 1340 1342
2 1246 1250 1343
2 1246 1341 1337
2 1246 1343 1341
2 1248 1247 1347
2 1247 1251 1346
2 1247 1346 1347
2 1250 1248 1345
2 1248 1347 1345
2 1249 1344 1251
2 1249 1342 1344
2 1250 1345 1343
2 1251 1344 1346
2 1305 1398 1402
2 1305 1402 1406
2 1306 1309 1407
2 1306 1407 1403
2 1308 1410 1313
2 1308 1313 4535
2 1308 1406 1410
2 1309 1312 1411
2 5474 1312 1309
2 1309 1411 1407
2 1315 1422 1312
2 1312 5474 1315
2 1312 1419 1411
2 1312 1422 1419
2 1313 1421 1314
2 4535 1313 1314
2 1313 1410 1420
2 1313 1420 1421
2 5421 1314 1316
2 1314 5859 1316
2 1314 1421 5859
2 5421 4535 1314
2 5738 1317 1315
2 1317 6635 1315
2 1315 6635 1422
2 5474 5738 1315
2 1316 5859 1320
2 6201 1316 1320
2 6001 5421 1316
2 6001 1316 6201
2 1317 6419 1319
2 1319 6635 1317
2 5738 6287 1317
2 1317 6287 6419
2 6110 1321 1319
2 6769 1319 1321
2 1319 6419 6110
2 1319 6278 6635
2 6769 6278 1319
2 1322 1320 3703
2 6201 1320 1322
2 1320 1426 3703
2 5859 1426 1320
2 4469 1321 6110
2 1321 4469 6773
2 6773 6769 1321
2 3703 1326 1322
2 1322 1326 6131
2 1322 6131 6338
2 6338 6201 1322
2 1430 1325 5532
2 1325 1430 6687
2 4498 1325 6687
2 1325 4498 6769
2 5532 1325 6773
2 6769 6773 1325
2 5266 1327 1326
2 1327 6131 1326
2 3703 1428 1326
2 6646 1326 1428
2 1431 5266 1326
2 6646 1431 1326
2 1327 5266 4484
2 6131 1327 5700
2 1334 1332 1436
2 1332 1434 1436
2 3790 1434 1332
2 1334 1438 1336
2 1334 1436 1438
2 1439 1335 1337
2 1335 1437 1435
2 4214 1335 1435
2 1335 1439 1437
2 1336 1440 1340
2 1336 1438 1440
2 1441 1337 1341
2 1337 1441 1439
2 1340 1440 1342
2 1443 1341 1343
2 1441 1341 1443
2 1344 1342 1442
2 1342 1440 1442
2 1444 1343 1345
2 1343 1444 1443
2 1344 1445 1346
2 1344 1442 1445
2 1345 1347 1446
2 1345 1446 1444
2 1346 1446 1347
2 1346 1445 1446
2 1389 1604 1388
2 1388 3678 1389
2 1388 1603 1390
2 3678 1388 1390
2 1388 1601 1603
2 1388 1604 1601
2 1606 1389 1391
2 1606 1604 1389
2 1390 1605 1392
2 1390 1603 1605
2 1391 1393 1606
2 1391 4602 1393
2 1392 1607 1394
2 1392 1605 1607
2 1393 1395 1610
2 1393 1608 1606
2 1393 1610 1608
2 1394 1611 1398
2 1394 1607 1609
2 1394 1609 1611
2 1395 1399 1494
2 1395 1494 1610
2 1398 1611 1402
2 1496 1399 1403
2 1494 1399 1496
2 1402 1497 1406
2 1402 1615 1497
2 1611 1615 1402
2 1403 1407 1496
2 1410 1406 1497
2 1411 1498 1407
2 1407 1498 1496
2 1410 1503 1420
2 1410 1497 1501
2 1410 1501 1503
2 1411 1419 1502
2 1411 1502 1498
2 1419 1422 1508
2 1419 1508 1502
2 1420 6680 1421
2 1420 1503 6680
2 5859 1421 1423
2 1421 6680 1423
2 1424 1508 1422
2 6635 1424 1422
2 5859 1423 1426
2 1423 6685 1426
2 6680 6465 1423
2 1423 6465 6685
2 1424 1425 5908
2 6635 1425 1424
2 1511 1508 1424
2 1424 5908 1511
2 1425 4498 1427
2 1427 5908 1425
2 1425 6278 4498
2 6278 1425 6635
2 1426 1428 3703
2 1426 4974 1428
2 6685 4974 1426
2 1427 4498 6687
2 1427 6687 4550
2 1427 4550 6818
2 1427 6818 5908
2 4974 6047 1428
2 6047 6646 1428
2 1429 6007 1518
2 6780 1429 1518
2 1526 1429 1528
2 1429 1526 6007
2 1528 1429 5466
2 4550 5530 1429
2 4550 1429 6780
2 1429 5530 5466
2 5466 1430 1433
2 1430 5532 1433
2 4550 1430 5530
2 6687 1430 4550
2 1430 5466 5530
2 4484 1431 1432
2 1431 6050 1432
2 5266 1431 4484
2 1431 6124 6050
2 6646 6124 1431
2 1432 1527 1434
2 3790 1432 1434
2 6050 1527 1432
2 4484 1432 3790
2 1530 1433 1435
2 4214 1435 1433
2 1530 5466 1433
2 5923 4214 1433
2 5532 5923 1433
2 1434 1536 1436
2 1527 1532 1434
2 1536 1434 1532
2 1537 1435 1437
2 1435 1533 1530
2 1435 1537 1533
2 1436 1539 1438
2 1539 1436 1536
2 1540 1437 1439
2 1437 1540 1537
2 1438 1542 1440
2 1438 1539 1542
2 1441 1543 1439
2 1540 1439 1543
2 1440 1544 1442
2 1440 1542 1544
2 1441 1443 1545
2 1441 1545 1543
2 1442 5853 1445
2 1442 1544 5332
2 1442 5332 5853
2 1443 1444 1546
2 1443 1546 1545
2 1444 1446 1550
2 1444 1550 1546
2 1445 1550 1446
2 1445 1549 1550
2 5853 1549 1445
2 1612 1494 1496
2 1718 1610 1494
2 1494 1612 1838
2 1494 1838 1718
2 1496 1498 1612
2 1497 1616 1501
2 1497 1615 1616
2 1502 1573 1498
2 1498 1573 1617
2 1498 1617 1612
2 1574 1503 1501
2 1574 1501 1618
2 1618 1501 1616
2 1508 1506 1502
2 1506 1575 1502
2 1573 1502 1575
2 1503 1574 6680
2 1506 1508 4581
2 1506 1622 1575
2 1506 1624 1622
2 4581 1624 1506
2 1507 6656 1510
2 6685 1507 1510
2 1574 4582 1507
2 1574 1507 6680
2 1507 4582 6656
2 6680 1507 6465
2 6465 1507 6685
2 4581 1508 1511
2 6668 1513 1510
2 1513 6685 1510
2 6656 6668 1510
2 1512 1511 5908
2 1512 6359 1511
2 4581 1511 6359
2 1512 1516 6523
2 1512 6818 1516
2 6818 1512 5908
2 6359 1512 6487
2 1512 6523 6487
2 6047 1513 1517
2 1513 6811 1517
2 4974 1513 6047
2 1513 4974 6685
2 6668 6811 1513
2 1518 6523 1516
2 1516 6780 1518
2 6780 1516 4550
2 6818 4550 1516
2 1517 1519 6379
2 6811 1519 1517
2 1517 6379 1522
2 1517 1522 6788
2 1517 6788 6047
2 6007 6080 1518
2 1518 6080 6523
2 5232 6767 1519
2 5232 1519 6811
2 5372 6379 1519
2 6846 5372 1519
2 6767 6846 1519
2 6050 1522 1525
2 6379 1525 1522
2 6124 1522 6050
2 6788 1522 6124
2 1525 1641 4876
2 5362 1641 1525
2 6050 1525 4876
2 6379 5362 1525
2 5926 1526 1528
2 1526 5926 1636
2 6007 1526 1636
2 4876 1532 1527
2 6050 4876 1527
2 1528 1530 1645
2 1530 1528 5466
2 5926 1528 1645
2 1530 1533 1645
2 1536 1532 1650
2 1650 1532 1641
2 1641 1532 4876
2 1533 1537 1657
2 1533 1651 1645
2 1533 1657 1651
2 1656 1539 1536
2 1536 1650 1656
2 1537 1540 1657
2 1539 1667 1542
2 1656 1663 1539
2 1539 1663 1667
2 1540 1543 1668
2 1540 1664 1657
2 1540 1668 1664
2 1542 1669 1544
2 1542 1667 1669
2 1543 1545 1670
2 1543 1670 1668
2 1544 1669 1671
2 1544 1671 5332
2 1545 1546 1670
2 1546 1550 1672
2 1546 1672 1670
2 1550 1549 1673
2 1549 1671 4514
2 5332 1671 1549
2 4514 1673 1549
2 5853 5332 1549
2 1550 1673 1672
2 1573 1575 1619
2 1573 1619 1617
2 4582 1574 1618
2 1622 1619 1575
2 1601 1831 1603
2 1601 1604 1832
2 1601 1928 1831
2 1601 1832 1928
2 1605 1603 1833
2 1833 1603 1831
2 1604 1606 1715
2 1604 1715 1832
2 1605 1717 1607
2 1605 1833 1717
2 1606 1608 1715
2 1607 1717 1609
2 1608 1610 1718
2 1608 1835 1715
2 1608 1718 1835
2 1609 1684 1611
2 1684 1609 1934
2 1934 1609 1717
2 1611 1684 1615
2 1612 1617 1724
2 1612 1724 1838
2 1615 1723 1616
2 1615 1684 1720
2 1615 1720 1723
2 1616 1726 1618
2 1616 1723 1726
2 1617 1619 1727
2 1617 1727 1724
2 1618 1729 1692
2 1692 4582 1618
2 1729 1618 1726
2 1622 1730 1619
2 1619 1730 1727
2 1622 1624 1695
2 1622 1695 1691
2 1691 1730 1622
2 1623 1694 1627
2 1627 6668 1623
2 1692 1694 1623
2 4582 1692 1623
2 6656 4582 1623
2 6656 1623 6668
2 1624 1628 1695
2 6359 1628 1624
2 4581 6359 1624
2 1627 6758 1630
2 6843 1627 1630
2 6758 1627 1694
2 1627 5232 6668
2 5232 1627 6843
2 1629 5896 1628
2 6487 1629 1628
2 1628 5896 1695
2 6359 6487 1628
2 6080 1633 1629
2 1633 6491 1629
2 5671 5896 1629
2 1629 6491 5671
2 6080 1629 6523
2 6523 1629 6487
2 6758 1738 1630
2 1738 6805 1630
2 4575 6767 1630
2 1630 6850 4575
2 6843 1630 6767
2 6805 6850 1630
2 6080 1636 1633
2 1633 1636 6511
2 1633 6511 6491
2 5926 6511 1636
2 6007 1636 6080
2 1751 1637 1645
2 1637 5926 1645
2 3710 1747 1637
2 1747 5458 1637
2 3710 1637 1751
2 5458 6511 1637
2 5926 1637 6511
2 1816 1750 1638
2 1638 1750 5268
2 1816 1638 4666
2 5239 4666 1638
2 5362 5239 1638
2 1638 5268 5362
2 1650 1641 4928
2 4928 1641 5268
2 5268 1641 5362
2 1651 1751 1645
2 1650 1758 1656
2 1650 1754 1758
2 1754 1650 4928
2 4622 1651 1657
2 1651 1755 1751
2 1755 1651 4622
2 1758 1663 1656
2 1759 1657 1664
2 1657 1759 4622
2 1663 1764 1667
2 1758 1762 1663
2 1764 1663 1762
2 1765 1664 1668
2 1664 1763 1759
2 1664 1765 1763
2 1667 1767 1669
2 1767 1667 1764
2 1768 1668 1670
2 1668 1768 1765
2 1669 1769 1671
2 1769 1669 1767
2 1770 1670 1672
2 1670 1770 1768
2 1671 1769 1771
2 1671 1771 4514
2 1772 1672 1673
2 1672 1772 1770
2 1773 1673 1771
2 4514 1771 1673
2 1673 1773 1772
2 1684 1937 1720
2 1684 1934 1937
2 1735 1691 1695
2 1730 1691 1796
2 1691 1735 1800
2 1796 1691 1800
2 1694 1692 1736
2 1692 1729 1732
2 1736 1692 1732
2 1694 1736 1738
2 1738 6758 1694
2 1737 1735 1695
2 5896 1737 1695
2 1715 1930 1832
2 1715 1835 1930
2 1717 1833 1931
2 1717 1931 1934
2 1718 1935 1835
2 1718 1838 1935
2 1720 1840 1723
2 1720 1937 1840
2 1723 1840 1726
2 1724 1727 1841
2 1724 1936 1838
2 1841 1939 1724
2 1724 1939 1936
2 1726 1844 1729
2 1888 1726 1840
2 1726 1888 1844
2 1727 1730 1843
2 1727 1842 1841
2 1727 1843 1842
2 1729 1797 1732
2 1729 1844 1797
2 1730 1796 1843
2 1732 1803 1736
2 6415 1732 1797
2 6415 1803 1732
2 1735 1737 5703
2 1735 6816 1800
2 1735 5703 1804
2 6816 1735 1804
2 1738 1736 3740
2 1803 3740 1736
2 1737 5671 1741
2 1737 1741 5703
2 5896 5671 1737
2 3740 1742 1738
2 1742 6805 1738
2 5142 1743 1741
2 1743 5242 1741
2 5142 1741 5671
2 5703 1741 5242
2 1744 1742 1811
2 1744 6805 1742
2 1811 1742 4677
2 4677 1742 3740
2 1747 1812 1743
2 1747 1743 5142
2 1743 1812 4665
2 6766 1743 4665
2 5242 1743 6766
2 1744 1811 4666
2 1744 4666 5239
2 5239 6850 1744
2 1744 6850 6805
2 1812 1747 3710
2 1747 5142 5458
2 1750 4667 1754
2 1754 4928 1750
2 1750 1816 1818
2 1750 1818 4667
2 4928 5268 1750
2 1751 1755 1819
2 1815 1751 1819
2 1815 3710 1751
2 1754 3851 1758
2 1754 1864 3851
2 4667 1864 1754
2 1755 1919 1819
2 1755 1866 1919
2 1755 4622 1866
2 1871 1762 1758
2 1867 1871 1758
2 1758 3851 1867
2 1759 1763 1868
2 1866 1759 1868
2 1866 4622 1759
2 1762 1871 1764
2 1763 1765 1873
2 1978 1868 1763
2 1978 1763 1873
2 1764 1875 1767
2 1871 1980 1764
2 1764 1980 1875
2 1768 1873 1765
2 1875 1769 1767
2 1768 1770 1877
2 1982 1873 1768
2 1982 1768 1877
2 1771 1769 1876
2 1875 1876 1769
2 1877 1770 1772
2 1773 1771 3699
2 1771 1876 3699
2 1773 1879 1772
2 1772 1879 1877
2 1773 3699 1879
2 1796 1800 1892
2 1796 1892 1843
2 1797 1844 1848
2 1848 1849 1797
2 1849 6415 1797
2 1800 1852 1850
2 1850 1892 1800
2 1852 1800 6816
2 1803 1849 1851
2 1849 1803 6415
2 1851 3740 1803
2 1804 5522 1852
2 1852 6816 1804
2 5442 1804 5242
2 5703 5242 1804
2 5522 1804 5442
2 4666 1811 4693
2 1811 4677 4693
2 1815 1812 3710
2 1812 1815 5864
2 1812 5006 4665
2 5864 5006 1812
2 6021 1815 1819
2 6021 5864 1815
2 1818 1816 6444
2 6444 1816 4666
2 1860 1916 1818
2 1818 6444 1860
2 4667 1818 1916
2 1819 1970 1909
2 1909 6021 1819
2 1819 1919 1970
2 1831 2046 1833
2 1831 1928 2166
2 1831 2166 2046
2 1832 2164 1928
2 1832 1930 2169
2 1832 2169 2164
2 1833 2046 1931
2 1930 1835 2047
2 1835 1935 2047
2 1838 1936 1935
2 1840 1991 1888
2 1937 2058 1840
2 1840 2058 1991
2 1841 1842 1992
2 1992 1939 1841
2 1842 1843 1892
2 1842 1892 1942
2 1842 1942 1992
2 1891 1848 1844
2 1888 1891 1844
2 1946 1849 1848
2 1891 2000 1848
2 1848 2003 1946
2 1848 2000 2003
2 1851 1849 1896
2 1849 1946 1896
2 1850 1852 5057
2 1892 1850 1945
2 1895 1950 1850
2 1850 5057 1895
2 1950 1945 1850
2 1851 1896 1854
2 1854 3740 1851
2 5057 1852 1853
2 5522 1853 1852
2 5442 1856 1853
2 5622 1853 1856
2 5690 5057 1853
2 1853 5522 5442
2 5690 1853 5622
2 1854 1900 1855
2 4677 1854 1855
2 1854 1896 1900
2 1854 4677 3740
2 1855 1900 1903
2 1903 4693 1855
2 4677 1855 4693
2 4565 1856 1857
2 1857 1856 5903
2 4565 5622 1856
2 1856 5442 6183
2 5903 1856 6183
2 1857 5134 4565
2 5134 1857 4701
2 4701 1857 5864
2 5864 1857 5006
2 5006 1857 5903
2 1860 1859 1906
2 1860 6444 1859
2 1859 1903 1906
2 4693 1903 1859
2 4666 4693 1859
2 6444 4666 1859
2 1906 4699 1860
2 4698 1916 1860
2 4698 1860 6706
2 6706 1860 4699
2 1864 1973 1867
2 3851 1864 1867
2 2038 1864 1916
2 4667 1916 1864
2 1864 2038 1973
2 1974 1866 1868
2 1866 1974 1919
2 1867 1977 1871
2 1867 1973 2042
2 1977 1867 2042
2 1868 2043 1974
2 1868 1978 2043
2 1980 1871 1977
2 1873 1981 1978
2 1873 1982 1981
2 2116 1876 1875
2 1875 1980 2116
2 2116 2191 1876
2 2191 2126 1876
2 3699 1876 2126
2 2127 1877 1879
2 1982 1877 2124
2 2124 1877 2127
2 1879 2128 2127
2 3699 2128 1879
2 1888 1995 1891
2 1888 1991 1995
2 1995 2000 1891
2 1892 1998 1942
2 1892 1945 1998
2 1899 4748 1895
2 5690 1899 1895
2 1895 4748 1950
2 1895 5057 5690
2 1896 1952 1900
2 1896 1946 1949
2 1896 1949 1952
2 1904 1899 4565
2 5772 1899 1904
2 4565 1899 5622
2 1899 5294 4748
2 1899 5772 5294
2 1899 5690 5622
2 1956 1903 1900
2 1900 1952 1956
2 1903 1958 1906
2 1903 1956 1958
2 5134 1905 1904
2 1905 6149 1904
2 4565 5134 1904
2 6149 5772 1904
2 1905 1908 1959
2 1905 5134 1908
2 1905 1959 1957
2 1905 1957 6149
2 1906 1958 4699
2 1909 1963 1908
2 4701 1909 1908
2 1908 1990 1959
2 1908 1963 1990
2 5134 4701 1908
2 1909 1970 1963
2 1909 4701 6021
2 1916 1964 1969
2 4698 1964 1916
2 1916 1969 2038
2 1919 3848 1970
2 1919 1974 3848
2 1928 2164 2163
2 1928 2163 2166
2 1930 2047 2169
2 1934 1931 2050
2 1931 2046 2249
2 1931 2249 2050
2 1934 2052 1937
2 1934 2050 2052
2 1935 1936 2053
2 1935 2176 2047
2 1935 2053 2176
2 1939 2114 1936
2 2114 2053 1936
2 1937 2052 2055
2 2058 1937 2055
2 1939 1992 2059
2 1939 2059 2114
2 1992 1942 1996
2 1942 1998 1996
2 1945 1950 2005
2 1998 1945 2063
2 1945 2005 2071
2 1945 2071 2063
2 1946 2003 1949
2 1949 2010 1952
2 1949 2003 2006
2 1949 2006 2010
2 1951 2009 1950
2 4748 1951 1950
2 2009 2005 1950
2 1951 1955 2014
2 5294 1955 1951
2 2009 1951 2014
2 5294 1951 4748
2 1952 5882 1956
2 1952 2010 5882
2 1955 1957 1986
2 6149 1957 1955
2 1955 1986 2014
2 5772 1955 5294
2 1955 5772 6149
2 1958 1956 1985
2 1956 6086 1985
2 5882 6086 1956
2 1957 1959 1986
2 1958 1985 1987
2 1958 1987 4699
2 1959 2023 1986
2 1959 1990 2023
2 1964 1962 2060
2 1964 4698 1962
2 2022 1962 1987
2 4699 1987 1962
2 2022 2060 1962
2 4698 6706 1962
2 1962 6706 4699
2 2036 1963 1970
2 1963 2032 1990
2 1963 2036 2032
2 4324 1969 1964
2 1964 2060 4324
2 1969 2097 2038
2 2131 2097 1969
2 2131 1969 4324
2 1970 3848 2036
2 1973 2038 2099
2 1973 2144 2042
2 1973 2099 2144
2 1974 2101 2037
2 3848 1974 2037
2 1974 2043 2101
2 1977 2109 1980
2 1977 2042 2105
2 1977 2105 2109
2 1978 1981 2110
2 1978 2106 2043
2 1978 2110 2106
2 1980 2109 2116
2 1981 1982 2111
2 1981 2111 2110
2 1982 2117 2111
2 2124 2117 1982
2 1985 2021 1987
2 1985 2015 2021
2 6086 2015 1985
2 1986 2016 2014
2 1986 2023 2016
2 1987 2021 2022
2 1990 2028 2023
2 1990 2093 2028
2 1990 2032 2093
2 1991 2061 1995
2 1991 2058 2129
2 1991 2129 2061
2 1992 1996 2135
2 1992 2130 2059
2 1992 2135 2130
2 1995 2064 2000
2 2061 2064 1995
2 1996 1998 2063
2 2063 2135 1996
2 2000 2072 2003
2 2000 2064 2139
2 2072 2000 2139
2 2003 2072 2006
2 2009 2081 2005
2 2145 2071 2005
2 2081 2145 2005
2 2010 2006 2082
2 2006 2072 2077
2 2006 2077 2082
2 2009 2014 2081
2 2015 2010 2082
2 5882 2010 2015
2 2014 2016 2084
2 2014 2084 2081
2 2021 2015 2085
2 2015 2082 2085
2 5882 2015 6086
2 2016 2023 2054
2 2016 2054 2088
2 2016 2088 2084
2 2021 5744 2022
2 2021 2085 5744
2 2022 6109 2060
2 2022 5744 6109
2 2023 2028 2054
2 2054 2028 2115
2 2028 2093 2115
2 2032 2036 2098
2 2032 2132 2093
2 2032 2098 2132
2 2037 2098 2036
2 3848 2037 2036
2 2037 2162 2098
2 2037 2101 2162
2 2038 2097 2099
2 2042 2172 2105
2 2042 2144 2172
2 2043 2170 2101
2 2173 2043 2106
2 2043 2173 2170
2 2046 2166 2328
2 2046 2328 2249
2 2047 2250 2169
2 2047 2176 2250
2 2050 2178 2052
2 2050 2252 2178
2 2252 2050 2249
2 2052 2260 2055
2 2052 2178 2260
2 2053 2114 2261
2 2053 2345 2176
2 2053 2261 2345
2 2088 2054 2115
2 2055 2118 2058
2 2055 2260 2118
2 2058 2118 2129
2 2059 2119 2114
2 2059 2130 2119
2 2060 2091 2125
2 2060 6109 2091
2 2060 2125 4324
2 2061 2281 2064
2 2061 2129 2281
2 2063 2071 2140
2 2063 2140 2135
2 2064 2204 2139
2 2064 2281 2204
2 2071 2141 2140
2 2145 2141 2071
2 2072 2146 2077
2 2072 2139 2165
2 2072 2165 2146
2 2077 2150 2082
2 2077 2146 2150
2 2081 2084 2149
2 2081 2149 2145
2 2082 2150 2085
2 2084 2088 2149
2 5744 2085 2089
2 2085 5890 2089
2 5890 2085 2150
2 2088 2115 2153
2 2088 2153 2149
2 2089 4744 2091
2 5744 2089 2091
2 4744 2089 2151
2 5890 2151 2089
2 2091 2154 2125
2 4744 2154 2091
2 6109 5744 2091
2 2093 2156 2115
2 2093 2132 2156
2 2097 2136 2099
2 2097 2131 2136
2 2098 2160 2132
2 2162 2160 2098
2 2136 2161 2099
2 2099 2161 2144
2 2101 2170 2162
2 2105 2181 2109
2 2105 2172 2257
2 2105 2257 2181
2 2110 2254 2106
2 2106 2254 2173
2 2109 2186 2116
2 2186 2109 2181
2 2187 2110 2111
2 4761 2110 2187
2 2110 4761 2254
2 2187 2111 2117
2 2114 2119 2268
2 2114 2268 2261
2 2115 2185 2153
2 2115 2156 2189
2 2115 2189 2185
2 2186 2190 2116
2 2116 2190 2191
2 2275 2117 2124
2 2275 2187 2117
2 2118 2273 2129
2 2260 2267 2118
2 2118 2267 2273
2 2130 2274 2119
2 2119 2274 2268
2 2127 2278 2124
2 2275 2124 2278
2 2125 2155 2131
2 4324 2125 2131
2 6180 2125 2154
2 2155 2125 6180
2 2126 2283 2128
2 3699 2126 2128
2 2126 2191 2283
2 2285 2127 2128
2 2278 2127 2284
2 2127 2285 2284
2 2283 2285 2128
2 2273 2281 2129
2 2130 2135 2274
2 2136 2131 2159
2 2155 2159 2131
2 2132 2195 2156
2 2132 2160 2195
2 2135 2140 2282
2 2135 2282 2274
2 2202 2136 2159
2 2136 2202 2161
2 2139 2204 2165
2 2140 2141 2247
2 2140 2247 2290
2 2140 2290 2282
2 2145 2211 2141
2 2141 2211 2247
2 2144 2161 2209
2 2144 2209 2172
2 2145 2149 2175
2 2145 2175 2211
2 2150 2146 2174
2 2146 2165 2210
2 2174 2146 2210
2 2149 2153 2175
2 2151 2150 2174
2 2151 5890 2150
2 2151 2174 2221
2 2151 2221 2184
2 4744 2151 2184
2 2175 2153 2226
2 2185 2226 2153
2 4744 2184 2154
2 2154 2184 6180
2 2155 2232 2159
2 2155 2188 2232
2 6180 2188 2155
2 2156 2233 2189
2 2156 2195 2233
2 2159 2236 2202
2 2159 2232 2236
2 2162 2203 2160
2 2160 2238 2195
2 2160 2203 2238
2 2202 2244 2161
2 2161 2244 2209
2 2162 2170 2248
2 2162 2245 2203
2 2162 2248 2245
2 2163 2164 2511
2 2166 2163 2510
2 2163 2648 2510
2 2163 2511 2648
2 2164 2169 2329
2 2164 2329 2511
2 2165 2204 2246
2 2165 2246 2210
2 2166 2510 2328
2 2169 2250 2329
2 2251 2170 2173
2 2170 2251 2248
2 2299 2172 2209
2 2172 2253 2257
2 2253 2172 2299
2 2173 2254 2251
2 2174 2210 2255
2 2174 2255 2221
2 2219 2211 2175
2 2219 2175 2226
2 2176 2418 2250
2 2176 2345 2418
2 2252 2519 2178
2 2178 2423 2260
2 2178 2519 2423
2 2352 2186 2181
2 2181 2257 2302
2 2181 2302 2352
2 2221 6186 2184
2 2184 5975 6180
2 2184 6186 5975
2 2185 2189 2227
2 2185 2227 2226
2 2190 2186 2362
2 2352 2354 2186
2 2186 2354 2362
2 2275 2355 2187
2 4761 2187 2355
2 2188 2266 2232
2 5975 2266 2188
2 6180 5975 2188
2 2233 2227 2189
2 2190 2364 2191
2 2190 2362 2364
2 2191 2370 2283
2 2191 2364 2370
2 2195 2280 2233
2 2195 2238 2280
2 2202 2236 2288
2 2202 2292 2244
2 2202 2288 2292
2 2238 2203 2293
2 2203 2245 2293
2 2204 2289 2246
2 2281 2289 2204
2 2244 3775 2209
2 2209 3775 2299
2 2210 2246 2297
2 2210 2297 2255
2 2219 2256 2211
2 2211 2298 2247
2 2256 2298 2211
2 2219 2226 2258
2 2219 2258 2256
2 2221 2255 6186
2 2226 2227 2258
2 2227 2233 2309
2 2227 2305 2258
2 2227 2309 2305
2 2236 2232 5868
2 2266 5964 2232
2 2232 5964 5868
2 2233 2280 2309
2 2236 2313 2288
2 2236 5868 2313
2 2280 2238 2366
2 2238 2293 2376
2 2238 2376 2366
2 3775 2244 2292
2 2245 2248 2325
2 2245 2325 2293
2 2289 2323 2246
2 2246 2323 2297
2 2247 4784 2290
2 4784 2247 2298
2 2248 2251 2300
2 2248 2300 2325
2 2249 2417 2252
2 2413 2249 2328
2 2417 2249 2413
2 2250 2591 2329
2 2418 2591 2250
2 2251 2254 2344
2 2251 2389 2300
2 2251 2344 2389
2 2519 2252 2417
2 2302 2257 2253
2 2299 6672 2253
2 2302 2253 2343
2 2253 4798 2343
2 2253 6672 4798
2 2254 2348 2344
2 2348 2254 4761
2 2393 2259 2255
2 6186 2255 2259
2 2255 2297 2391
2 2393 2255 2391
2 2256 2258 2303
2 2390 2298 2256
2 2256 2303 2394
2 2394 2390 2256
2 2303 2258 2305
2 2266 2259 2349
2 5975 2259 2266
2 2393 2349 2259
2 6186 2259 5975
2 2260 2427 2267
2 2260 2423 2427
2 2261 2268 2428
2 2261 2424 2345
2 2261 2428 2424
2 2266 2349 5964
2 2267 2361 2273
2 2267 2427 2361
2 2268 2274 2435
2 2268 2435 2428
2 2273 2369 2281
2 2361 2369 2273
2 2282 2363 2274
2 2435 2274 2363
2 2365 2275 2278
2 2275 2365 2355
2 5024 2278 2284
2 2365 2278 2371
2 2371 2278 5024
2 2360 2309 2280
2 2360 2280 2366
2 2281 2377 2289
2 2281 2369 2377
2 2282 2290 2378
2 2282 2378 2363
2 2283 2373 2285
2 2373 2283 2370
2 2380 2284 2285
2 2284 2380 2374
2 2374 5024 2284
2 2450 2285 2373
2 2380 2285 2450
2 2292 2288 2375
2 2288 2313 2375
2 2289 2377 2323
2 2290 2324 2378
2 2290 4784 2324
2 2292 2375 2383
2 2292 2383 3775
2 2293 2325 2384
2 2293 2384 2376
2 2323 2331 2297
2 2331 2391 2297
2 2298 2390 2330
2 4784 2298 2330
2 6672 2299 3775
2 2325 2300 2414
2 2300 2389 2414
2 2398 2302 2343
2 2302 2398 2352
2 2303 2305 2403
2 2303 2426 2394
2 2303 2403 2426
2 2305 2309 2360
2 2305 2360 2403
2 5868 2310 2313
2 2310 5995 2313
2 2310 2349 2402
2 5964 2349 2310
2 2310 2402 5995
2 5964 2310 5868
2 2313 6093 2375
2 5995 6093 2313
2 2323 6101 2331
2 2323 2377 2409
2 2323 2409 6101
2 2324 2330 2465
2 4784 2330 2324
2 2324 2449 2378
2 2324 2508 2449
2 2465 2508 2324
2 2325 2408 2384
2 2325 2414 2408
2 2413 2328 2649
2 2328 2510 2649
2 2329 2784 2511
2 2329 2591 2784
2 2471 2330 2390
2 2465 2330 2471
2 2391 2331 5277
2 5277 2331 5845
2 5845 2331 6101
2 2398 2343 2419
2 2343 4798 2419
2 2344 2348 2420
2 2344 2420 2389
2 2345 2520 2418
2 2424 2595 2345
2 2595 2520 2345
2 2348 2353 2486
2 2348 4761 2353
2 2348 2486 2420
2 2393 2399 2349
2 2349 2399 2402
2 2352 2401 2354
2 2352 2398 2401
2 2434 2353 2355
2 4761 2355 2353
2 2488 2353 2434
2 2486 2353 2488
2 2362 2354 2433
2 2401 2433 2354
2 2438 2355 2365
2 2355 2438 2434
2 2366 2405 2360
2 2360 2405 2403
2 4803 2369 2361
2 2361 2427 2602
2 2361 2602 4803
2 2362 2440 2364
2 2362 2433 2440
2 2449 2363 2378
2 2435 2363 2439
2 2449 2439 2363
2 2446 2370 2364
2 2440 2446 2364
2 2365 2371 6271
2 2365 2441 2438
2 2365 6271 2441
2 2366 2376 2406
2 2366 2406 2405
2 2369 2448 2377
2 2369 4803 2448
2 2502 2373 2370
2 2446 2502 2370
2 2371 5024 2447
2 6271 2371 2447
2 2373 2502 2450
2 2450 2374 2380
2 2374 2450 2503
2 2374 2503 4593
2 5024 2374 4593
2 2375 2445 2383
2 2375 2404 2445
2 6093 2404 2375
2 2376 2384 2406
2 2377 2448 2409
2 2383 2445 2452
2 2383 2452 4822
2 3775 2383 4822
2 2384 2408 2406
2 2389 2475 2414
2 2389 2420 2475
2 2390 2394 2471
2 2391 2479 2393
2 2479 2391 5277
2 2393 2479 2399
2 2394 2426 2480
2 2471 2394 2480
2 2398 2485 2401
2 2398 2419 2485
2 2491 2402 2399
2 2491 2399 2479
2 2401 2532 2433
2 2401 2485 2487
2 2401 2487 2532
2 2402 2491 2404
2 5995 2402 2404
2 2490 2403 2405
2 2403 2490 2426
2 2404 2496 2445
2 2404 2491 2496
2 5995 2404 6093
2 2405 2406 2499
2 2490 2405 2542
2 2499 2542 2405
2 2408 2504 2406
2 2406 2504 2499
2 2408 2414 5965
2 2408 2505 2504
2 2505 2408 5965
2 2509 2409 2448
2 2464 2409 5787
2 2464 6101 2409
2 2409 2509 5787
2 4742 2412 2512
2 2412 4822 2512
2 3775 4822 2412
2 3775 2412 6672
2 2412 4742 6672
2 2417 2413 2727
2 2413 2649 2724
2 2413 2724 4944
2 2413 4944 2727
2 2414 2475 2513
2 5965 2414 2513
2 2655 2519 2417
2 2655 2417 2727
2 2520 2652 2418
2 2652 2591 2418
2 2474 2521 2419
2 4798 2474 2419
2 2419 2569 2485
2 2419 2521 2569
2 2420 2476 2475
2 2420 2486 2476
2 2423 2596 2427
2 2423 2519 2594
2 2423 2594 2596
2 2424 2428 2597
2 2424 2597 2595
2 2480 2426 2490
2 2427 2596 2663
2 2427 2663 2602
2 2428 2435 2531
2 2428 2531 2597
2 2433 2543 2440
2 2433 2532 2543
2 2434 2438 2533
2 2533 2488 2434
2 2435 2439 2531
2 2438 2441 2544
2 2438 2544 2533
2 2439 2449 2559
2 2439 2609 2531
2 2559 2609 2439
2 2440 2548 2446
2 2548 2440 2543
2 2441 2549 2544
2 2549 2441 6271
2 2452 2445 2496
2 2446 2553 2502
2 2548 2576 2446
2 2446 2576 2553
2 2549 2447 2554
2 2549 6271 2447
2 2447 4593 2554
2 5024 4593 2447
2 2448 2552 2509
2 4803 2552 2448
2 2449 2508 2559
2 2450 2502 2558
2 2450 2558 2503
2 2452 2496 2555
2 2452 2555 2562
2 4822 2452 2562
2 2464 2514 2472
2 2472 5845 2464
2 2464 5787 2514
2 2464 5845 6101
2 2471 2564 2465
2 2564 2508 2465
2 2471 2480 2568
2 2568 2564 2471
2 2479 2472 2570
2 2479 5277 2472
2 2472 2514 2567
2 2472 2567 2570
2 5277 5845 2472
2 2565 2474 2512
2 2474 4742 2512
2 2474 2565 2521
2 2474 4798 4742
2 2475 2476 2566
2 2475 2566 2513
2 2476 2486 2572
2 2566 2476 2593
2 2476 2572 2593
2 2491 2479 2570
2 2568 2480 2490
2 2485 2571 2487
2 2485 2569 2571
2 2486 2488 2572
2 2573 2532 2487
2 2487 2571 2573
2 2533 2574 2488
2 2488 2574 2572
2 2542 2599 2490
2 2568 2490 2599
2 2491 2528 2496
2 2491 2570 2528
2 2496 2528 2606
2 2496 2606 2555
2 2499 2504 2579
2 2499 2579 2542
2 2580 2502 2553
2 2502 2580 2558
2 2503 2558 2581
2 4593 2503 2581
2 2505 2583 2504
2 2583 2579 2504
2 2505 2513 2583
2 2505 5965 2513
2 2508 2584 2559
2 2508 2564 2584
2 2509 2585 2514
2 5787 2509 2514
2 2552 2615 2509
2 2509 2615 2585
2 2510 2648 2782
2 2510 4137 2649
2 2510 2782 4137
2 2511 2783 2648
2 2511 2784 2783
2 2562 2589 2512
2 4822 2562 2512
2 2565 2512 2589
2 2566 2588 2513
2 2588 2583 2513
2 2514 2621 2567
2 2514 2585 2621
2 2655 2594 2519
2 2520 2595 2730
2 2520 2730 2652
2 2565 2592 2521
2 2521 2592 2569
2 2528 2570 2598
2 2528 2598 2606
2 2531 2664 2597
2 2531 2609 4844
2 4844 2664 2531
2 2532 2600 2543
2 2573 2600 2532
2 2601 2533 2544
2 2601 2574 2533
2 2542 2579 2605
2 2542 2605 2599
2 2543 2607 2548
2 2543 2600 6744
2 2543 6744 2607
2 2544 2549 2608
2 2544 2603 2601
2 2544 2608 2603
2 2607 2576 2548
2 2554 6251 2549
2 6251 2608 2549
2 2552 6065 2615
2 4803 6065 2552
2 2553 2576 2610
2 2580 2553 2610
2 2581 2611 2554
2 2554 4593 2581
2 2554 2611 6251
2 2562 2555 2617
2 2555 2606 2612
2 2555 2612 2617
2 2582 2558 2580
2 2558 2582 2581
2 2559 2584 2616
2 2559 2616 2609
2 2562 2646 2589
2 2562 2617 2646
2 2568 2629 2564
2 2564 2620 2584
2 2564 2629 2620
2 2624 2565 2589
2 2565 2624 2592
2 2588 2566 2625
2 2566 2593 2625
2 2598 2570 2567
2 2598 2567 2628
2 2567 2621 2628
2 2599 2629 2568
2 2571 2569 2630
2 2592 2630 2569
2 2571 2630 2573
2 2631 2572 2574
2 2593 2572 2631
2 2573 2633 2600
2 2573 2630 2633
2 2634 2574 2601
2 2631 2574 2634
2 2607 2667 2576
2 2576 2671 2610
2 2576 2667 6420
2 2576 6420 2671
2 2579 2583 2642
2 2579 2637 2605
2 2579 2642 2637
2 2639 2582 2580
2 2639 2580 2610
2 2640 2581 2582
2 2581 2640 2611
2 2582 2639 2641
2 2640 2582 2641
2 2588 2642 2583
2 4865 2616 2584
2 2584 2620 4865
2 2615 2692 2585
2 2585 2692 2621
2 2625 2647 2588
2 2588 2647 2642
2 2646 2624 2589
2 2591 2652 4085
2 2591 2725 2784
2 2591 4085 2725
2 2592 2624 2696
2 2630 2592 2653
2 2696 2653 2592
2 2593 2654 2625
2 2593 2631 2654
2 2594 2731 2596
2 2729 2594 2655
2 2594 2729 2731
2 2595 2597 2658
2 2595 2658 2730
2 2731 2663 2596
2 2597 2664 2658
2 2606 2598 2612
2 2612 2598 6224
2 2628 6224 2598
2 2599 2605 2706
2 2599 2706 2629
2 2600 2633 2659
2 4859 2600 2659
2 2600 4859 6744
2 2601 2603 2660
2 2634 2601 2660
2 2673 2602 2663
2 6065 2602 2673
2 4803 2602 6065
2 2603 2608 2668
2 2603 2734 2660
2 2734 2603 2668
2 2605 2637 2710
2 2605 2710 2706
2 4859 2667 2607
2 6744 4859 2607
2 6251 2668 2608
2 2681 2609 2616
2 2674 2609 2681
2 2609 2674 4844
2 2712 2639 2610
2 2712 2610 2671
2 2640 2672 2611
2 2611 2672 6233
2 2611 6233 6251
2 2612 2715 2617
2 2711 2715 2612
2 2612 6224 2711
2 2615 2673 2741
2 6065 2673 2615
2 2692 2615 2741
2 4865 2681 2616
2 2617 2715 2646
2 2620 2629 2699
2 4865 2620 2699
2 2621 2700 2628
2 2621 2692 2700
2 2646 2719 2624
2 2624 2719 2696
2 2721 2647 2625
2 2625 2654 2721
2 2700 2707 2628
2 2628 2707 6224
2 2629 2706 2699
2 2630 2702 2633
2 2702 2630 2653
2 2631 2634 2703
2 2726 2654 2631
2 2726 2631 2703
2 2633 2705 2659
2 2633 2702 2705
2 2634 2660 4873
2 2634 4873 2703
2 2637 2642 2714
2 2637 2714 2710
2 2641 2639 2712
2 2713 2640 2641
2 2713 2672 2640
2 2641 2712 2716
2 2713 2641 2716
2 2642 2647 2720
2 2642 2720 2714
2 2646 2715 2719
2 2647 2721 2720
2 2648 5607 2782
2 2648 2783 2884
2 2648 2884 5607
2 2649 2839 2724
2 2649 2888 2839
2 2649 4137 2888
2 2652 2730 5313
2 2844 4085 2652
2 2844 2652 5313
2 2653 2696 2787
2 2702 2653 2792
2 2653 2787 2792
2 2721 2654 2726
2 2727 2729 2655
2 2658 2664 2811
2 2730 2658 2806
2 2658 2811 2806
2 2659 2705 4872
2 4859 2659 4872
2 2660 2734 4873
2 2663 2814 2673
2 2731 2814 2663
2 2664 2674 2818
2 4844 2674 2664
2 2818 2811 2664
2 2667 4507 2735
2 2667 2735 6420
2 4859 4507 2667
2 2668 2736 2734
2 6233 2736 2668
2 6251 6233 2668
2 2712 2671 2739
2 2671 2735 2739
2 6420 2735 2671
2 2713 2740 2672
2 2672 2736 6233
2 2672 6614 2736
2 2672 2740 6614
2 2820 2741 2673
2 2673 2814 2820
2 2674 2681 2742
2 2674 2742 2821
2 2821 2818 2674
2 2681 2691 2742
2 4865 2691 2681
2 2691 2699 2748
2 4865 2699 2691
2 2691 2825 2742
2 2691 2748 2825
2 2700 2692 2745
2 2692 2741 2745
2 2776 2696 2719
2 2776 2787 2696
2 2699 2706 2748
2 2700 2751 2707
2 2700 2745 2751
2 2705 2702 5393
2 2702 2792 5393
2 2726 2703 2793
2 2703 4873 2793
2 4872 2705 2807
2 2705 5393 2807
2 2706 2710 2754
2 2706 2754 2748
2 2707 2751 2711
2 6224 2707 2711
2 2710 2714 2754
2 2711 2766 2715
2 2751 2760 2711
2 2711 2760 2766
2 2712 2763 2716
2 2816 2712 2739
2 2816 2763 2712
2 2713 2716 2764
2 2817 2740 2713
2 2764 2817 2713
2 2714 2720 2765
2 2714 2765 2754
2 2719 2715 2766
2 2763 2819 2716
2 2716 2819 2764
2 2719 2766 2776
2 2720 2721 2777
2 2720 2777 2765
2 2721 2726 2788
2 2721 2788 2777
2 2724 2839 2842
2 2724 2842 5973
2 2724 5973 4944
2 2784 2725 2890
2 2844 2725 4085
2 2725 2844 4631
2 2725 4631 2890
2 2726 2793 2788
2 2729 2727 5598
2 4944 2791 2727
2 5598 2727 2791
2 2849 2731 2729
2 2849 2729 6761
2 2729 5598 6761
2 5504 2730 2806
2 2730 5504 5313
2 2849 2814 2731
2 2733 2812 4507
2 2812 2733 6123
2 4859 2733 4507
2 4859 4872 2733
2 2733 4872 6123
2 2734 2736 2813
2 2808 2734 2813
2 4873 2734 2808
2 2816 2739 2735
2 2735 4507 2812
2 4886 2735 2812
2 4886 2816 2735
2 2736 4795 2813
2 2736 6614 4795
2 2740 2817 6614
2 2823 2745 2741
2 2741 2820 2823
2 2825 2821 2742
2 2745 2830 2751
2 2745 2823 2827
2 2745 2827 2830
2 2748 2754 2831
2 2826 2825 2748
2 2748 2831 2826
2 2751 2830 2760
2 2831 2754 2765
2 2760 2835 2766
2 4905 2760 2830
2 4905 2835 2760
2 2816 2859 2763
2 2763 2862 2819
2 2859 2862 2763
2 2860 2817 2764
2 2764 2819 2861
2 2860 2764 2861
2 2765 2777 2834
2 2765 2834 2831
2 2766 2835 2776
2 2776 2837 2787
2 2776 2835 2837
2 2777 2788 2838
2 2777 2838 2834
2 2928 2888 2782
2 4137 2782 2888
2 2961 2928 2782
2 2782 5607 2961
2 2889 2783 2784
2 2885 2884 2783
2 2783 2889 2885
2 2784 2890 2889
2 2843 2792 2787
2 2837 2843 2787
2 2846 2788 2793
2 2788 2846 2838
2 2791 2894 2872
2 5598 2791 2872
2 2894 2791 5973
2 4944 5973 2791
2 2843 2845 2792
2 2792 2845 5393
2 2846 2793 2808
2 4873 2808 2793
2 2852 2806 2811
2 2806 2852 6644
2 5504 2806 6644
2 2845 2895 2807
2 5393 2845 2807
2 2895 2851 2807
2 2807 2851 6123
2 6123 4872 2807
2 2808 2813 2850
2 2846 2808 2850
2 2818 2858 2811
2 2811 2858 2852
2 2812 2851 2853
2 6123 2851 2812
2 4886 2812 2853
2 2813 2854 2850
2 4795 2854 2813
2 2814 2857 2820
2 2878 2814 2849
2 2814 2878 2857
2 4886 2853 2816
2 2816 2853 4929
2 2859 2816 4929
2 2860 2854 2817
2 2817 2854 4795
2 6614 2817 4795
2 2821 2858 2818
2 2819 2862 2861
2 2823 2820 2864
2 2820 2857 2864
2 2825 2867 2821
2 2821 2867 2858
2 2827 2823 2868
2 2864 2868 2823
2 2826 2869 2825
2 2825 2869 2867
2 2875 2826 2831
2 2826 2875 2869
2 2827 2873 2830
2 2827 2868 2873
2 2830 2873 2880
2 4905 2830 2880
2 2875 2831 2834
2 2834 2838 2883
2 2834 2883 2875
2 2835 2880 2837
2 2835 4905 2880
2 2837 2887 2843
2 2837 2880 2887
2 2838 2846 2886
2 2838 2886 2883
2 2839 4936 2842
2 6343 2839 2888
2 2839 2930 4936
2 2839 6343 2930
2 2894 2842 4936
2 2894 5973 2842
2 2845 2843 2891
2 2843 2887 2891
2 2844 2933 6782
2 2844 6821 2933
2 2844 6782 4631
2 5313 6821 2844
2 2895 2845 2891
2 2896 2846 2850
2 2846 2896 2886
2 2878 2849 5283
2 5283 2849 6761
2 2850 2854 2901
2 2896 2850 2901
2 2851 2900 2853
2 2851 2895 2900
2 2858 6353 2852
2 6353 2899 2852
2 2899 6644 2852
2 2853 2900 2903
2 4929 2853 2903
2 2854 2860 2904
2 2854 2904 2901
2 2857 2948 2864
2 2857 2878 2948
2 2867 2910 2858
2 6353 2858 2910
2 2859 2907 2862
2 2859 2905 2907
2 4929 2905 2859
2 2860 2861 2906
2 2860 2906 2904
2 2908 2861 2862
2 2861 2908 2906
2 2909 2862 2907
2 2862 2909 2908
2 2864 2914 2868
2 2864 2948 2914
2 2867 2869 2913
2 2867 2913 2910
2 2868 2917 2873
2 2868 2914 2917
2 2869 2875 2920
2 2869 2920 2913
2 2872 5286 2874
2 2874 6761 2872
2 5286 2872 2894
2 6761 5598 2872
2 2880 2873 2917
2 5283 2874 2921
2 2921 2874 6799
2 2874 5286 2970
2 2874 2970 6799
2 2874 5283 6761
2 2875 2883 2920
2 2921 2948 2878
2 5283 2921 2878
2 2923 2887 2880
2 2923 2880 2917
2 2922 2883 2886
2 2920 2883 2922
2 3013 2884 2885
2 3012 2884 3013
2 5607 2884 3012
2 2885 2889 3015
2 2885 3015 3013
2 2886 2896 2927
2 2922 2886 2927
2 2891 2887 2926
2 2923 2926 2887
2 6343 2888 2928
2 2889 2890 2929
2 6446 2889 2929
2 3015 2889 6446
2 2929 2890 5861
2 4631 2931 2890
2 5861 2890 2931
2 2891 2935 2895
2 2891 2926 2964
2 2891 2964 2935
2 2934 2894 4936
2 2934 6442 2894
2 5286 2894 6442
2 2900 2895 2935
2 2896 2901 2936
2 2936 2927 2896
2 2899 2898 6644
2 2899 6709 2898
2 4965 4939 2898
2 4939 6821 2898
2 6709 4965 2898
2 5504 6644 2898
2 6821 5504 2898
2 2899 6353 2949
2 2899 2949 6709
2 2900 2939 2903
2 2900 2935 2939
2 2901 2904 2940
2 2901 2940 2936
2 2903 2943 2905
2 2905 4929 2903
2 2903 2939 2943
2 2904 2906 2944
2 2904 2944 2940
2 2905 2945 2907
2 2905 2943 2945
2 2906 2908 2947
2 2906 2947 2944
2 2907 2946 2909
2 2946 2907 2945
2 2909 2947 2908
2 2909 2946 3000
2 2909 3000 2947
2 2913 3911 2910
2 2949 2910 3911
2 2949 6353 2910
2 2913 2920 3911
2 2917 2914 2954
2 2948 3006 2914
2 2914 3006 2954
2 2923 2917 2954
2 2922 2958 2920
2 2920 2958 3009
2 2920 3009 3911
2 2921 5798 2948
2 2921 2994 5798
2 6799 2994 2921
2 2927 2958 2922
2 2923 3007 2926
2 2923 2954 3007
2 2926 3007 2964
2 2963 2927 2936
2 2927 2963 2958
2 2928 2961 3014
2 6343 2928 2962
2 2962 2928 6783
2 2928 3014 3016
2 6783 2928 3016
2 4975 2929 2967
2 2929 5861 2967
2 2929 4975 3017
2 6446 2929 3017
2 4977 2930 2962
2 2930 6343 2962
2 4977 4936 2930
2 5861 2931 2967
2 2967 2931 6747
2 6782 2931 4631
2 6747 2931 6782
2 4939 2937 2933
2 4981 2933 2937
2 4939 2933 6821
2 6747 2933 4981
2 6747 6782 2933
2 4977 3040 2934
2 5289 2934 3040
2 4977 2934 4936
2 5289 6442 2934
2 2939 2935 2968
2 2935 2964 2968
2 2936 2940 2969
2 2936 2969 2963
2 2976 3026 2937
2 2976 2937 4965
2 4981 2937 3026
2 4939 4965 2937
2 2939 3027 2943
2 3024 2939 2968
2 2939 3024 3027
2 2940 2944 2983
2 2940 2983 2969
2 2943 3030 2945
2 2943 3027 3030
2 2944 2947 3031
2 2944 3031 2983
2 2945 3030 2946
2 3000 2946 3030
2 2947 3000 3034
2 2947 3034 3031
2 5798 3006 2948
2 2949 3005 2995
2 6709 2949 2995
2 3005 2949 3911
2 2954 3006 3007
2 2958 2963 3009
2 2961 3044 3014
2 2961 5607 3044
2 2962 3048 3039
2 4977 2962 3039
2 2962 6783 3048
2 2963 2969 3021
2 3009 2963 3021
2 2964 3020 2968
2 3007 3020 2964
2 4993 4975 2967
2 2967 6747 4981
2 4981 6864 2967
2 4993 2967 6864
2 3020 3024 2968
2 2969 2983 3025
2 3025 3021 2969
2 2970 3032 2994
2 2970 2994 6799
2 5289 3032 2970
2 5286 6442 2970
2 5289 2970 6442
2 2976 2995 6172
2 6709 2995 2976
2 2976 3033 3026
2 2976 6172 3033
2 6709 2976 4965
2 2983 3055 3025
2 2983 3031 3055
2 2994 3036 3006
2 2994 3006 5798
2 2994 3032 3036
2 2995 3005 3035
2 6172 2995 3035
2 3000 3030 3060
2 3000 3060 3034
2 3911 3009 3005
2 3005 3009 4385
2 3005 4385 3035
2 3006 3036 3007
2 3007 3046 3020
2 3007 3036 3046
2 3009 3021 4385
2 3013 3069 3012
2 3068 3044 3012
2 3044 5607 3012
2 3069 3068 3012
2 3015 3045 3013
2 3013 3045 3069
2 3016 3014 5005
2 3014 3044 3068
2 3068 3070 3014
2 5005 3014 3070
2 3015 3017 3047
2 3015 6446 3017
2 3015 3047 3045
2 3016 5005 3048
2 6783 3016 3048
2 3017 3072 3047
2 3017 3050 3072
2 4975 3050 3017
2 3020 3071 3024
2 3020 3046 3071
2 3025 3049 3021
2 3049 3041 3021
2 4385 3021 3041
2 3024 3054 3027
2 3024 3071 3054
2 3025 3055 3049
2 3033 5789 3026
2 4981 3026 6864
2 5789 6864 3026
2 3030 3027 3054
2 3054 3060 3030
2 3034 3062 3031
2 3031 3057 3055
2 3057 3031 3062
2 3066 3036 3032
2 3066 3032 3056
2 3056 3032 5289
2 3061 3033 3035
2 3033 6172 3035
2 3033 3061 5789
2 3034 3060 3062
2 3061 3035 3041
2 4385 3041 3035
2 3036 3066 3046
2 3039 3063 3040
2 3039 3040 4977
2 3039 3048 3063
2 3080 3056 3040
2 5289 3040 3056
2 3080 3040 3063
2 3041 3049 3067
2 3061 3041 3067
2 3047 3081 3045
2 3045 3086 3069
2 3045 3081 3086
2 3046 3066 3071
2 3047 3072 3081
2 6734 3063 3048
2 5005 3087 3048
2 3087 6734 3048
2 3049 3055 3067
2 3072 3050 3075
2 6171 3075 3050
2 3050 4975 4993
2 4993 6171 3050
2 3061 3083 3053
2 5789 3061 3053
2 3083 6171 3053
2 4993 3053 6171
2 4993 6864 3053
2 5789 3053 6864
2 3054 3076 3060
2 3054 3071 3076
2 3055 3057 3077
2 3055 3077 3067
2 3056 6695 3066
2 3056 3080 6695
2 3057 3062 3082
2 3057 3082 3077
2 3060 3111 3062
2 3111 3060 3076
2 3061 3067 3083
2 3062 3111 3082
2 3095 3080 3063
2 3095 3063 6734
2 3066 6695 3071
2 3067 3077 3091
2 3091 3083 3067
2 3069 3086 3068
2 3068 3103 3070
2 3086 3103 3068
2 3070 3113 3087
2 5005 3070 3087
2 3070 3103 3113
2 3071 3090 3076
2 3071 6695 3090
2 3094 3072 3075
2 3094 3081 3072
2 3075 3083 5912
2 3083 3075 6171
2 3094 3075 5912
2 3104 3076 3090
2 3104 3111 3076
2 3091 3077 3082
2 3080 3095 3090
2 6695 3080 3090
2 3081 3114 3086
2 3094 5889 3081
2 5889 3114 3081
2 3091 3082 3112
2 3082 3111 3115
2 3082 3115 3112
2 3083 3091 5912
2 3086 3114 3103
2 3087 3113 6603
2 3087 6603 6734
2 3090 3095 3104
2 5912 3091 3112
2 3094 3112 5384
2 3094 5912 3112
2 3094 5384 5889
2 3095 6603 3104
2 6734 6603 3095
2 3113 3103 4502
2 3103 3114 4502
2 3111 3104 3115
2 3115 3104 4502
2 4502 3104 4455
2 6603 4455 3104
2 3112 3115 5384
2 4502 4455 3113
2 6603 3113 4455
2 4502 3114 3115
2 5384 3115 3114
2 5889 5384 3114
2 5714 6019 3669
2 6699 3669 6019
2 4096 3676 4979
2 3676 4096 6860
2 6360 6450 3679
2 4715 5999 3832
2 5200 5364 3832
2 5999 5200 3832
2 3849 4617 4213
2 5437 3892 4246
2 6720 6852 4065
2 4096 6856 6861
2 6860 4096 6861
2 4113 6813 6845
2 4129 5991 5218
2 4129 5500 5561
2 4893 4133 6033
2 5692 4164 5068
2 5816 5561 4167
2 5212 6648 4186
2 6033 5572 4204
2 6121 4204 6784
2 4903 5770 4246
2 5437 4246 5770
2 4275 5211 4257
2 4262 6848 6857
2 6141 6859 4396
2 6859 6868 4396
2 5340 4427 5763
2 4427 5340 6191
2 4427 5653 6188
2 4427 6191 5653
2 6188 6044 4427
2 6834 6309 4430
2 6719 5999 4436
2 4469 5781 6773
2 4469 6110 6554
2 4498 6278 6769
2 5372 4575 5239
2 5239 4575 6850
2 4575 5372 6846
2 6767 4575 6846
2 5006 5903 4665
2 5903 6183 4665
2 6183 6766 4665
2 6021 4701 5864
2 4742 4798 6672
2 5728 4901 6456
2 4901 6182 6456
2 6532 4903 5728
2 5770 4903 6532
2 6198 6795 4932
2 5142 6491 5458
2 6491 5142 5671
2 5168 6852 6720
2 5536 5364 5200
2 6719 5200 5999
2 6668 5232 6811
2 6767 5232 6843
2 5362 5372 5239
2 5242 6766 5442
2 5504 6821 5313
2 6379 5372 5362
2 6183 5442 6766
2 6491 6511 5458
2 5482 5527 6262
2 5532 5781 5923
2 5532 6773 5781
2 6433 6784 5585
2 5653 6191 6284
2 5714 6262 6019
2 5728 6456 6068
2 6532 5728 6068
2 5797 6156 5857
2 5870 5847 6121
2 5870 6360 5847
2 6156 6804 5857
2 6284 5894 6046
2 6191 5894 6284
2 6699 6019 6262
2 6788 6646 6047
2 6456 6838 6068
2 6810 6532 6068
2 6646 6788 6124
2 6868 6859 6836
1 4059 3325 3682
1 6732 3682 3325
1 5394 3814 3325
1 5394 3325 4059
1 3565 5856 3566
1 5856 3565 3567
1 3568 3566 5856
1 5856 3567 3569
1 3570 3568 5856
1 3571 5856 3569
1 3572 3570 5856
1 3573 5856 3571
1 3572 3574 5053
1 3572 5997 3574
1 3572 5856 5997
1 5856 3573 3575
1 6260 3575 3573
1 5997 3576 3574
1 6113 3574 3576
1 6005 3575 3577
1 6260 3577 3575
1 5856 3575 6005
1 3576 5997 3578
1 3576 3578 6160
1 5540 3579 3577
1 6005 3577 3579
1 3578 3580 6160
1 3578 6169 3580
1 6169 3578 5997
1 3579 5414 3581
1 6005 3579 3581
1 4549 5414 3579
1 5540 4549 3579
1 3582 5102 3580
1 3582 3580 6169
1 5102 4657 3580
1 6160 3580 4657
1 5308 3583 3581
1 6005 3581 3583
1 5414 5308 3581
1 5105 3582 3585
1 3585 3582 6307
1 5102 3582 5105
1 3582 6169 6307
1 5308 3586 3583
1 3583 3586 6005
1 3829 3584 4030
1 3829 6566 3584
1 4030 3584 5856
1 5997 5856 3584
1 3584 6169 5997
1 6307 6169 3584
1 6307 3584 6524
1 3584 6566 6524
1 3585 3587 5110
1 3585 6307 3587
1 5105 3585 5110
1 3586 3990 3588
1 6241 3586 3588
1 5308 3990 3586
1 6005 3586 6241
1 3587 3589 5110
1 3587 6307 3589
1 3588 3590 6241
1 3590 3588 6867
1 3588 3990 6867
1 3589 3591 5318
1 3589 6307 3591
1 5110 3589 5319
1 3589 5318 5319
1 3590 4557 3592
1 3592 6241 3590
1 6867 4557 3590
1 5318 3591 3593
1 6524 3593 3591
1 6307 6524 3591
1 3829 3592 3594
1 4557 3594 3592
1 3829 6241 3592
1 5086 3593 3595
1 6524 3595 3593
1 5318 3593 5086
1 3829 3594 3596
1 4633 3596 3594
1 3992 3594 4557
1 4633 3594 3992
1 5330 3595 3597
1 6524 3597 3595
1 5330 5086 3595
1 6298 3598 3596
1 3598 6566 3596
1 3596 6566 3829
1 4633 6298 3596
1 5390 3597 3599
1 6566 3599 3597
1 5330 3597 5390
1 6566 3597 6524
1 3598 6314 3600
1 3598 3600 6566
1 6314 3598 6298
1 3599 3601 4678
1 3599 6566 3601
1 3682 3599 4678
1 3682 5390 3599
1 4680 3602 3600
1 3602 6566 3600
1 3600 6314 4680
1 3602 4678 3601
1 6566 3602 3601
1 4680 4678 3602
1 4678 4059 3682
1 4786 5390 3682
1 6732 4786 3682
1 3814 5394 4680
1 6314 3814 4680
1 5095 3814 4685
1 4685 3814 6314
1 3829 4030 6241
1 6565 3990 5308
1 6565 6867 3990
1 3992 4557 4393
1 3992 4393 5398
1 4633 3992 5341
1 5398 5341 3992
1 6005 4030 5856
1 6005 6241 4030
1 5394 4059 4678
1 6867 4393 4557
1 6394 5398 4393
1 6867 6394 4393
1 5341 4685 4633
1 4633 4685 6298
1 4680 5394 4678
1 5341 5095 4685
1 4685 6314 6298
1 5987 5390 4786
1 5387 5318 5086
1 5086 5330 5987
1 5086 5987 5404
1 5110 5319 5417
1 5319 5318 5417
1 5330 5390 5987
1 6394 6867 6638
1 6638 6867 6565
3 1 0 2
3 1 3 0
3 0 5 2
3 0 3 6
3 0 6 5
3 1 2 9
3 3 1 8
3 1 9 7
3 1 7 14
3 14 8 1
3 2 5 18
3 10 9 2
3 10 2 13
3 13 2 18
3 4 6 3
3 3 11 4
3 3 8 11
3 4 17 6
3 12 4 11
3 12 17 4
3 5 6 20
3 5 20 18
3 6 17 20
3 9 15 7
3 14 7 25
3 7 15 27
3 7 27 25
3 16 11 8
3 14 26 8
3 16 8 26
3 9 10 15
3 23 10 13
3 10 21 15
3 23 21 10
3 12 11 22
3 16 19 11
3 11 19 22
3 12 29 17
3 22 24 12
3 12 24 29
3 13 18 30
3 23 13 28
3 13 30 28
3 14 25 26
3 15 21 31
3 15 48 27
3 15 31 48
3 16 45 19
3 26 44 16
3 16 44 45
3 17 37 20
3 17 29 33
3 33 37 17
3 18 20 36
3 18 36 30
3 22 19 32
3 19 45 32
3 36 20 37
3 23 34 21
3 21 34 31
3 24 22 35
3 22 32 35
3 23 28 38
3 34 23 38
3 24 47 29
3 24 35 39
3 47 24 39
3 26 25 40
3 25 27 41
3 25 41 40
3 26 40 42
3 26 42 44
3 41 27 43
3 27 48 43
3 28 30 49
3 46 38 28
3 28 49 46
3 29 50 33
3 50 29 47
3 30 36 53
3 53 49 30
3 34 51 31
3 48 31 65
3 31 51 69
3 31 69 65
3 32 52 35
3 4767 32 45
3 32 70 52
3 66 70 32
3 32 4767 66
3 33 54 37
3 33 50 54
3 34 38 51
3 52 39 35
3 36 37 55
3 55 53 36
3 37 54 58
3 37 58 55
3 38 46 63
3 38 56 51
3 38 63 56
3 64 47 39
3 57 39 52
3 59 39 57
3 59 64 39
3 40 41 79
3 40 79 42
3 41 43 80
3 80 79 41
3 44 42 60
3 60 42 81
3 42 79 81
3 48 61 43
3 43 61 87
3 43 87 80
3 44 60 45
3 45 60 62
3 45 62 4767
3 46 49 67
3 46 67 63
3 47 68 50
3 47 64 68
3 48 65 61
3 74 49 53
3 67 49 73
3 74 73 49
3 50 75 54
3 50 68 75
3 51 56 71
3 51 71 69
3 52 72 57
3 70 72 52
3 53 55 77
3 53 77 74
3 58 54 82
3 54 75 78
3 54 78 82
3 55 58 88
3 55 85 77
3 55 88 85
3 63 83 56
3 56 101 71
3 56 83 101
3 59 57 76
3 76 57 72
3 58 82 86
3 58 86 88
3 59 84 64
3 59 76 84
3 105 62 60
3 81 105 60
3 110 61 65
3 87 61 110
3 66 62 111
3 4767 62 66
3 111 62 105
3 63 67 91
3 83 63 89
3 63 91 89
3 64 92 68
3 90 64 84
3 92 64 90
3 65 69 117
3 65 117 110
3 94 70 66
3 66 118 94
3 111 118 66
3 67 73 99
3 91 67 95
3 67 99 95
3 68 100 75
3 68 92 96
3 68 96 100
3 69 71 93
3 93 117 69
3 70 94 72
3 97 93 71
3 101 97 71
3 98 76 72
3 72 94 98
3 74 103 73
3 73 103 99
3 77 106 74
3 74 106 103
3 104 78 75
3 104 75 100
3 102 84 76
3 76 98 102
3 77 85 106
3 78 109 82
3 78 104 136
3 136 109 78
3 79 80 129
3 79 129 81
3 87 155 80
3 129 80 155
3 81 132 105
3 81 129 132
3 82 109 86
3 89 113 83
3 83 107 101
3 83 113 107
3 90 84 114
3 102 108 84
3 114 84 108
3 88 112 85
3 85 140 106
3 140 85 112
3 112 88 86
3 86 109 112
3 87 110 156
3 87 156 155
3 121 89 91
3 89 115 113
3 89 121 115
3 90 122 92
3 90 114 116
3 90 116 122
3 91 95 123
3 121 91 123
3 92 124 96
3 92 122 124
3 119 93 97
3 119 117 93
3 94 120 98
3 94 118 120
3 95 99 127
3 123 95 127
3 96 128 100
3 96 124 128
3 101 125 97
3 119 97 125
3 126 102 98
3 98 120 126
3 127 99 103
3 128 104 100
3 130 101 107
3 101 130 125
3 102 131 108
3 126 131 102
3 103 106 135
3 127 103 158
3 158 103 135
3 128 159 104
3 104 159 136
3 157 111 105
3 157 105 132
3 137 135 106
3 106 140 137
3 113 133 107
3 130 107 133
3 108 134 114
3 134 108 131
3 109 166 112
3 109 136 162
3 166 109 162
3 117 160 110
3 110 160 156
3 111 161 118
3 157 161 111
3 140 112 167
3 112 166 167
3 141 113 115
3 113 138 133
3 141 138 113
3 114 142 116
3 114 134 139
3 114 139 142
3 121 143 115
3 141 115 143
3 116 144 122
3 142 144 116
3 119 163 117
3 163 160 117
3 120 118 145
3 145 118 164
3 161 164 118
3 146 119 125
3 168 119 146
3 163 119 168
3 120 145 126
3 121 123 147
3 121 147 143
3 124 122 148
3 122 144 148
3 127 151 123
3 123 151 147
3 152 128 124
3 124 148 152
3 130 6479 125
3 6479 146 125
3 126 149 131
3 126 145 149
3 127 158 151
3 159 128 152
3 129 179 132
3 155 179 129
3 153 130 133
3 153 6479 130
3 131 154 134
3 131 149 154
3 132 182 157
3 132 179 182
3 5589 133 138
3 153 133 5589
3 139 134 6628
3 134 154 6628
3 135 137 194
3 135 189 158
3 135 194 189
3 136 159 162
3 137 140 165
3 137 165 194
3 138 141 5820
3 5589 138 6079
3 6079 138 5820
3 142 139 6421
3 6421 139 6628
3 167 165 140
3 141 143 6107
3 6107 5820 141
3 142 198 144
3 142 193 198
3 142 6421 193
3 170 143 147
3 170 6107 143
3 148 144 171
3 144 198 171
3 149 145 172
3 169 145 164
3 145 169 172
3 173 146 150
3 150 146 6479
3 173 168 146
3 151 177 147
3 174 170 147
3 174 147 177
3 148 178 152
3 148 171 175
3 148 175 178
3 154 149 176
3 149 172 176
3 150 153 180
3 153 150 6479
3 150 202 173
3 150 180 202
3 158 185 151
3 177 151 185
3 152 186 159
3 152 178 186
3 153 183 180
3 153 5589 183
3 154 176 181
3 181 184 154
3 6628 154 184
3 155 156 207
3 155 207 179
3 156 160 208
3 156 208 207
3 157 209 161
3 157 182 209
3 158 189 185
3 159 190 162
3 186 190 159
3 160 163 211
3 208 160 211
3 161 212 164
3 212 161 209
3 195 166 162
3 162 190 195
3 163 168 214
3 163 214 211
3 191 169 164
3 191 164 212
3 167 218 165
3 165 218 194
3 196 167 166
3 166 195 196
3 167 196 221
3 221 218 167
3 168 173 219
3 168 219 214
3 172 169 220
3 169 191 216
3 169 216 220
3 170 174 200
3 170 224 197
3 170 197 6107
3 170 200 224
3 171 201 175
3 225 171 198
3 225 201 171
3 176 172 199
3 172 220 199
3 173 202 226
3 226 219 173
3 204 174 177
3 174 204 200
3 175 205 178
3 175 201 205
3 176 203 181
3 176 199 203
3 177 185 210
3 177 210 204
3 178 213 186
3 178 205 213
3 179 233 182
3 179 207 233
3 6409 180 183
3 180 206 202
3 6409 206 180
3 232 184 181
3 232 181 203
3 182 234 209
3 182 233 234
3 6079 187 183
3 183 187 6409
3 183 5589 6079
3 188 184 5567
3 188 6421 184
3 184 232 5567
3 6421 6628 184
3 185 189 215
3 185 215 210
3 186 213 190
3 192 187 6079
3 6119 187 192
3 187 245 5628
3 6119 245 187
3 6409 187 5628
3 193 188 5764
3 188 193 6421
3 188 5567 5764
3 189 194 217
3 189 217 215
3 190 253 195
3 190 213 240
3 240 253 190
3 239 191 212
3 239 216 191
3 222 192 197
3 197 192 5820
3 222 6119 192
3 6079 5820 192
3 198 193 223
3 4594 223 193
3 4594 193 5764
3 194 218 217
3 196 195 257
3 195 253 257
3 221 196 257
3 197 224 222
3 197 5820 6107
3 223 225 198
3 227 203 199
3 199 220 334
3 199 272 227
3 199 334 272
3 204 230 200
3 228 224 200
3 200 230 228
3 205 201 285
3 225 229 201
3 285 201 229
3 202 206 277
3 202 277 226
3 227 232 203
3 303 204 210
3 204 284 230
3 204 303 284
3 213 205 291
3 205 285 291
3 206 231 277
3 231 206 6409
3 207 208 292
3 207 292 233
3 211 300 208
3 300 292 208
3 209 301 212
3 209 234 301
3 210 215 303
3 214 309 211
3 211 309 300
3 239 212 310
3 212 301 310
3 308 240 213
3 213 291 308
3 219 321 214
3 214 317 309
3 214 321 317
3 215 217 324
3 312 303 215
3 215 324 312
3 220 216 322
3 216 239 322
3 217 218 256
3 217 256 324
3 256 218 221
3 226 333 219
3 219 333 321
3 220 322 334
3 329 256 221
3 329 221 257
3 268 222 224
3 254 222 259
3 254 6119 222
3 259 222 268
3 225 223 269
3 255 260 223
3 255 223 4594
3 269 223 260
3 224 228 278
3 224 278 268
3 225 269 229
3 277 341 226
3 341 333 226
3 232 227 288
3 227 272 346
3 227 346 288
3 228 230 284
3 278 228 350
3 228 284 350
3 269 344 229
3 229 351 285
3 229 344 351
3 298 231 235
3 231 6409 235
3 287 277 231
3 298 287 231
3 232 288 236
3 232 236 5567
3 233 364 234
3 233 292 364
3 234 366 301
3 234 364 366
3 235 237 298
3 235 5628 237
3 235 6409 5628
3 299 238 236
3 5764 236 238
3 236 288 360
3 236 360 299
3 5764 5567 236
3 237 245 318
3 5628 245 237
3 237 371 298
3 237 318 371
3 246 238 319
3 246 5764 238
3 299 319 238
3 239 310 442
3 239 383 322
3 239 442 383
3 240 385 253
3 379 240 308
3 240 379 385
3 245 254 318
3 254 245 6119
3 326 255 246
3 4594 246 255
3 326 246 319
3 246 4594 5764
3 253 389 257
3 253 385 389
3 4743 254 259
3 4743 318 254
3 255 330 260
3 330 255 326
3 388 324 256
3 329 388 256
3 257 389 329
3 336 259 268
3 336 400 259
3 259 400 392
3 392 4743 259
3 337 269 260
3 337 260 330
3 336 268 278
3 269 337 344
3 334 470 272
3 272 404 346
3 272 470 404
3 277 287 345
3 277 345 341
3 336 278 409
3 278 350 414
3 409 278 414
3 284 303 421
3 284 421 350
3 285 422 291
3 285 351 422
3 287 298 354
3 287 354 345
3 288 346 4173
3 360 288 4173
3 308 291 373
3 291 422 373
3 300 434 292
3 292 434 364
3 354 298 424
3 371 432 298
3 424 298 432
3 372 319 299
3 4153 299 360
3 4153 372 299
3 300 309 437
3 300 437 434
3 301 438 310
3 366 438 301
3 303 312 430
3 303 430 421
3 308 373 379
3 317 441 309
3 309 441 437
3 438 442 310
3 312 324 384
3 378 312 384
3 312 378 430
3 317 321 450
3 317 450 441
3 318 325 377
3 325 318 4743
3 318 377 371
3 326 319 386
3 372 375 319
3 375 386 319
3 321 333 466
3 321 466 450
3 322 459 334
3 322 383 459
3 324 388 384
3 448 377 325
3 325 392 453
3 325 4743 392
3 448 325 453
3 326 393 330
3 393 326 386
3 452 388 329
3 329 389 452
3 330 401 337
3 393 401 330
3 341 469 333
3 466 333 469
3 334 459 470
3 336 409 400
3 337 401 344
3 341 345 411
3 476 341 411
3 469 341 476
3 344 5203 351
3 477 344 401
3 477 482 344
3 344 482 5203
3 345 354 411
3 346 404 480
3 4173 346 480
3 350 421 414
3 351 5203 422
3 411 354 483
3 354 424 483
3 360 425 365
3 360 365 4153
3 360 4173 425
3 364 508 366
3 364 434 508
3 433 372 365
3 4153 365 372
3 425 493 365
3 365 493 433
3 366 509 438
3 508 509 366
3 377 432 371
3 433 375 372
3 502 379 373
3 373 422 494
3 373 494 502
3 375 449 386
3 433 444 375
3 375 444 449
3 377 504 432
3 513 377 448
3 504 377 513
3 511 378 384
3 430 378 501
3 378 565 501
3 378 511 565
3 512 385 379
3 379 502 512
3 383 442 581
3 383 587 459
3 383 581 587
3 384 388 5848
3 384 5848 511
3 385 512 389
3 454 393 386
3 386 449 454
3 452 519 388
3 5848 388 519
3 389 520 452
3 389 512 520
3 400 471 392
3 392 471 453
3 3686 401 393
3 3686 393 454
3 400 409 6028
3 400 6028 471
3 477 401 3686
3 404 470 544
3 404 544 480
3 409 414 481
3 409 481 4913
3 409 4913 6028
3 476 411 479
3 479 411 483
3 414 421 549
3 414 549 481
3 421 430 559
3 421 553 549
3 421 559 553
3 494 422 554
3 422 550 554
3 422 5203 550
3 424 432 497
3 424 488 483
3 424 492 488
3 424 497 492
3 425 480 484
3 425 4173 480
3 425 484 489
3 493 425 489
3 430 501 559
3 497 432 504
3 498 444 433
3 433 493 498
3 434 437 573
3 434 573 508
3 437 441 576
3 437 576 573
3 438 577 442
3 577 438 509
3 441 450 585
3 441 580 576
3 441 585 580
3 442 577 581
3 449 444 516
3 444 498 505
3 444 505 514
3 516 444 514
3 448 453 525
3 515 513 448
3 448 525 515
3 449 526 454
3 526 449 516
3 450 466 592
3 450 592 585
3 452 571 519
3 452 520 571
3 471 529 453
3 525 453 529
3 454 526 530
3 454 530 532
3 3686 454 532
3 470 459 596
3 596 459 587
3 466 469 595
3 466 595 592
3 469 476 598
3 595 469 598
3 470 599 544
3 599 470 596
3 471 590 529
3 542 590 471
3 4913 542 471
3 6028 4913 471
3 476 479 543
3 543 598 476
3 477 604 482
3 477 532 597
3 3686 532 477
3 477 597 604
3 608 479 483
3 479 608 543
3 480 609 484
3 480 544 609
3 603 542 481
3 4913 481 542
3 656 481 549
3 656 603 481
3 550 482 657
3 5203 482 550
3 482 604 657
3 488 558 483
3 483 558 616
3 483 616 608
3 489 484 617
3 609 617 484
3 488 492 558
3 489 560 493
3 489 4236 560
3 489 617 4236
3 492 497 625
3 492 622 558
3 492 625 622
3 498 493 623
3 493 560 623
3 494 620 502
3 494 554 613
3 494 613 620
3 497 504 625
3 6572 505 498
3 498 623 6572
3 501 670 559
3 565 679 501
3 501 679 670
3 502 624 512
3 502 620 624
3 504 513 515
3 515 628 504
3 625 504 626
3 504 628 626
3 516 514 505
3 516 505 629
3 505 6689 629
3 6689 505 6572
3 508 648 509
3 508 573 648
3 577 509 649
3 509 648 649
3 511 5688 565
3 569 5688 511
3 5848 569 511
3 512 684 520
3 512 624 684
3 515 525 632
3 515 632 628
3 516 636 526
3 516 629 636
3 569 519 4906
3 5848 519 569
3 685 519 571
3 519 685 4906
3 571 520 684
3 582 525 529
3 525 582 642
3 525 642 632
3 526 643 530
3 526 636 643
3 582 529 590
3 532 530 591
3 591 530 643
3 591 597 532
3 542 5280 590
3 542 603 5280
3 543 665 598
3 608 671 543
3 665 543 671
3 544 599 605
3 609 544 605
3 553 659 549
3 659 656 549
3 550 660 554
3 550 657 660
3 553 559 659
3 554 660 613
3 558 682 616
3 622 687 558
3 682 558 687
3 559 670 659
3 623 560 688
3 688 560 4236
3 5688 679 565
3 4906 683 569
3 569 683 5688
3 571 684 685
3 573 576 733
3 573 733 648
3 576 580 734
3 576 734 733
3 577 735 581
3 735 577 649
3 580 585 739
3 580 739 734
3 581 745 587
3 581 735 742
3 581 742 745
3 590 645 582
3 582 645 642
3 585 592 741
3 585 741 739
3 596 587 748
3 587 745 748
3 645 590 652
3 5280 652 590
3 591 723 597
3 643 5902 591
3 723 591 5902
3 592 595 747
3 592 747 741
3 595 598 755
3 595 755 747
3 596 756 599
3 596 748 756
3 597 727 604
3 597 723 727
3 598 665 759
3 598 759 755
3 599 666 605
3 599 760 666
3 599 756 760
3 603 726 652
3 5280 603 652
3 603 656 729
3 603 729 726
3 604 730 657
3 604 727 730
3 609 605 672
3 666 672 605
3 608 616 677
3 608 677 671
3 617 609 678
3 609 672 678
3 620 613 754
3 613 660 744
3 744 754 613
3 616 682 677
3 617 678 4236
3 620 762 624
3 620 754 762
3 622 625 691
3 622 691 687
3 623 698 627
3 6572 623 627
3 623 688 692
3 623 692 698
3 684 624 765
3 624 762 765
3 625 626 697
3 625 697 691
3 626 628 705
3 626 701 697
3 626 705 701
3 627 706 629
3 6689 627 629
3 627 698 702
3 627 702 706
3 627 6689 6572
3 709 628 632
3 705 628 709
3 629 633 636
3 629 706 633
3 632 642 5660
3 632 5660 709
3 633 716 636
3 706 803 633
3 633 713 716
3 713 633 803
3 636 716 643
3 642 645 715
3 642 715 5660
3 643 716 717
3 643 717 5902
3 645 652 720
3 715 645 720
3 648 832 649
3 648 733 832
3 649 833 735
3 649 832 833
3 652 812 720
3 652 726 812
3 737 656 659
3 737 729 656
3 660 657 738
3 730 738 657
3 659 670 743
3 659 743 737
3 660 738 744
3 840 665 671
3 665 838 759
3 840 838 665
3 672 666 841
3 666 760 839
3 666 839 841
3 5445 670 679
3 743 670 753
3 670 5445 753
3 671 677 773
3 671 773 840
3 672 774 678
3 774 672 841
3 773 677 682
3 678 774 778
3 4236 678 778
3 679 761 5445
3 679 5688 761
3 777 682 687
3 777 773 682
3 4906 764 683
3 683 764 5688
3 684 765 685
3 685 825 764
3 4906 685 764
3 765 825 685
3 687 691 781
3 777 687 781
3 688 782 692
3 688 778 782
3 4236 778 688
3 691 697 784
3 691 784 781
3 698 692 790
3 692 782 785
3 692 785 790
3 701 793 697
3 784 697 789
3 793 789 697
3 698 794 702
3 698 790 794
3 705 796 701
3 701 796 793
3 702 797 706
3 702 794 797
3 705 709 802
3 802 796 705
3 706 797 803
3 709 712 802
3 5660 712 709
3 712 715 768
3 5660 715 712
3 712 768 837
3 802 712 835
3 835 712 837
3 713 769 716
3 713 836 769
3 713 803 836
3 715 720 808
3 768 715 808
3 717 716 809
3 809 716 769
3 717 813 723
3 723 5902 717
3 813 717 809
3 720 812 808
3 723 813 727
3 726 729 884
3 726 882 812
3 726 884 882
3 727 885 730
3 813 883 727
3 727 883 885
3 737 886 729
3 729 886 884
3 730 887 738
3 730 885 887
3 733 734 912
3 733 912 832
3 734 739 915
3 734 915 912
3 735 917 742
3 735 833 916
3 735 916 917
3 888 737 743
3 737 888 886
3 738 889 744
3 738 887 889
3 918 739 741
3 739 918 915
3 747 925 741
3 741 923 918
3 741 925 923
3 742 924 745
3 742 917 924
3 743 753 890
3 888 743 890
3 744 889 754
3 745 926 748
3 745 924 926
3 747 755 925
3 748 926 756
3 753 824 890
3 753 5445 824
3 754 1068 762
3 889 891 754
3 754 891 1068
3 755 759 927
3 755 927 925
3 756 928 760
3 756 926 928
3 759 838 929
3 759 929 927
3 760 930 839
3 760 928 930
3 5688 764 761
3 6023 761 764
3 5445 761 824
3 6023 824 761
3 765 762 966
3 762 1068 966
3 764 825 965
3 6023 764 965
3 765 966 825
3 768 808 876
3 768 876 837
3 769 877 809
3 769 836 4326
3 769 4326 877
3 773 777 844
3 773 844 840
3 774 845 778
3 774 841 845
3 777 781 851
3 777 851 844
3 778 850 782
3 778 845 850
3 784 852 781
3 781 852 851
3 782 853 785
3 782 850 853
3 789 862 784
3 784 858 852
3 862 858 784
3 790 785 863
3 785 853 859
3 785 859 863
3 789 793 865
3 789 865 862
3 790 866 794
3 790 863 866
3 872 793 796
3 872 865 793
3 794 873 797
3 794 866 873
3 796 802 874
3 796 874 872
3 797 875 803
3 797 873 875
3 835 874 802
3 836 803 875
3 879 808 812
3 808 879 876
3 809 878 813
3 809 877 878
3 812 882 879
3 878 881 813
3 813 881 883
3 824 1067 890
3 6023 1067 824
3 965 825 1069
3 966 1069 825
3 832 970 833
3 832 912 970
3 833 971 916
3 833 970 971
3 835 837 947
3 874 835 945
3 835 947 945
3 836 875 4345
3 836 4345 4326
3 837 876 947
3 838 840 931
3 838 972 929
3 931 974 838
3 972 838 974
3 839 932 841
3 839 930 973
3 839 975 932
3 839 973 975
3 840 844 931
3 845 841 932
3 844 851 3694
3 931 844 3694
3 850 845 933
3 845 932 933
3 850 934 853
3 850 933 934
3 851 852 979
3 851 979 3694
3 852 858 935
3 852 935 979
3 853 936 859
3 934 936 853
3 858 862 937
3 935 858 937
3 859 938 863
3 859 936 938
3 865 939 862
3 939 937 862
3 863 940 866
3 863 938 940
3 941 865 872
3 941 939 865
3 866 942 873
3 940 942 866
3 872 874 943
3 943 941 872
3 873 944 875
3 873 942 944
3 874 945 943
3 4345 875 944
3 876 879 949
3 947 876 949
3 877 950 878
3 877 948 950
3 877 4326 948
3 3864 881 878
3 950 3864 878
3 879 882 954
3 879 951 949
3 954 951 879
3 881 6106 883
3 881 3864 6106
3 882 884 954
3 885 883 3933
3 6106 3933 883
3 884 886 959
3 959 954 884
3 885 3933 887
3 888 1064 886
3 1064 959 886
3 889 887 1065
3 887 3933 1065
3 1066 888 890
3 888 1066 1064
3 889 1065 891
3 890 1067 1066
3 891 1065 1187
3 891 1187 1068
3 912 915 1034
3 912 1033 970
3 912 1034 1033
3 915 918 1036
3 915 1036 1034
3 916 1035 917
3 916 971 1035
3 917 1037 924
3 917 1035 1037
3 1036 918 923
3 1038 923 925
3 1036 923 1038
3 924 1039 926
3 924 1037 1039
3 1040 925 927
3 925 1040 1038
3 928 926 1041
3 1041 926 1039
3 927 929 1042
3 927 1042 1040
3 928 1043 930
3 1041 1043 928
3 929 972 1044
3 929 1044 1042
3 973 930 1045
3 930 1043 1045
3 931 3694 974
3 977 933 932
3 932 975 977
3 933 980 934
3 978 933 977
3 933 978 980
3 934 980 936
3 935 937 991
3 935 991 979
3 936 992 938
3 936 980 992
3 939 1004 937
3 937 997 991
3 937 1004 997
3 938 1005 940
3 938 992 998
3 938 998 1005
3 939 941 1010
3 1010 1004 939
3 1011 942 940
3 940 1005 1011
3 941 943 1018
3 941 1018 1010
3 942 1019 944
3 942 1011 1019
3 943 945 1020
3 943 1020 1018
3 944 1019 946
3 4345 944 946
3 945 947 1020
3 4345 946 948
3 6312 948 946
3 946 1019 1062
3 946 1062 1022
3 1022 6312 946
3 947 949 1023
3 5399 1020 947
3 947 1023 5399
3 950 948 1024
3 1024 948 6312
3 4326 4345 948
3 951 1023 949
3 950 1024 4941
3 3864 950 1025
3 1025 950 4941
3 3762 951 954
3 951 1063 1023
3 951 3762 1063
3 3765 954 959
3 3762 954 3765
3 955 1025 3840
3 6106 1025 955
3 955 1182 3933
3 955 5214 1182
3 955 3840 5214
3 3933 6106 955
3 959 1064 1183
3 959 1183 3765
3 965 1191 1067
3 6023 965 1067
3 965 1069 1191
3 1192 966 1068
3 966 1192 1069
3 970 1032 971
3 970 1123 1032
3 970 1033 1123
3 971 1032 1194
3 971 1125 1035
3 971 1194 1125
3 972 974 1046
3 972 1099 1044
3 1099 972 1046
3 973 1047 975
3 973 1045 1100
3 973 1100 1047
3 974 976 1046
3 976 974 3694
3 977 975 1047
3 976 1101 1046
3 3694 1101 976
3 978 977 1104
3 977 1047 1104
3 978 1049 980
3 978 1104 1049
3 979 991 1050
3 979 1050 1048
3 979 1048 3694
3 980 1051 992
3 1051 980 1049
3 991 997 1052
3 991 1052 1050
3 992 1053 998
3 992 1051 1053
3 997 1004 1054
3 997 1054 1052
3 998 1055 1005
3 998 1053 1055
3 1010 3698 1004
3 1004 1056 1054
3 1004 3698 1056
3 1005 1058 1011
3 1005 1055 1057
3 1005 1057 1058
3 1010 1018 3698
3 1011 1060 1019
3 1011 1058 1060
3 1018 1020 1059
3 1059 3698 1018
3 1062 1019 1060
3 1020 1021 1059
3 1021 1020 5399
3 5091 1021 1023
3 5399 1023 1021
3 1021 1061 1059
3 5091 1061 1021
3 1022 1024 6312
3 1022 6345 1024
3 1022 1062 1120
3 6345 1022 1120
3 1063 4431 1023
3 4431 5091 1023
3 4941 1024 4381
3 1024 6345 4381
3 4381 3840 1025
3 3864 1025 6106
3 1025 4941 4381
3 1032 1123 1193
3 1032 1193 1194
3 1033 1034 1123
3 1036 1124 1034
3 1034 1124 1123
3 1035 1125 1037
3 1036 1038 1126
3 1036 1126 1124
3 1037 1127 1039
3 1037 1125 1127
3 1038 1040 1128
3 1038 1128 1126
3 1039 1129 1041
3 1039 1127 1129
3 1040 1042 1131
3 1040 1131 1128
3 1041 1130 1043
3 1041 1129 1130
3 1131 1042 1044
3 1043 1132 1045
3 1043 1130 1132
3 1044 1099 1134
3 1134 1131 1044
3 1045 1135 1100
3 1045 1132 1135
3 1099 1046 1143
3 1046 1101 1143
3 1100 1144 1047
3 1047 1102 1104
3 1047 1144 1102
3 1048 1050 1105
3 1048 1105 3694
3 1049 1106 1051
3 1157 1049 1104
3 1049 1157 1106
3 1050 1052 1107
3 1050 1107 1105
3 1051 1106 1053
3 1109 1052 1054
3 1109 1107 1052
3 1053 1111 1055
3 1106 1108 1053
3 1053 1108 1111
3 1054 1056 1110
3 1110 1109 1054
3 1055 1112 1057
3 1055 1111 1112
3 1110 1056 1176
3 1056 3698 1176
3 1057 4425 1058
3 1057 1112 4425
3 1058 1114 1060
3 4425 1114 1058
3 1061 1115 1059
3 3698 1059 1115
3 1060 1116 1062
3 1060 1114 1116
3 1061 4428 1115
3 4428 1061 1119
3 5091 1119 1061
3 1062 1116 1120
3 3762 1181 1063
3 1181 3844 1063
3 4431 1063 3844
3 1064 1066 1186
3 1064 1184 1183
3 1064 1186 1184
3 1065 1185 1187
3 3933 1185 1065
3 1066 1067 1188
3 1066 1188 1186
3 1067 1191 1188
3 1068 1187 1189
3 1068 1189 1192
3 1191 1069 1190
3 1069 1192 1190
3 1099 1195 1134
3 1099 1143 1195
3 1135 1196 1100
3 1100 1196 1144
3 1197 1101 1103
3 3694 1103 1101
3 1143 1101 1197
3 1102 1151 1104
3 1102 1144 1151
3 1103 1105 1156
3 1105 1103 3694
3 1103 1156 1199
3 1199 1197 1103
3 1151 1157 1104
3 1105 1107 1156
3 1106 1159 1108
3 1159 1106 1157
3 1107 1109 1160
3 1107 1160 1156
3 1111 1108 1164
3 1108 1159 1164
3 1110 1173 1109
3 1109 1165 1160
3 1109 1173 1165
3 1110 1176 1173
3 1111 1175 1112
3 1164 1174 1111
3 1111 1174 1175
3 1112 1175 1113
3 4425 1112 1113
3 1113 1178 1114
3 4425 1113 1114
3 1113 1175 1210
3 1178 1113 1210
3 1114 1178 1116
3 1177 1115 1179
3 3698 1115 1177
3 1115 4428 1179
3 6166 1120 1116
3 1116 1178 1212
3 6166 1116 1212
3 1119 3940 1180
3 1119 1180 4428
3 3940 1119 6243
3 4431 1119 5091
3 6243 1119 4431
3 5644 1122 1120
3 1122 6345 1120
3 6166 5644 1120
3 3940 1121 1285
3 1285 1121 5101
3 1121 3844 5101
3 1121 6243 3844
3 1121 3940 6243
3 6345 1122 4381
3 4381 1122 6545
3 6545 1122 5644
3 1123 1124 1252
3 1123 1252 1193
3 1124 1126 1255
3 1124 1253 1252
3 1255 1253 1124
3 1125 1254 1127
3 1125 1194 1254
3 1126 1128 1257
3 1126 1257 1255
3 1127 1256 1129
3 1127 1254 1256
3 1128 1131 1259
3 1259 1257 1128
3 1129 1258 1130
3 1129 1256 1258
3 1130 1260 1132
3 1130 1258 1260
3 1131 1134 1261
3 1131 1261 1259
3 1262 1135 1132
3 1262 1132 1260
3 1134 1195 1263
3 1134 1263 1261
3 1135 1264 1196
3 1135 1262 1264
3 1195 1143 1265
3 1143 1197 1265
3 1144 1198 1151
3 1144 1196 1266
3 1144 1266 1198
3 1201 1157 1151
3 1268 1151 1198
3 1268 1201 1151
3 1200 1156 1160
3 1156 1200 1199
3 1159 1157 1201
3 1164 1159 1204
3 1159 1201 1202
3 1159 1202 1204
3 1160 1165 1203
3 1160 1203 1200
3 1164 1204 1174
3 1165 1173 1205
3 1165 1205 1203
3 1173 1176 1208
3 1173 1206 1205
3 1173 1208 1206
3 1174 1207 1175
3 1174 1204 6099
3 1174 6099 1207
3 1175 1207 1210
3 1176 1177 1209
3 3698 1177 1176
3 1208 1176 1209
3 1177 1179 1209
3 1178 1210 4779
3 1178 4779 1212
3 1179 1180 1211
3 4428 1180 1179
3 1209 1179 1211
3 1180 4559 1211
3 1180 3940 4559
3 1288 1181 4438
3 4489 1181 1288
3 4438 1181 3762
3 1181 4489 3844
3 1182 1293 1185
3 1182 1185 3933
3 1293 1182 1291
3 1182 5214 1291
3 1294 1183 1184
3 1292 1290 1183
3 1290 4438 1183
3 1183 1294 1292
3 3765 1183 4438
3 1184 1186 1296
3 1184 1296 1294
3 1185 1297 1187
3 1293 1295 1185
3 1185 1295 1297
3 1186 1188 1298
3 1186 1298 1296
3 1187 1299 1189
3 1187 1297 1299
3 1188 1191 1300
3 1188 1300 1298
3 1189 1301 1192
3 1299 1301 1189
3 1190 1302 1191
3 1190 1192 1302
3 1191 1302 1300
3 1192 1301 1302
3 1194 1193 1303
3 1193 1252 1303
3 1194 1304 1254
3 1194 1303 1304
3 1263 1195 1310
3 1195 1265 1310
3 1264 1311 1196
3 1196 1311 1266
3 1197 1199 1267
3 1197 1267 1265
3 1198 1266 1318
3 1198 1318 1268
3 1199 1200 1269
3 1199 1323 1267
3 1199 1269 1323
3 1200 1203 1269
3 1201 1270 1202
3 1268 1270 1201
3 1202 1271 1204
3 1270 1271 1202
3 1203 1205 1272
3 1269 1203 1272
3 1271 1273 1204
3 1204 1273 1276
3 6099 1204 1276
3 1205 1206 1274
3 1205 1274 1272
3 1206 1208 1278
3 1206 1275 1274
3 1206 1278 1275
3 1207 1280 1210
3 1276 1277 1207
3 1276 1207 6099
3 1277 1280 1207
3 1208 1209 1279
3 1208 1279 1278
3 1209 1211 1279
3 1210 1280 1281
3 4779 1210 1281
3 1279 1211 1351
3 4559 1351 1211
3 1214 1212 1282
3 1214 6166 1212
3 1212 1281 1282
3 4779 1281 1212
3 1213 1283 4559
3 1283 1213 6763
3 3940 1285 1213
3 5801 1213 1285
3 5801 1353 1213
3 6763 1213 1353
3 1213 4559 3940
3 4465 1215 1214
3 4467 1214 1215
3 1282 4465 1214
3 4467 5644 1214
3 6166 1214 5644
3 4467 1215 1286
3 1215 5511 1286
3 4465 6321 1215
3 6321 5511 1215
3 5214 1216 3802
3 6114 3802 1216
3 3840 1216 5214
3 3840 6545 1216
3 6114 1216 4467
3 6545 4467 1216
3 1252 1253 1355
3 1252 1355 1303
3 1253 1255 1356
3 1355 1253 1356
3 1254 1357 1256
3 1254 1304 1357
3 1255 1257 1358
3 1255 1358 1356
3 1258 1256 1359
3 1359 1256 1357
3 1259 1360 1257
3 1257 1360 1358
3 1258 1361 1260
3 1258 1359 1361
3 1259 1261 1362
3 1259 1362 1360
3 1363 1262 1260
3 1363 1260 1361
3 1261 1263 1364
3 1261 1364 1362
3 1264 1262 1307
3 1262 1365 1307
3 1262 1363 1365
3 1263 1310 1366
3 1263 1366 1364
3 1264 1307 1311
3 1265 1267 1367
3 1265 1367 1310
3 1368 1266 1311
3 1318 1266 1368
3 1267 1323 1369
3 1267 1369 1367
3 1268 1324 1270
3 1268 1318 1324
3 1269 1272 1328
3 1269 1328 1323
3 1271 1270 1329
3 1372 1270 1324
3 1329 1270 1372
3 1271 1329 1273
3 1272 1274 1330
3 1272 1330 1328
3 1273 1331 1276
3 1273 1329 1331
3 1274 1275 1333
3 1274 1333 1330
3 1278 1338 1275
3 1333 1275 1338
3 1276 1339 1277
3 1276 1331 1339
3 1277 1350 1280
3 1339 1348 1277
3 1277 1348 1350
3 1278 1279 1349
3 1278 1380 1338
3 1278 1349 1380
3 1279 1351 1349
3 1280 1350 1281
3 1282 1281 5457
3 5457 1281 1350
3 1282 1352 4465
3 1282 5457 1352
3 1351 1283 1382
3 4559 1283 1351
3 4585 1382 1283
3 1283 6763 4585
3 1383 1284 1352
3 1352 1284 6321
3 1284 1383 6042
3 5511 1284 1386
3 1284 6042 1386
3 1284 5511 6321
3 5101 1287 1285
3 5801 1285 1287
3 1354 1286 5511
3 1286 1354 6114
3 6114 4467 1286
3 1287 1288 1387
3 1287 4489 1288
3 1387 5146 1287
3 4489 1287 3844
3 5101 3844 1287
3 5146 5801 1287
3 1288 1290 1400
3 4438 1290 1288
3 1387 1288 1396
3 1288 1400 1396
3 1289 1401 1291
3 1289 1291 3802
3 1354 1397 1289
3 6114 1354 1289
3 1289 1397 1401
3 3802 6114 1289
3 1290 1292 1404
3 1290 1404 1400
3 1291 1405 1293
3 1291 1401 1405
3 5214 3802 1291
3 1292 1294 1408
3 1292 1408 1404
3 1293 1409 1295
3 1293 1405 1409
3 1294 1296 1408
3 1295 1413 1297
3 1409 1413 1295
3 1296 1298 1414
3 1296 1412 1408
3 1296 1414 1412
3 1297 1415 1299
3 1297 1413 1415
3 1298 1300 1416
3 1298 1416 1414
3 1299 1417 1301
3 1299 1415 1417
3 1300 1302 1418
3 1300 1418 1416
3 1301 1418 1302
3 1301 1417 1418
3 1303 1480 1304
3 1355 1479 1303
3 1303 1479 1480
3 1304 1483 1357
3 1304 1480 1483
3 1449 1311 1307
3 1307 1365 1447
3 1307 1447 1449
3 1448 1366 1310
3 1367 1448 1310
3 1449 1368 1311
3 1452 1324 1318
3 1452 1318 1368
3 1323 1328 1370
3 1369 1323 1370
3 1372 1324 1454
3 1324 1452 1454
3 1328 1330 1371
3 1328 1371 1370
3 1373 1331 1329
3 1329 1372 1373
3 1330 1333 1374
3 1330 1374 1371
3 1375 1339 1331
3 1331 1373 1375
3 1338 1376 1333
3 1333 1376 1374
3 1338 1377 1376
3 1377 1338 1380
3 1339 1378 1348
3 1378 1339 1375
3 1348 1379 1350
3 1348 1378 1379
3 1349 1351 1382
3 1465 1380 1349
3 1349 1382 1465
3 1350 1379 6127
3 1381 5457 1350
3 1381 1350 6127
3 1383 1352 1381
3 1381 1352 5457
3 1352 6321 4465
3 4432 1353 1385
3 1353 5146 1385
3 4432 6763 1353
3 1353 5801 5146
3 1557 1354 1386
3 1354 5511 1386
3 1557 1397 1354
3 1482 1355 1356
3 1355 1481 1479
3 1355 1482 1481
3 1356 1358 1484
3 1356 1484 1482
3 1485 1359 1357
3 1357 1483 1485
3 1358 1360 1486
3 1484 1358 1486
3 1361 1359 1488
3 1487 1359 1485
3 1488 1359 1487
3 1360 1362 1489
3 1360 1489 1486
3 1491 1363 1361
3 1491 1361 1488
3 1362 1364 1490
3 1362 1490 1489
3 1363 1491 1365
3 1366 1492 1364
3 1364 1492 1490
3 1447 1365 1493
3 1493 1365 1491
3 1366 1448 1495
3 1366 1495 1492
3 1369 1450 1367
3 1450 1448 1367
3 1500 1368 1449
3 1505 1452 1368
3 1500 1505 1368
3 1451 1369 1370
3 1451 1450 1369
3 1370 1371 1453
3 1451 1370 1453
3 1371 1374 1455
3 1371 1455 1453
3 1373 1372 1456
3 1372 1454 1456
3 1375 1373 1457
3 1373 1456 1457
3 1374 1376 1458
3 1374 1458 1455
3 1378 1375 1459
3 1375 1457 1459
3 1377 1460 1376
3 1376 1460 1458
3 1377 1380 1461
3 1377 1461 1460
3 1379 1378 1462
3 1459 1462 1378
3 1379 1462 1463
3 1379 1463 1466
3 6127 1379 1466
3 1464 1461 1380
3 1380 1465 1464
3 1383 1381 1467
3 1381 1466 1467
3 1381 6127 1466
3 1382 1384 1468
3 1384 1382 4585
3 1382 1468 1465
3 1383 1467 6678
3 6678 6042 1383
3 1468 1384 6412
3 1469 1384 5826
3 1469 6412 1384
3 1384 4585 4526
3 4526 5826 1384
3 1556 1385 1387
3 5146 1387 1385
3 1554 1470 1385
3 1470 4432 1385
3 1554 1385 1556
3 1557 1386 4762
3 6042 4762 1386
3 1387 1396 1556
3 1396 1400 1560
3 1396 1558 1556
3 1558 1396 1560
3 1401 1397 1561
3 1557 1559 1397
3 1397 1559 1561
3 1404 1560 1400
3 1405 1401 1561
3 1404 1408 1471
3 1404 1471 1562
3 1404 1562 1560
3 1405 1563 1409
3 1405 1561 1563
3 1408 1412 1472
3 1408 1472 1471
3 1473 1413 1409
3 1473 1409 1565
3 1409 1563 1565
3 1412 1414 1474
3 1412 1474 1472
3 1413 1475 1415
3 1413 1473 1475
3 1414 1416 1474
3 1415 1477 1417
3 1415 1475 1477
3 1416 1418 1476
3 1416 1476 1474
3 1417 1478 1418
3 1417 1477 1478
3 1476 1418 1478
3 1447 1500 1449
3 1447 1493 1579
3 1447 1581 1500
3 1447 1579 1581
3 1448 1450 1499
3 1495 1448 1499
3 1451 1504 1450
3 1450 1584 1499
3 1504 1584 1450
3 1451 1453 1514
3 1451 1514 1504
3 1454 1452 1509
3 1505 1509 1452
3 1453 1455 1514
3 1454 1515 1456
3 1454 1509 1515
3 1458 1523 1455
3 1455 1520 1514
3 1455 1523 1520
3 1456 1521 1457
3 1456 1515 1521
3 1457 1524 1459
3 1457 1521 1524
3 1458 1460 1523
3 1459 1529 1462
3 1459 1524 1529
3 1531 1460 1461
3 1523 1460 1531
3 1464 1534 1461
3 1531 1461 1534
3 1463 1462 1535
3 1462 1529 1535
3 1463 1538 1466
3 1463 1535 1538
3 1465 1541 1464
3 1464 1541 1534
3 1465 1468 1547
3 1465 1547 1541
3 1467 1466 1548
3 1548 1466 1538
3 1551 1467 1548
3 6678 1467 1551
3 1547 1468 1552
3 1552 1468 6412
3 1469 1470 4572
3 1470 1469 5826
3 4613 1469 4572
3 1469 4613 6412
3 1554 4572 1470
3 4526 4432 1470
3 4526 1470 5826
3 1564 1471 1472
3 1471 1564 1562
3 1474 1568 1472
3 1564 1472 1566
3 1472 1568 1566
3 1473 1567 1475
3 1473 1565 1567
3 1474 1476 1570
3 1474 1570 1568
3 1475 1569 1477
3 1475 1567 1569
3 1478 1572 1476
3 1476 1572 1570
3 1477 1571 1478
3 1477 1569 1571
3 1478 1571 1572
3 1479 1642 1480
3 1479 1481 1643
3 1479 1643 1642
3 1483 1480 1644
3 1480 1642 1644
3 1481 1482 1643
3 1482 1484 1646
3 1482 1646 1643
3 1483 1649 1485
3 1483 1644 1649
3 1484 1486 1652
3 1484 1652 1646
3 1655 1487 1485
3 1655 1485 1649
3 1486 1489 1661
3 1486 1661 1652
3 1662 1488 1487
3 1655 1662 1487
3 1488 1666 1491
3 1662 1666 1488
3 1576 1489 1490
3 1489 1576 1665
3 1489 1665 1661
3 1578 1490 1492
3 1578 1576 1490
3 1491 1577 1493
3 1491 1666 1577
3 1492 1495 1580
3 1492 1580 1578
3 1493 1577 1579
3 1580 1495 1499
3 1499 1582 1580
3 1584 1582 1499
3 1585 1505 1500
3 1583 1500 1581
3 1500 1583 1585
3 1504 1514 1586
3 1584 1504 1586
3 1509 1505 1587
3 1587 1505 1585
3 1509 1587 1515
3 1514 1520 1588
3 1514 1588 1586
3 1521 1515 1591
3 1587 1589 1515
3 1591 1515 1589
3 1523 1590 1520
3 1520 1590 1588
3 1521 1591 1524
3 1592 1523 1531
3 1523 1592 1590
3 1524 1593 1529
3 1593 1524 1591
3 1535 1529 1594
3 1593 1594 1529
3 1531 1534 1595
3 1531 1595 1592
3 1534 1541 1596
3 1534 1596 1595
3 1597 1538 1535
3 1535 1594 1597
3 1598 1548 1538
3 1598 1538 1597
3 1541 1547 1599
3 1541 1599 1596
3 1547 1552 1600
3 1600 1599 1547
3 1551 1548 1697
3 1548 1598 1690
3 1548 1690 1697
3 1551 1697 1602
3 6678 1551 1602
3 1696 1600 1552
3 1696 1552 1698
3 1552 6412 1698
3 5159 1553 1602
3 1553 6678 1602
3 1553 5159 1614
3 1553 1614 6560
3 6042 1553 6560
3 1553 6042 6678
3 1620 1554 1556
3 1613 1554 4003
3 1613 4572 1554
3 4003 1554 1620
3 1555 1621 1557
3 1555 1557 4762
3 1614 4251 1555
3 1555 6560 1614
3 4251 1621 1555
3 4762 6560 1555
3 1556 1558 1620
3 1557 1621 1559
3 1625 1558 1560
3 1558 1625 1620
3 1559 1626 1561
3 1559 1621 1626
3 1634 1560 1562
3 1560 1631 1625
3 1634 1631 1560
3 1635 1563 1561
3 1561 1626 1632
3 1635 1561 1632
3 1562 1564 1639
3 1562 1639 1634
3 1563 1640 1565
3 1563 1635 1640
3 1564 1566 1647
3 1564 1647 1639
3 1565 1648 1567
3 1565 1640 1648
3 1566 1568 1647
3 1567 1648 1569
3 1568 1570 1653
3 1568 1653 1647
3 1569 1654 1571
3 1569 1648 1654
3 1570 1572 1658
3 1570 1658 1653
3 1571 1659 1572
3 1571 1654 1659
3 1572 1660 1658
3 1572 1659 1660
3 1576 1578 1713
3 1576 1707 1665
3 1713 1707 1576
3 1577 1708 1579
3 1577 1666 1708
3 1578 1580 1674
3 1578 1674 1713
3 1579 1714 1581
3 1579 1708 1714
3 1580 1582 1674
3 1581 1675 1583
3 1581 1719 1675
3 1581 1714 1719
3 1582 1584 1676
3 1674 1582 1721
3 1582 1676 1721
3 1583 1675 1585
3 1584 1586 1678
3 1584 1678 1676
3 1677 1587 1585
3 1585 1675 1677
3 1586 1588 1678
3 1731 1589 1587
3 1725 1587 1677
3 1725 1731 1587
3 1588 1590 1679
3 1588 1679 1678
3 1589 1681 1591
3 1589 1734 1681
3 1731 1734 1589
3 1590 1592 1680
3 1590 1680 1679
3 1591 1683 1593
3 1591 1681 1683
3 1592 1595 1682
3 1592 1682 1680
3 1593 1683 1594
3 1597 1594 1686
3 1594 1683 1686
3 1596 1685 1595
3 1595 1685 1682
3 1596 1599 1687
3 1596 1687 1685
3 1598 1597 1688
3 1597 1686 1688
3 1690 1598 1688
3 1600 1689 1599
3 1599 1689 1687
3 1600 1693 1689
3 1600 1696 1693
3 1602 1697 6365
3 6365 5159 1602
3 1701 1613 4003
3 1701 4212 1613
3 1613 4212 5780
3 4613 4572 1613
3 1613 5780 4613
3 1614 1700 1702
3 1700 1614 5159
3 1614 1702 4251
3 1779 1620 1625
3 1779 1701 1620
3 4003 1620 1701
3 1626 1621 1780
3 1621 1702 1780
3 4251 1702 1621
3 1625 1631 1785
3 1625 1785 1779
3 1626 1786 1632
3 1626 1780 1786
3 1789 1631 1634
3 1631 1789 1785
3 1632 1790 1635
3 1632 1786 1790
3 1634 1639 1703
3 1634 1703 1792
3 1634 1792 1789
3 1635 1793 1640
3 1635 1790 1793
3 1639 1647 1703
3 1640 1706 1648
3 1640 1795 1706
3 1640 1793 1795
3 1643 1776 1642
3 1642 1777 1644
3 1642 1776 1777
3 1643 1646 1778
3 1643 1778 1776
3 1644 1781 1649
3 1644 1777 1781
3 1646 1652 1782
3 1646 1782 1778
3 1647 1653 1705
3 1647 1705 1703
3 1648 1710 1654
3 1710 1648 1706
3 1784 1655 1649
3 1649 1781 1784
3 1652 1661 1783
3 1652 1783 1782
3 1653 1658 1709
3 1653 1709 1705
3 1710 1659 1654
3 1662 1655 1788
3 1784 1788 1655
3 1658 1660 1711
3 1658 1711 1709
3 1659 1712 1660
3 1710 1712 1659
3 1660 1716 1711
3 1660 1712 1716
3 1661 1665 1704
3 1661 1704 1787
3 1661 1787 1783
3 1666 1662 1791
3 1662 1788 1791
3 1665 1707 1704
3 1666 1791 1708
3 1674 1805 1713
3 1674 1721 1805
3 1675 1725 1677
3 1722 1675 1719
3 1725 1675 1722
3 1676 1678 1728
3 1676 1813 1721
3 1676 1728 1813
3 1678 1679 1728
3 1679 1680 1733
3 1679 1733 1728
3 1680 1682 1739
3 1680 1739 1733
3 1681 1740 1683
3 1734 1740 1681
3 1682 1685 1745
3 1682 1745 1739
3 1683 1746 1686
3 1740 1746 1683
3 1687 1748 1685
3 1685 1748 1745
3 1686 1749 1688
3 1686 1746 1749
3 1687 1689 1752
3 1687 1752 1748
3 1688 1753 1690
3 1749 1753 1688
3 1689 1693 1752
3 1757 1697 1690
3 1690 1753 1757
3 1760 1693 1696
3 1752 1693 1756
3 1693 1834 1756
3 1693 1760 1834
3 1698 1760 1696
3 1697 1761 1699
3 6365 1697 1699
3 1697 1757 1761
3 1766 1760 1698
3 5780 1766 1698
3 5780 1698 4613
3 4613 1698 6412
3 3731 1700 1699
3 1700 6365 1699
3 1761 3731 1699
3 1700 5369 1702
3 1700 3731 6630
3 1700 5159 6365
3 1700 6630 5369
3 1775 1701 4141
3 1701 1775 4212
3 1701 1779 4141
3 1780 1702 1847
3 5369 1847 1702
3 1703 1705 1799
3 1703 1794 1792
3 1703 1799 1794
3 1704 1707 1861
3 1704 1858 1787
3 1704 1861 1858
3 1705 1709 1801
3 1801 1799 1705
3 1706 1802 1710
3 1706 1795 1802
3 1707 1713 1798
3 1707 1798 1861
3 1708 1862 1714
3 1708 1791 1862
3 1709 1711 1806
3 1709 1806 1801
3 1710 1807 1712
3 1710 1802 1807
3 1711 1716 1808
3 1711 1808 1806
3 1712 1809 1716
3 1809 1712 1807
3 1713 1805 1798
3 1714 1865 1719
3 1714 1862 1863
3 1714 1863 1865
3 1716 1810 1808
3 1810 1716 1809
3 1722 1719 1865
3 1721 1869 1805
3 1721 1813 1869
3 1725 1722 1814
3 1722 1870 1814
3 1722 1865 1870
3 1814 1731 1725
3 1728 1733 1817
3 1728 1817 1813
3 1731 1878 1734
3 1814 1878 1731
3 1733 1739 1820
3 1733 1820 1817
3 1734 1821 1740
3 1878 1821 1734
3 1745 1822 1739
3 1820 1739 1822
3 1740 1823 1746
3 1821 1823 1740
3 1824 1745 1748
3 1824 1822 1745
3 1746 1825 1749
3 1823 1825 1746
3 1826 1748 1752
3 1748 1826 1824
3 1749 1827 1753
3 1827 1749 1825
3 1756 1828 1752
3 1826 1752 1828
3 1753 1829 1757
3 1829 1753 1827
3 1756 1834 1828
3 1757 1830 1761
3 1757 1829 1830
3 1836 1760 1766
3 1836 1834 1760
3 1761 1830 1837
3 1761 1837 3731
3 1774 1839 1766
3 1774 1766 5780
3 1836 1766 1839
3 4212 1775 1774
3 1775 5940 1774
3 1774 5940 1839
3 4212 1774 5780
3 1775 1846 1914
3 1775 4141 1846
3 1914 1907 1775
3 1775 1907 5940
3 1776 1911 1777
3 1912 1776 1778
3 1776 1910 1911
3 1912 1910 1776
3 1777 1913 1781
3 1777 1911 1913
3 1915 1778 1782
3 1778 1915 1912
3 5524 1779 1785
3 4141 1779 4985
3 4985 1779 5524
3 1786 1780 1924
3 1780 1847 1924
3 1917 1784 1781
3 1917 1781 1913
3 1782 1783 1918
3 1782 1918 1915
3 1783 1787 1920
3 1783 1920 1918
3 1784 1921 1788
3 1917 1921 1784
3 1785 1789 1926
3 1785 1926 5524
3 1786 1927 1790
3 1786 1924 1927
3 1787 1858 1920
3 1788 1925 1791
3 1788 1921 1923
3 1788 1923 1925
3 1789 1792 2001
3 1789 2001 1926
3 1790 2002 1793
3 1790 1927 2002
3 1791 1925 1862
3 1792 1794 2007
3 1792 2007 2001
3 1795 1793 2013
3 1793 2002 2008
3 1793 2008 2013
3 1794 1799 2012
3 1794 2012 2007
3 1795 2020 1802
3 1795 2013 2020
3 1798 1805 1932
3 1798 1929 1861
3 1798 1932 1929
3 1799 1801 2019
3 1799 2019 2012
3 2024 1801 1806
3 1801 2024 2019
3 1802 2025 1807
3 1802 2020 2025
3 1932 1805 1869
3 1806 1808 2030
3 1806 2030 2024
3 1807 2031 1809
3 2025 4286 1807
3 1807 4286 2031
3 3877 1808 1810
3 1808 2033 2030
3 3877 2033 1808
3 1809 4062 1810
3 1809 2031 4062
3 3877 1810 4062
3 1817 1874 1813
3 1813 1872 1869
3 1813 1874 1872
3 1814 1870 1940
3 1814 1940 1878
3 1874 1817 1820
3 1880 1820 1822
3 1820 1880 1874
3 1883 1823 1821
3 1821 1878 1881
3 1883 1821 1881
3 1824 1882 1822
3 1822 1882 1880
3 1825 1823 1883
3 1884 1824 1826
3 1884 1882 1824
3 1885 1827 1825
3 1885 1825 1883
3 1886 1826 1828
3 1826 1886 1884
3 1887 1829 1827
3 1887 1827 1885
3 1834 1889 1828
3 1828 1889 1886
3 1890 1830 1829
3 1890 1829 1887
3 1830 1894 1837
3 1890 1894 1830
3 1834 1836 1893
3 1834 1893 1889
3 1897 1836 1839
3 1836 1897 1893
3 1837 1894 1898
3 1837 1898 1902
3 1837 1902 3731
3 1839 1901 1897
3 1839 1907 1901
3 5940 1907 1839
3 1845 1989 1847
3 5369 1845 1847
3 1989 1845 1984
3 1984 1845 4694
3 1845 6630 4694
3 1845 5369 6630
3 1914 1846 1988
3 1988 1846 1922
3 4985 1922 1846
3 4141 4985 1846
3 1847 1989 1924
3 1858 1861 1993
3 1920 1858 2075
3 1858 1993 2086
3 1858 2086 2075
3 1861 1929 1993
3 1994 1863 1862
3 1994 1862 1925
3 1863 1933 1865
3 1999 1933 1863
3 1999 1863 1994
3 1938 1870 1865
3 1938 1865 1933
3 1869 1872 2011
3 1869 2011 1932
3 1940 1870 1938
3 1941 1872 1874
3 1872 1941 2017
3 1872 2017 2011
3 1874 1880 1941
3 1878 1943 1881
3 1940 1943 1878
3 1944 1880 1882
3 1941 1880 1944
3 1948 1883 1881
3 1881 1943 2029
3 1881 2039 1948
3 1881 2029 2035
3 1881 2035 2039
3 1947 1882 1884
3 1882 1947 1944
3 1885 1883 1948
3 1953 1884 1886
3 1884 1953 1947
3 1885 1954 1887
3 1954 1885 1948
3 1960 1886 1889
3 1886 1960 1953
3 1961 1890 1887
3 1887 1954 1961
3 1893 1965 1889
3 1889 1965 1960
3 1966 1894 1890
3 1961 1966 1890
3 1893 1897 1967
3 1893 1967 1965
3 1894 1968 1898
3 1894 1966 1968
3 1897 1901 1971
3 1897 1971 1967
3 1898 1972 1902
3 1898 1968 1972
3 1901 1907 1975
3 1901 1975 1971
3 1972 1976 1902
3 5860 1902 1976
3 3731 1902 6630
3 4694 1902 5860
3 1902 4694 6630
3 1907 1914 6414
3 1907 5175 1975
3 1907 6414 5175
3 1910 2065 1911
3 1910 1912 2066
3 1910 2066 2065
3 1911 2068 1913
3 1911 2065 2068
3 1912 1915 2067
3 1912 2067 2066
3 2068 1917 1913
3 1914 1988 6168
3 1914 6168 6414
3 1915 1918 2069
3 1915 2069 2067
3 1917 2074 1921
3 2068 2070 1917
3 1917 2070 2074
3 1918 1920 2073
3 1918 2073 2069
3 2073 1920 2075
3 1921 2080 1923
3 1921 2074 2076
3 1921 2076 2080
3 2090 1922 1926
3 5524 1926 1922
3 1922 2090 1988
3 4985 5524 1922
3 1923 2087 1925
3 1923 2080 2087
3 1924 2092 1927
3 1924 1989 2083
3 1924 2083 2092
3 1994 1925 2087
3 1926 2001 1997
3 1926 1997 2090
3 1927 2092 2002
3 1929 1932 2004
3 1929 2179 1993
3 1929 2004 2179
3 1932 2011 2004
3 1933 2096 1938
3 1933 1999 2096
3 1938 2018 1940
3 1938 2100 2018
3 1938 2096 2100
3 1940 2029 1943
3 1940 2018 2029
3 2026 1941 1944
3 1941 2026 2017
3 2034 1944 1947
3 1944 2034 2026
3 2040 1947 1953
3 2122 2034 1947
3 2122 1947 2040
3 2039 1954 1948
3 2040 1953 1960
3 2041 1961 1954
3 2041 1954 2039
3 2044 1960 1965
3 1960 2044 2040
3 1966 1961 2045
3 2045 1961 2041
3 2048 1965 1967
3 1965 2048 2044
3 1966 3758 1968
3 1966 2045 2049
3 1966 2049 3758
3 2051 1967 1971
3 1967 2051 2048
3 1968 3758 1972
3 2056 1971 1975
3 1971 2056 2051
3 1972 2057 1976
3 2057 1972 3758
3 1975 2027 2102
3 5175 2027 1975
3 1975 2102 2056
3 1976 2103 1979
3 5860 1976 1979
3 1976 2057 2103
3 1979 2062 1984
3 4694 1979 1984
3 2103 2062 1979
3 4694 5860 1979
3 1983 1988 2078
3 6168 1988 1983
3 1983 2112 2027
3 6168 1983 2027
3 1983 2078 2112
3 1984 2079 1989
3 1984 2062 2113
3 1984 2113 2079
3 2078 1988 2090
3 1989 2079 2083
3 1993 2295 2086
3 1993 2179 2295
3 1994 2180 1999
3 1994 2087 2296
3 1994 2296 2180
3 1997 2001 2094
3 1997 2177 2090
3 1997 2094 2182
3 1997 2182 2177
3 1999 2180 2096
3 2001 2007 2094
3 2002 2095 2008
3 2002 2092 2183
3 2002 2183 2095
3 2004 2011 5278
3 2004 2421 2179
3 2004 5278 2421
3 2007 2012 2192
3 2007 2192 2094
3 2008 2193 2013
3 2008 2095 2193
3 2194 2011 2017
3 2011 2194 5278
3 2012 2019 2198
3 2012 2198 2192
3 2013 2199 2020
3 2013 2193 2199
3 2194 2017 2026
3 2018 2108 2029
3 2104 2018 2100
3 2108 2018 2104
3 2019 2024 2206
3 2019 2206 2198
3 2207 2025 2020
3 2020 2199 2207
3 4840 2024 2030
3 2024 3979 2206
3 3979 2024 4840
3 2025 2207 2213
3 2025 2213 4286
3 2107 2026 2034
3 2026 2107 2205
3 2026 2205 2194
3 2027 2157 2102
3 2027 2112 2157
3 5175 6414 2027
3 6414 6168 2027
3 2029 2108 2035
3 2030 2033 2217
3 2030 2217 2212
3 2212 4840 2030
3 2220 2031 2218
3 4286 2218 2031
3 2224 2031 2220
3 4062 2031 2224
3 2033 2222 2217
3 2033 2223 2222
3 2223 2033 3877
3 2122 2107 2034
3 2035 2123 2039
3 2035 2108 4734
3 2035 4734 2123
3 2039 2134 2041
3 2134 2039 2123
3 2133 2040 2044
3 2040 2133 2122
3 2134 2045 2041
3 2137 2044 2048
3 2044 2137 2133
3 2138 2049 2045
3 2138 2045 2134
3 2142 2048 2051
3 2048 2142 2137
3 2138 2143 2049
3 3758 2049 2143
3 2056 2147 2051
3 2147 2142 2051
3 2102 2196 2056
3 2147 2056 2196
3 2152 2103 2057
3 2152 2057 3758
3 2062 2103 2158
3 2113 2062 2158
3 2065 2066 2265
3 2065 2270 2068
3 2065 2265 2264
3 2065 2264 2270
3 2066 2067 2269
3 2066 2269 2265
3 2067 2069 2272
3 2067 2272 2269
3 2068 2271 2070
3 2068 2270 2271
3 2069 2073 2272
3 2070 2277 2074
3 2070 2271 2277
3 2073 2075 2276
3 2073 2276 2272
3 2279 2076 2074
3 2074 2277 2279
3 2075 2086 2286
3 2075 2286 2276
3 2076 2287 2080
3 2279 2287 2076
3 2078 2090 2167
3 2078 2120 2112
3 2078 2167 2120
3 2079 2121 2083
3 2079 2113 2121
3 2080 2291 2087
3 2080 2287 2291
3 2083 2171 2092
3 2083 2121 2168
3 2083 2168 2171
3 2086 2407 2286
3 2086 2295 2407
3 2291 2296 2087
3 2167 2090 2177
3 2092 2171 2183
3 2094 2243 2182
3 2243 2094 2192
3 2095 2183 2304
3 2095 2304 2193
3 2096 2308 2100
3 2096 2180 2422
3 2096 2422 2308
3 2100 2308 2104
3 2200 2102 2157
3 2200 2196 2102
3 2201 2103 2152
3 2103 2201 2158
3 2104 2208 2108
3 2208 2104 2436
3 2104 2308 2436
3 2107 2122 2320
3 2107 2320 2205
3 2214 2108 2208
3 2108 2214 4734
3 2112 2120 2215
3 2112 2215 2157
3 2113 2216 2121
3 2113 2158 2216
3 3785 2120 2167
3 2120 3785 2215
3 2121 2225 2168
3 2121 2216 2225
3 2133 2230 2122
3 2230 2341 2122
3 2122 2341 2320
3 2231 2134 2123
3 2214 2342 2123
3 4734 2214 2123
3 2123 2342 2231
3 2234 2133 2137
3 2133 2234 2230
3 2138 2134 2235
3 2134 2231 2235
3 2234 2137 2142
3 2138 2235 2143
3 2239 2142 2147
3 2142 2239 2234
3 2143 2240 2148
3 2148 3758 2143
3 2240 2143 2235
3 2147 2196 2241
3 2239 2147 2241
3 2148 2242 2152
3 2152 3758 2148
3 2242 2148 2240
3 2201 2152 2197
3 2152 2242 2197
3 2157 2262 2200
3 2262 2157 2215
3 2158 2201 2263
3 2158 2263 2216
3 2228 2167 2177
3 2167 2228 3785
3 2168 2229 2171
3 2168 2225 2229
3 2171 2294 2183
3 2171 2229 2294
3 2177 2182 2237
3 2177 2237 2228
3 2179 2415 2295
3 2179 2421 2415
3 2296 2416 2180
3 2180 2416 2422
3 2182 2243 2237
3 2183 2294 2301
3 2183 2301 2304
3 2192 2198 2311
3 2192 2311 2243
3 2193 2312 2199
3 2193 2304 2312
3 2429 2194 2205
3 2429 5278 2194
3 2200 2307 2196
3 2196 2307 2241
3 2315 2201 2197
3 2306 2197 2242
3 2197 2306 2387
3 2315 2197 2387
3 2316 2198 2206
3 2198 2316 2311
3 2199 2317 2207
3 2312 2317 2199
3 2262 2314 2200
3 2200 2314 2307
3 2201 2315 2263
3 2577 2205 2320
3 2577 2429 2205
3 2318 2316 2206
3 2206 2321 2318
3 2206 3979 2321
3 2207 2322 2213
3 2207 2317 2319
3 2322 2207 2319
3 2208 2461 2214
3 2436 2587 2208
3 2208 2587 2461
3 2212 2217 2326
3 3979 2212 2321
3 2212 4772 2321
3 2212 2326 4772
3 3979 4840 2212
3 2213 2327 2218
3 4286 2213 2218
3 2213 2322 2327
3 2214 2461 2342
3 2215 2332 2262
3 2215 3785 2332
3 2216 2333 2225
3 2216 2263 2333
3 2335 2217 2222
3 2217 2335 2326
3 2334 2220 2218
3 2218 2327 2334
3 2224 2220 2337
3 2220 2334 2337
3 2222 2223 2336
3 2222 2336 2335
3 2223 2224 2338
3 4062 2224 2223
3 2223 2338 2336
3 3877 4062 2223
3 2224 2337 2338
3 2225 2340 2229
3 2225 2333 2340
3 2228 2237 2350
3 2228 2346 2339
3 3785 2228 2339
3 2228 2350 2346
3 2229 2347 2294
3 2229 2340 2347
3 2356 2230 2234
3 4134 2341 2230
3 2356 4134 2230
3 2231 2357 2235
3 2231 2342 2482
3 2231 2482 2357
3 2356 2234 2239
3 2235 2357 2240
3 3788 2237 2243
3 2237 2358 2350
3 2358 2237 3788
3 2367 2239 2241
3 2367 2356 2239
3 2240 2306 2242
3 2240 2368 2306
3 2368 2240 2357
3 2379 2241 2307
3 2241 2379 2367
3 2243 2311 2381
3 3788 2243 2381
3 2262 2395 2314
3 2332 2395 2262
3 2396 2263 2315
3 2396 2333 2263
3 2264 2265 2539
3 2264 2545 2270
3 2264 2539 2541
3 2541 2545 2264
3 2265 2269 2540
3 2265 2540 2539
3 2269 2272 2546
3 2269 2546 2540
3 2271 2270 2547
3 2547 2270 2545
3 2271 2551 2277
3 2271 2547 2551
3 2272 2276 2550
3 2272 2550 2546
3 2276 2286 2556
3 2276 2556 2550
3 2279 2277 2557
3 2277 2551 2557
3 2287 2279 2561
3 2561 2279 2557
3 2286 2407 2560
3 2286 2560 2556
3 2287 2563 2291
3 2563 2287 2561
3 2291 2411 2296
3 2291 2563 2411
3 2301 2294 2359
3 2351 2294 2347
3 2359 2294 2351
3 2410 2407 2295
3 2295 2415 2410
3 2416 2296 2411
3 2372 2304 2301
3 2301 2359 2372
3 2304 2382 2312
3 2372 2382 2304
3 2425 2306 2368
3 2306 2425 2387
3 2431 2307 2314
3 2307 2431 2379
3 2430 2308 2422
3 2436 2308 2430
3 2385 2311 2316
3 2311 2385 2381
3 2386 2317 2312
3 2312 2382 2386
3 2395 2442 2314
3 2314 2442 2431
3 2432 2315 2387
3 2315 2443 2396
3 2443 2315 2432
3 2316 2318 2388
3 2316 2388 2385
3 2317 2437 2319
3 2437 2317 2386
3 2318 2321 2392
3 2318 2392 2388
3 2319 2444 2322
3 2319 2437 2444
3 2320 2341 2455
3 2455 2577 2320
3 2321 2397 2392
3 2321 2400 2397
3 4772 2400 2321
3 2322 2451 2327
3 2322 2444 2451
3 2326 2335 2459
3 2400 2326 2459
3 4772 2326 2400
3 2334 2327 2460
3 2327 2451 2456
3 2327 2456 2460
3 2339 2457 2332
3 3785 2339 2332
3 2332 2453 2395
3 2332 2457 2453
3 2333 2458 2340
3 2454 2333 2396
3 2458 2333 2454
3 2334 2463 2337
3 2334 2460 2463
3 2335 2336 2462
3 2462 2459 2335
3 2336 2338 2466
3 2336 2466 2462
3 2467 2338 2337
3 2337 2463 4765
3 2337 4765 2467
3 2466 2338 2468
3 2338 2467 2468
3 2469 2339 2346
3 2339 2469 2457
3 2470 2347 2340
3 2470 2340 2458
3 2590 2455 2341
3 2590 2341 2481
3 2481 2341 4134
3 2342 2461 2473
3 2482 2342 2473
3 2477 2346 2350
3 2346 2477 2469
3 2347 2478 2351
3 2347 2470 2478
3 2350 2358 2483
3 2350 2483 2477
3 2351 2484 2359
3 2351 2478 2484
3 2367 2497 2356
3 2356 2489 2481
3 2356 2481 4134
3 2497 2489 2356
3 2604 2368 2357
3 2357 2482 2604
3 2358 2492 2483
3 2358 3788 2492
3 2359 2495 2372
3 2359 2484 2493
3 2493 2495 2359
3 2497 2367 2379
3 2368 2614 2425
3 2604 2614 2368
3 2372 2498 2382
3 2372 2495 2498
3 2379 2431 2618
3 2379 2618 2497
3 2500 2381 2385
3 2381 2500 3788
3 2382 2507 2386
3 2382 2498 2501
3 2382 2501 2507
3 2388 2506 2385
3 2506 2500 2385
3 2386 2507 2437
3 2432 2387 2425
3 2388 2392 2515
3 2388 2515 2506
3 2397 2517 2392
3 2392 2517 2515
3 2395 2453 2442
3 2454 2396 2443
3 2522 2397 2400
3 2397 2522 2517
3 2400 2459 2524
3 2400 2524 2522
3 2407 2410 2778
3 2407 2774 2560
3 2407 2778 2774
3 2410 2415 2665
3 2410 2665 2778
3 2411 2666 2416
3 2779 2411 2563
3 2411 2779 2666
3 2675 2415 2421
3 2415 2675 2665
3 2416 2676 2422
3 2416 2666 2676
3 2575 2421 2429
3 2429 2421 5278
3 2675 2421 2575
3 2422 2676 2430
3 2425 2619 2432
3 2425 2614 2619
3 2429 2577 2575
3 2430 2578 2436
3 2682 2578 2430
3 2430 2676 2682
3 2622 2431 2442
3 2618 2431 2622
3 2443 2432 2623
3 2623 2432 2619
3 2587 2436 2578
3 2437 2516 2444
3 2437 2507 2516
3 2626 2442 2453
3 2442 2626 2622
3 2443 2627 2454
3 2443 2623 2627
3 2444 2518 2451
3 2444 2516 2518
3 2451 2523 2456
3 2451 2518 2523
3 2632 2453 2457
3 2453 2632 2626
3 2454 2636 2458
3 2636 2454 2627
3 2586 2577 2455
3 2590 2586 2455
3 2525 2460 2456
3 2456 2523 2525
3 2635 2457 2469
3 2457 2635 2632
3 2458 2636 2470
3 2526 2459 2462
3 2524 2459 2526
3 2460 2527 2463
3 2527 2460 2525
3 2461 2709 2473
3 2704 2461 2587
3 2709 2461 2704
3 2462 2466 2534
3 2462 2529 2526
3 2462 2534 2529
3 2463 2527 2530
3 2463 2530 2535
3 2463 2535 4765
3 2466 2468 2536
3 2466 2536 2534
3 2467 2537 2468
3 2467 2535 2537
3 4765 2535 2467
3 2468 2538 2536
3 2468 2537 2538
3 2643 2469 2477
3 2469 2643 2635
3 2470 2638 2478
3 2636 2638 2470
3 2718 2482 2473
3 2718 2473 2709
3 2643 2477 2483
3 2478 2638 2484
3 2717 2481 2489
3 2590 2481 2708
3 2708 2481 2717
3 2718 2604 2482
3 2644 2483 2492
3 2483 2644 2643
3 2484 2645 2493
3 2645 2484 2638
3 2613 2489 2497
3 2717 2489 2613
3 2494 2644 2492
3 3788 2494 2492
3 2493 2645 2495
3 2650 2494 2500
3 3788 2500 2494
3 2650 2644 2494
3 2651 2498 2495
3 2495 2645 2651
3 2613 2497 2618
3 2501 2498 2657
3 2657 2498 2651
3 2656 2500 2506
3 2656 2650 2500
3 2501 2657 2507
3 2661 2506 2515
3 2656 2506 2661
3 2507 2662 2516
3 2662 2507 2657
3 2515 2517 2669
3 2515 2669 2661
3 2516 2670 2518
3 2516 2662 2670
3 2517 2522 2677
3 2517 2677 2669
3 2518 2678 2523
3 2518 2670 2678
3 2524 2679 2522
3 2522 2679 2677
3 2523 2680 2525
3 2523 2678 2680
3 2524 2526 2683
3 2524 2683 2679
3 2525 2684 2527
3 2680 2684 2525
3 2526 2529 2685
3 2526 2685 2683
3 2527 2686 2530
3 2686 2527 2684
3 2529 2534 2687
3 2529 2687 2685
3 2530 2688 2535
3 2530 2686 2688
3 2534 2536 2689
3 2689 2687 2534
3 2535 2690 2537
3 2690 2535 2688
3 2536 2538 2693
3 2536 2693 2689
3 2538 2537 2694
3 2694 2537 2690
3 2538 2695 2693
3 2695 2538 2694
3 2756 2539 2540
3 2539 2755 2541
3 2756 2755 2539
3 2546 2756 2540
3 2541 2757 2545
3 2541 2755 2879
3 2541 2879 2757
3 2545 2759 2547
3 2545 2757 2759
3 2546 2550 2758
3 2546 2758 2756
3 2547 2761 2551
3 2547 2759 2761
3 2550 2556 2762
3 2550 2762 2758
3 2551 2770 2557
3 2551 2761 2770
3 2769 2556 2560
3 2556 2769 2762
3 2561 2557 2771
3 2771 2557 2770
3 2769 2560 2774
3 2561 2775 2563
3 2775 2561 2771
3 2779 2563 2775
3 2697 2575 2577
3 2809 2675 2575
3 2697 2809 2575
3 2577 2586 2697
3 2578 2698 2587
3 2698 2578 2682
3 2701 2586 2590
3 2586 2701 2697
3 2704 2587 2698
3 2590 2708 2701
3 2723 2614 2604
3 2604 2718 2833
3 2833 2723 2604
3 2722 2613 2618
3 2717 2613 2722
3 2614 2723 2619
3 2728 2618 2622
3 2618 2728 2722
3 2619 2732 2623
3 2732 2619 2723
3 2626 2737 2622
3 2728 2622 2840
3 2840 2622 2737
3 2623 2732 2627
3 2632 2737 2626
3 2627 2738 2636
3 2738 2627 2732
3 2737 2632 2635
3 2743 2635 2643
3 2635 2743 2737
3 2744 2638 2636
3 2744 2636 2738
3 2638 2750 2645
3 2747 2638 2744
3 2750 2638 2747
3 2644 2749 2643
3 2643 2746 2743
3 2643 2749 2746
3 2752 2644 2650
3 2644 2752 2749
3 2645 2753 2651
3 2753 2645 2750
3 2650 2656 2752
3 2651 2753 2657
3 2661 2767 2656
3 2656 2767 2752
3 2657 2768 2662
3 2768 2657 2753
3 2661 2669 2772
3 2661 2772 2767
3 2662 2773 2670
3 2662 2768 2773
3 2796 2665 2675
3 2665 2892 2778
3 2892 2665 2796
3 2666 2897 2676
3 2893 2666 2779
3 2897 2666 2893
3 2780 2669 2677
3 2669 2780 2772
3 2670 2781 2678
3 2773 2781 2670
3 2675 2809 2796
3 2810 2682 2676
3 2676 2897 2810
3 2785 2677 2679
3 2677 2785 2780
3 2678 2786 2680
3 2678 2781 2786
3 2789 2679 2683
3 2679 2789 2785
3 2680 2790 2684
3 2790 2680 2786
3 2698 2682 2815
3 2815 2682 2810
3 2683 2685 2794
3 2789 2683 2794
3 2684 2795 2686
3 2684 2790 2795
3 2685 2687 2797
3 2685 2797 2794
3 2686 2798 2688
3 2686 2795 2798
3 2799 2687 2689
3 2797 2687 2799
3 2688 2800 2690
3 2688 2798 2800
3 2693 2801 2689
3 2689 2801 2799
3 2690 2802 2694
3 2802 2690 2800
3 2803 2693 2695
3 2693 2803 2801
3 2694 2804 2695
3 2804 2694 2802
3 2695 2805 2803
3 2805 2695 2804
3 2911 2697 2701
3 2697 2911 2809
3 2704 2698 2824
3 2698 2815 2822
3 2698 2822 2824
3 2915 2701 2708
3 2701 2915 2911
3 2704 2829 2709
3 2829 2704 2824
3 2828 2708 2717
3 2828 2915 2708
3 2709 2829 2718
3 2722 2832 2717
3 2832 2828 2717
3 2833 2718 2829
3 2924 2722 2728
3 2722 2924 2832
3 2723 2836 2732
3 2833 2836 2723
3 2840 2924 2728
3 2738 2732 2848
3 2841 2732 2836
3 2848 2732 2841
3 2847 2737 2743
3 2737 2847 2840
3 2738 2848 2744
3 2855 2743 2746
3 2743 2855 2847
3 2744 2856 2747
3 2856 2744 2848
3 2865 2746 2749
3 2746 2952 2855
3 2746 2865 2952
3 2747 2863 2750
3 2863 2747 2856
3 2865 2749 2752
3 2750 2866 2753
3 2866 2750 2863
3 2870 2752 2767
3 2752 2870 2865
3 2753 2871 2768
3 2871 2753 2866
3 2756 2973 2755
3 2755 2973 2879
3 2758 2977 2756
3 2756 2974 2973
3 2974 2756 2977
3 2757 2975 2759
3 2757 2879 2975
3 2758 2762 2981
3 2758 2981 2977
3 2759 2978 2761
3 2759 2975 2978
3 2761 2982 2770
3 2761 2978 2982
3 2762 2769 2986
3 2762 2986 2981
3 2876 2767 2772
3 2767 2876 2870
3 2768 2877 2773
3 2877 2768 2871
3 2998 2769 2774
3 2998 2986 2769
3 2771 2770 2989
3 2770 2982 2989
3 2771 2999 2775
3 2771 2989 2999
3 2881 2772 2780
3 2772 2881 2876
3 2781 2773 2882
3 2773 2877 2882
3 2774 2778 3003
3 2774 3003 2998
3 2779 2775 3004
3 3004 2775 2999
3 3003 2778 2892
3 3004 2893 2779
3 2785 2971 2780
3 2780 2971 2881
3 2781 2972 2786
3 2882 2972 2781
3 2979 2785 2789
3 2979 2971 2785
3 2790 2786 2980
3 2980 2786 2972
3 2794 2984 2789
3 2979 2789 2984
3 2790 2985 2795
3 2980 2985 2790
3 2797 2987 2794
3 2794 2987 2984
3 2795 2988 2798
3 2988 2795 2985
3 2902 2796 2809
3 2796 3008 2892
3 3010 2796 2902
3 2796 3010 3008
3 2799 2990 2797
3 2797 2990 2987
3 2798 2991 2800
3 2988 2991 2798
3 2801 2992 2799
3 2799 2992 2990
3 2800 2993 2802
3 2800 2991 2993
3 2801 2803 2996
3 2801 2996 2992
3 2802 2997 2804
3 2993 2997 2802
3 3001 2803 2805
3 2803 3001 2996
3 2804 3002 2805
3 3002 2804 2997
3 2805 3002 3001
3 2809 2911 2902
3 2810 2912 2815
3 3011 2810 2897
3 2912 2810 3011
3 2815 2912 2822
3 2916 2824 2822
3 2916 2822 2912
3 2824 2919 2829
3 2919 2824 2916
3 2832 2918 2828
3 2918 2915 2828
3 2829 2919 2833
3 2832 3037 2918
3 3037 2832 2924
3 2836 2833 2925
3 3038 2833 2919
3 2925 2833 3038
3 2836 2932 2841
3 2932 2836 2925
3 2938 2840 2847
3 2840 2938 2924
3 2841 2942 2848
3 2942 2841 2932
3 2941 2847 2855
3 2847 2941 2938
3 2848 2950 2856
3 2950 2848 2942
3 2855 2951 2941
3 2855 2952 2951
3 2856 2950 2863
3 2863 2953 2866
3 2953 2863 2950
3 2955 2865 2870
3 2955 2952 2865
3 2871 2866 2956
3 2956 2866 2953
3 2870 2876 2959
3 2870 2959 2955
3 2960 2877 2871
3 2960 2871 2956
3 2876 2881 2965
3 2876 2965 2959
3 2877 2966 2882
3 2877 2960 2966
3 2879 2973 3100
3 2879 3100 2975
3 2881 3084 2965
3 2881 2971 3084
3 2882 2966 3085
3 2882 3085 2972
3 3145 3003 2892
3 3145 2892 3008
3 2893 3116 2897
3 3146 2893 3004
3 3146 3116 2893
3 3011 2897 3118
3 3118 2897 3116
3 2902 2911 3018
3 2902 3018 3010
3 3022 2911 2915
3 2911 3022 3018
3 2912 3023 2916
3 3019 2912 3011
3 3023 2912 3019
3 2915 2918 3028
3 3028 3022 2915
3 2916 3029 2919
3 3023 3029 2916
3 3028 2918 3037
3 2919 3029 3038
3 2924 2938 3042
3 3042 3037 2924
3 2925 3043 2932
3 2925 3038 3043
3 2932 3052 2942
3 3052 2932 3043
3 3051 2938 2941
3 2938 3051 3042
3 3058 2941 2951
3 2941 3058 3051
3 2942 3052 2950
3 2950 3065 2953
3 3059 2950 3052
3 3065 2950 3059
3 2951 2952 3064
3 2951 3064 3058
3 2952 2955 3064
3 2953 3065 2956
3 3073 2955 2959
3 2955 3073 3064
3 2956 3074 2960
3 3074 2956 3065
3 3078 2959 2965
3 3073 2959 3078
3 2960 3079 2966
3 3079 2960 3074
3 2965 3125 3078
3 3125 2965 3084
3 3126 2966 3079
3 2966 3126 3085
3 3088 2971 2979
3 3088 3084 2971
3 2972 3089 2980
3 3089 2972 3085
3 2973 2974 3132
3 2973 3131 3100
3 2973 3132 3131
3 3134 2974 2977
3 3134 3132 2974
3 2975 3136 2978
3 3100 3133 2975
3 3136 2975 3133
3 3135 2977 2981
3 3134 2977 3135
3 2978 3138 2982
3 3138 2978 3136
3 2979 2984 3092
3 2979 3092 3088
3 2980 3093 2985
3 2980 3089 3093
3 2981 2986 3137
3 2981 3137 3135
3 2982 3140 2989
3 2982 3138 3140
3 3096 2984 2987
3 2984 3096 3092
3 3097 2988 2985
3 3097 2985 3093
3 2986 2998 3141
3 2986 3139 3137
3 3139 2986 3141
3 2990 3098 2987
3 2987 3098 3096
3 2991 2988 3099
3 3097 3099 2988
3 2989 3142 2999
3 2989 3140 3142
3 2992 3101 2990
3 2990 3101 3098
3 2991 3102 2993
3 3099 3102 2991
3 2992 2996 3105
3 2992 3105 3101
3 2993 3106 2997
3 3106 2993 3102
3 3001 3107 2996
3 2996 3107 3105
3 3002 2997 3109
3 3108 2997 3106
3 2997 3108 3109
3 2998 3003 3143
3 2998 3143 3141
3 2999 3144 3004
3 2999 3142 3144
3 3001 3002 3110
3 3001 3110 3107
3 3110 3002 3109
3 3003 3145 3143
3 3004 3144 3146
3 3117 3008 3010
3 3008 3117 3147
3 3147 3145 3008
3 3117 3010 3018
3 3118 3019 3011
3 3150 3018 3022
3 3018 3148 3117
3 3018 3150 3148
3 3019 3149 3023
3 3118 3149 3019
3 3022 3028 3150
3 3023 3151 3029
3 3151 3023 3149
3 3028 3037 3152
3 3028 3152 3150
3 3029 3153 3038
3 3151 3153 3029
3 3119 3037 3042
3 3037 3119 3154
3 3152 3037 3154
3 3043 3038 3120
3 3038 3153 3120
3 3119 3042 3051
3 3043 3120 3052
3 3121 3051 3058
3 3051 3121 3119
3 3052 3122 3059
3 3122 3052 3120
3 3123 3058 3064
3 3058 3158 3121
3 3158 3058 3123
3 3065 3059 3124
3 3059 3122 3159
3 3124 3059 3159
3 3064 3073 3123
3 3065 3124 3074
3 3073 3078 3161
3 3161 3123 3073
3 3162 3079 3074
3 3162 3074 3124
3 3163 3078 3125
3 3078 3163 3161
3 3079 3164 3126
3 3164 3079 3162
3 3084 3088 3127
3 3084 3127 3125
3 3085 3128 3089
3 3128 3085 3126
3 3092 3166 3088
3 3088 3166 3127
3 3089 3167 3093
3 3089 3128 3167
3 3168 3092 3096
3 3092 3168 3166
3 3093 3169 3097
3 3169 3093 3167
3 3098 3170 3096
3 3096 3170 3168
3 3097 3172 3099
3 3172 3097 3169
3 3171 3098 3101
3 3098 3171 3170
3 3099 3172 3102
3 3210 3100 3131
3 3100 3210 3133
3 3129 3101 3105
3 3173 3101 3129
3 3101 3173 3171
3 3102 3174 3106
3 3174 3102 3172
3 3129 3105 3107
3 3106 3175 3108
3 3175 3106 3174
3 3130 3107 3110
3 3107 3130 3129
3 3108 3175 3109
3 3110 3109 3176
3 3176 3109 3175
3 3110 3176 3130
3 3118 3116 3180
3 3178 3116 3146
3 3180 3116 3178
3 3147 3117 3179
3 3181 3117 3148
3 3117 3181 3179
3 3118 3182 3149
3 3182 3118 3180
3 3156 3119 3121
3 3119 3156 3154
3 3120 3157 3122
3 3155 3120 3153
3 3157 3120 3155
3 3158 3156 3121
3 3159 3122 3157
3 3123 3160 3158
3 3160 3123 3161
3 3159 3189 3124
3 3124 3189 3162
3 3125 3127 3193
3 3193 3163 3125
3 3128 3126 3194
3 3194 3126 3164
3 3195 3127 3166
3 3127 3195 3193
3 3167 3128 3196
3 3194 3196 3128
3 3205 3129 3130
3 3129 3203 3173
3 3129 3205 3203
3 3205 3130 3176
3 3209 3131 3132
3 3131 3209 3208
3 3131 3208 3210
3 3209 3132 3134
3 3211 3136 3133
3 3210 3211 3133
3 3135 3212 3134
3 3134 3212 3209
3 3137 3213 3135
3 3213 3212 3135
3 3214 3138 3136
3 3214 3136 3211
3 3137 3139 3215
3 3213 3137 3215
3 3138 3217 3140
3 3217 3138 3214
3 3139 3141 3216
3 3215 3139 3216
3 3142 3140 3218
3 3218 3140 3217
3 3219 3141 3143
3 3216 3141 3219
3 3142 3220 3144
3 3142 3218 3220
3 3143 3145 3221
3 3221 3219 3143
3 3144 3222 3146
3 3222 3144 3220
3 3145 3147 3223
3 3145 3223 3221
3 3146 3222 3178
3 3147 3179 3223
3 3181 3148 3150
3 3228 3151 3149
3 3182 3228 3149
3 3152 3229 3150
3 3227 3181 3150
3 3150 3229 3227
3 3153 3151 3230
3 3230 3151 3228
3 3154 3183 3152
3 3231 3152 3183
3 3231 3229 3152
3 3153 3232 3155
3 3232 3153 3230
3 3156 3183 3154
3 3155 3185 3157
3 3155 3232 3185
3 3184 3156 3158
3 3156 3184 3183
3 3159 3157 3185
3 3158 3160 3186
3 3158 3186 3184
3 3159 3185 3187
3 3159 3187 3189
3 3188 3160 3161
3 3188 3186 3160
3 3163 3238 3161
3 3161 3238 3188
3 3162 3190 3164
3 3190 3162 3189
3 3191 3163 3193
3 3163 3191 3238
3 3192 3164 3190
3 3164 3192 3194
3 3165 3325 4509
3 3165 6732 3325
3 3165 3673 4786
3 6496 3673 3165
3 3165 4509 5089
3 3165 4786 6732
3 5089 6496 3165
3 3197 3166 3168
3 3166 3197 3195
3 3169 3167 3198
3 3167 3196 3198
3 3170 3200 3168
3 3168 3244 3197
3 3244 3168 3200
3 3169 3199 3172
3 3169 3198 3199
3 3200 3170 3171
3 3203 3171 3173
3 3171 3203 3200
3 3172 3202 3174
3 3201 3172 3199
3 3202 3172 3201
3 3174 3204 3175
3 3204 3174 3202
3 3207 3176 3175
3 3206 3175 3204
3 3175 3206 3207
3 3176 3207 3205
3 3814 3177 3325
3 4509 3325 3177
3 5095 3177 3814
3 4509 3177 5550
3 3177 5095 5118
3 5118 5550 3177
3 3180 3178 3224
3 3178 3222 3252
3 3224 3178 3252
3 3179 3181 3225
3 3223 3179 3253
3 3179 3225 3253
3 3182 3180 3226
3 3180 3224 3226
3 3181 3227 3225
3 3182 3226 3228
3 3233 3183 3184
3 3183 3233 3231
3 3233 3184 3186
3 3185 3234 3187
3 3234 3185 3232
3 3188 3236 3186
3 3235 3233 3186
3 3236 3235 3186
3 3187 3237 3189
3 3234 3261 3187
3 3187 3261 3237
3 3188 3238 3236
3 3189 3237 3190
3 3190 3239 3192
3 3239 3190 3237
3 3240 3191 3193
3 3191 3240 3238
3 3192 3241 3194
3 3239 3241 3192
3 3240 3193 3195
3 3194 3241 3196
3 3242 3195 3197
3 3195 3242 3240
3 3196 3243 3198
3 3243 3196 3241
3 3197 3268 3242
3 3268 3197 3244
3 3198 3245 3199
3 3269 3198 3243
3 3198 3269 3245
3 3199 3245 3201
3 3200 3203 3246
3 3200 3270 3244
3 3270 3200 3246
3 3201 3247 3202
3 3271 3201 3245
3 3201 3271 3247
3 3247 3204 3202
3 3248 3203 3205
3 3203 3248 3246
3 3204 3272 3206
3 3272 3204 3247
3 4118 3205 3207
3 3205 3249 3248
3 3249 3205 4118
3 3206 3273 3207
3 3273 3206 3272
3 3273 3250 3207
3 3207 3250 4118
3 3275 3208 3209
3 3210 3208 3251
3 3208 3274 3251
3 3208 3275 3274
3 3209 3212 3275
3 3210 3276 3211
3 3276 3210 3251
3 3211 3278 3214
3 3278 3211 3276
3 3213 3279 3212
3 3212 3277 3275
3 3212 3279 3277
3 3213 3215 3279
3 3214 3280 3217
3 3214 3278 3280
3 3281 3215 3216
3 3279 3215 3281
3 3219 5036 3216
3 3216 3282 3281
3 3216 5036 3282
3 3217 3283 3218
3 3280 3283 3217
3 3220 3218 3285
3 3285 3218 3283
3 3221 3284 3219
3 3219 3284 5036
3 3222 3220 3285
3 3221 3223 3286
3 3221 3286 3284
3 3252 3222 3287
3 3285 3287 3222
3 3223 3253 3286
3 3224 3254 3226
3 3252 3288 3224
3 3224 3288 3254
3 3225 3227 3255
3 3253 3225 3289
3 3225 3255 3289
3 3256 3228 3226
3 3226 3254 3256
3 3229 3255 3227
3 3291 3230 3228
3 3291 3228 3256
3 3231 3257 3229
3 3229 3290 3255
3 3290 3229 3257
3 3232 3230 3258
3 3291 3258 3230
3 3233 3259 3231
3 3259 3257 3231
3 3232 3260 3234
3 3260 3232 3258
3 3259 3233 3235
3 3261 3234 3260
3 3236 3262 3235
3 3235 3296 3259
3 3296 3235 3262
3 3262 3236 3238
3 3237 3263 3239
3 3263 3237 3261
3 3264 3238 3240
3 3238 3264 3262
3 3241 3239 3265
3 3263 3265 3239
3 3266 3240 3242
3 3240 3266 3264
3 3241 3267 3243
3 3241 3265 3267
3 3242 3268 3266
3 3243 3267 3269
3 3244 3270 3268
3 3271 3245 3269
3 4256 3246 3248
3 3246 3946 3270
3 3246 4256 3946
3 3247 3271 3272
3 4356 3248 3249
3 3248 4356 4256
3 3293 3249 4118
3 3249 3293 6468
3 3302 4356 3249
3 3249 6468 3302
3 3273 3292 3250
3 3250 3292 6701
3 6701 4118 3250
3 3308 3251 3274
3 3276 3251 3308
3 3252 3287 3288
3 3253 3314 3286
3 3253 3289 3314
3 3254 3318 3256
3 3254 3288 3315
3 3254 3315 3318
3 3289 3255 3317
3 3255 3290 3317
3 3256 3318 3291
3 3294 3257 3259
3 3257 3324 3290
3 3324 3257 3294
3 3260 3258 3295
3 3291 3321 3258
3 3321 3295 3258
3 3294 3259 3296
3 3261 3260 3295
3 3298 3263 3261
3 3295 3326 3261
3 3261 3326 3298
3 3297 3262 3264
3 3262 3297 3296
3 3263 3298 3265
3 3303 3264 3266
3 3264 3300 3297
3 3300 3264 3303
3 3265 3304 3267
3 3301 3265 3298
3 3304 3265 3301
3 3268 3303 3266
3 3267 3304 3269
3 3305 3268 3270
3 3305 3303 3268
3 3269 3306 3271
3 3306 3269 3304
3 3270 3946 3305
3 3271 3307 3272
3 3271 3306 3307
3 3272 3299 3273
3 3272 3327 3299
3 3709 3272 3307
3 3327 3272 3709
3 3273 6286 3292
3 3273 3299 6286
3 3274 3275 3341
3 3274 3340 3308
3 3274 3341 3340
3 3343 3275 3277
3 3275 3343 3341
3 3344 3278 3276
3 3342 3276 3308
3 3342 3344 3276
3 3345 3277 3279
3 3381 3343 3277
3 3381 3277 3345
3 3278 3346 3280
3 3278 3344 3346
3 3279 3281 3348
3 3279 3348 3345
3 3280 3310 3283
3 3280 3346 3310
3 3348 3281 3282
3 3284 3311 3282
3 3282 5036 3284
3 3282 3311 3348
3 3312 3285 3283
3 3312 3283 3310
3 3284 3286 3313
3 3313 3311 3284
3 3285 3312 3287
3 3313 3286 3314
3 3353 3288 3287
3 3287 3312 3353
3 3315 3288 3356
3 3288 3353 3356
3 3289 3317 3314
3 3290 3320 3317
3 3320 3290 3324
3 3291 3318 3321
3 3323 3309 3292
3 3292 3309 6733
3 3292 6286 3323
3 6701 3292 6733
3 3309 3322 3293
3 6733 3309 3293
3 3293 3322 3319
3 3319 6468 3293
3 3293 4118 6701
3 6701 6733 3293
3 3294 3296 3324
3 3321 3365 3295
3 3326 3295 3365
3 3297 3329 3296
3 3296 3367 3324
3 3367 3296 3329
3 3329 3297 3300
3 3298 3330 3301
3 3330 3298 3326
3 3299 3327 3316
3 6286 3299 3316
3 3331 3300 3303
3 3300 3331 3329
3 3301 3332 3304
3 3332 3301 3330
3 3319 4854 3302
3 6468 3319 3302
3 3328 4356 3302
3 4854 3328 3302
3 3303 3305 3335
3 3303 3335 3331
3 3306 3304 3336
3 3336 3304 3332
3 3305 3337 3335
3 3305 3946 3337
3 3306 3338 3307
3 3306 3336 3338
3 3307 3338 3334
3 3307 3334 3709
3 3308 3340 3342
3 3322 3309 3333
3 3309 3323 3333
3 3312 3310 3352
3 3346 3384 3310
3 3310 3387 3352
3 3387 3310 3384
3 3311 3313 3351
3 3351 3348 3311
3 3312 3352 3353
3 3313 3314 3354
3 3313 3354 3351
3 3314 3317 3355
3 3314 3355 3354
3 3315 3361 3318
3 3315 3356 3361
3 3327 3358 3316
3 3316 5403 3349
3 3349 6286 3316
3 3378 3316 3358
3 3316 3378 5403
3 3317 3320 3362
3 3317 3362 3355
3 3361 3321 3318
3 3319 3322 3350
3 3363 3319 3350
3 4854 3319 3363
3 3364 3320 3324
3 3362 3320 3364
3 3321 3361 3365
3 3322 3333 3357
3 3322 3357 3350
3 3323 3359 3333
3 3323 3349 3359
3 3323 6286 3349
3 3324 3367 3364
3 3326 3368 3330
3 3326 3365 3368
3 3327 3334 3360
3 3709 3334 3327
3 3327 3360 3358
3 5486 3328 3339
3 3339 3328 6013
3 3328 4854 3363
3 3328 3363 6013
3 4356 3328 5486
3 3329 3331 3369
3 3329 3369 3367
3 3330 3370 3332
3 3370 3330 3368
3 3369 3331 3335
3 3332 3374 3336
3 3374 3332 3370
3 3333 3372 3357
3 3333 3359 3371
3 3333 3371 3372
3 3375 3334 3338
3 3392 3360 3334
3 3392 3334 3375
3 3335 3337 3373
3 3335 3373 3369
3 3338 3336 3377
3 3377 3336 3374
3 3337 3376 3373
3 3376 3337 5237
3 3946 5237 3337
3 3338 3377 3375
3 3339 3366 4442
3 3339 6013 3366
3 4442 4816 3339
3 5486 3339 4816
3 3340 3341 3414
3 3415 3342 3340
3 3340 3414 3413
3 3415 3340 3413
3 3341 3343 3416
3 3341 3416 3414
3 3342 3379 3344
3 3415 3379 3342
3 3343 3381 3418
3 3343 3418 3416
3 3344 3380 3346
3 3344 3379 3380
3 3386 3345 3348
3 3420 3381 3345
3 3420 3345 3386
3 3380 3384 3346
3 3383 3347 4816
3 3347 3383 6408
3 3946 4256 3347
3 3946 3347 5237
3 4256 4816 3347
3 6408 5237 3347
3 3389 3348 3351
3 3348 3389 3386
3 3349 3382 3359
3 3349 5403 3382
3 3350 3357 3385
3 3350 3398 3363
3 3350 3385 3398
3 3391 3351 3354
3 3351 3391 3389
3 3353 3352 3390
3 3387 3390 3352
3 3353 3393 3356
3 3353 3390 3393
3 3354 3355 3391
3 3395 3355 3362
3 3395 3391 3355
3 3356 3396 3361
3 3396 3356 3393
3 3357 3372 3385
3 3358 3360 5638
3 3358 5638 3378
3 3371 3359 3394
3 3359 3382 3394
3 3388 3360 3392
3 5638 3360 3388
3 3361 3402 3365
3 3402 3361 3396
3 3362 3364 3401
3 3362 3399 3395
3 3362 3401 3399
3 3363 3398 6013
3 3364 3367 3401
3 3365 3402 3368
3 3366 3400 3431
3 6013 3400 3366
3 5033 3366 3431
3 4442 3366 5033
3 3404 3367 3369
3 3404 3401 3367
3 3370 3368 3405
3 3405 3368 3402
3 3409 3369 3373
3 3369 3409 3404
3 3370 3410 3374
3 3370 3405 3410
3 3371 3408 3372
3 3371 3394 3407
3 3408 3371 3407
3 3372 3427 3385
3 3372 3408 3436
3 3372 3436 3427
3 3411 3373 3376
3 3373 3411 3409
3 3374 3412 3377
3 3412 3374 3410
3 3377 3432 3375
3 3375 3406 3392
3 3375 3422 3406
3 3432 3422 3375
3 3376 3417 3411
3 3417 3376 6408
3 3376 5237 6408
3 3432 3377 3412
3 3378 3419 5403
3 3378 5638 3419
3 3379 3449 3380
3 3479 3379 3415
3 3449 3379 3479
3 3380 3449 3384
3 3381 3450 3418
3 3381 3420 3450
3 3394 3382 3423
3 3382 4387 3423
3 3382 5403 4387
3 3383 3403 3397
3 6408 3383 3397
3 5033 3403 3383
3 3383 4816 4442
3 4442 5033 3383
3 3384 3421 3387
3 3421 3384 3449
3 3385 3437 3398
3 3385 3427 3437
3 3424 3386 3389
3 3420 3386 3424
3 3390 3387 3425
3 3387 3421 3425
3 3428 3388 3392
3 3426 3388 3461
3 5638 3388 3426
3 3388 3428 3461
3 3429 3389 3391
3 3389 3429 3424
3 3430 3393 3390
3 3425 3430 3390
3 3395 3429 3391
3 3392 3406 3428
3 3393 3433 3396
3 3430 3433 3393
3 3407 3394 3423
3 3458 3395 3399
3 3458 3429 3395
3 3396 3435 3402
3 3396 3433 3435
3 3397 3403 3434
3 3397 3444 3417
3 6408 3397 3417
3 3397 3434 3456
3 3456 3444 3397
3 3398 3442 3400
3 6013 3398 3400
3 3398 3437 3442
3 3440 3399 3401
3 3465 3399 3440
3 3399 3465 3458
3 3431 3400 3442
3 3440 3401 3404
3 3402 3441 3405
3 3441 3402 3435
3 3403 3438 3434
3 3403 5033 3438
3 3445 3404 3409
3 3440 3404 3445
3 3405 3446 3410
3 3446 3405 3441
3 3447 3406 3422
3 3428 3406 3443
3 3406 3447 3443
3 3407 6626 3408
3 5055 3407 3423
3 3407 5055 6626
3 3408 4732 3436
3 3408 6626 4732
3 3411 3453 3409
3 3409 3453 3445
3 3410 3439 3412
3 3439 3410 3446
3 3444 3411 3417
3 3453 3411 3444
3 3432 3412 3439
3 3413 3414 3475
3 3415 3413 3476
3 3413 3475 3476
3 3416 3478 3414
3 3414 3478 3475
3 3479 3415 3476
3 3416 3418 3480
3 3416 3480 3478
3 3418 3450 3480
3 3419 4076 5124
3 5315 4076 3419
3 5124 4387 3419
3 5403 3419 4387
3 3419 5327 5315
3 5638 5327 3419
3 3420 3424 3452
3 3450 3420 3452
3 3421 3451 3425
3 3449 3451 3421
3 3448 3422 3432
3 3448 3447 3422
3 5124 3423 4387
3 5055 3423 5124
3 3454 3424 3429
3 3424 3454 3452
3 3425 3455 3430
3 3451 3485 3425
3 3425 3487 3455
3 3425 3485 3487
3 3426 3461 3460
3 5315 3426 3460
3 5327 3426 5315
3 5638 3426 5327
3 3436 5943 3427
3 5943 3437 3427
3 3428 3443 3457
3 3461 3428 3457
3 3458 3454 3429
3 3430 3459 3433
3 3459 3430 3455
3 3431 3473 3438
3 3431 3438 5033
3 3442 3468 3431
3 3431 3468 3473
3 3439 3448 3432
3 3435 3433 3459
3 3434 3438 3467
3 3434 3474 3456
3 3434 3467 3474
3 3435 3466 3441
3 3435 3459 3466
3 4732 4867 3436
3 3436 4867 5943
3 3437 3482 3442
3 3437 6348 3482
3 6348 3437 5943
3 3473 3467 3438
3 3439 3446 3464
3 3472 3448 3439
3 3472 3439 3464
3 3469 3440 3445
3 3440 3469 3465
3 3441 3470 3446
3 3470 3441 3466
3 3442 3482 3468
3 3447 3483 3443
3 3443 3483 3457
3 3456 3453 3444
3 5805 3445 3453
3 3445 5805 3469
3 3464 3446 3470
3 3447 3448 3471
3 3447 3471 3504
3 3447 3504 3483
3 3448 3472 3471
3 3449 3481 3451
3 3479 3481 3449
3 3450 3452 3484
3 3450 3484 3480
3 3451 3481 3503
3 3503 3485 3451
3 3452 3454 3486
3 3452 3486 3484
3 3463 3453 3456
3 3463 6429 3453
3 6429 5805 3453
3 3458 3489 3454
3 3454 3489 3486
3 3455 3490 3459
3 3455 3487 3490
3 3456 3488 3463
3 3474 3488 3456
3 3494 3461 3457
3 3457 3483 3538
3 3494 3457 3538
3 3458 3465 3489
3 3459 3492 3466
3 3459 3490 3492
3 3460 3461 3498
3 3460 3498 5092
3 3460 5092 4076
3 3460 4076 5315
3 3461 3494 3498
3 4076 5092 3462
3 4076 3462 5124
3 5092 5126 3462
3 5872 5124 3462
3 5126 6223 3462
3 3462 6223 5872
3 3463 3488 3505
3 3463 3505 6429
3 3470 3495 3464
3 3472 3464 3501
3 3500 3464 3495
3 3500 3501 3464
3 3491 3465 3469
3 3489 3465 3491
3 3466 3492 3470
3 3473 3526 3467
3 3474 3467 3510
3 3467 3523 3510
3 3467 3526 3523
3 3468 3515 3473
3 5456 3468 3482
3 5456 3515 3468
3 3469 3477 3491
3 5805 3477 3469
3 3513 3470 3492
3 3495 3470 3513
3 3471 3472 3493
3 3471 3493 3511
3 3511 3504 3471
3 3472 3501 3493
3 3473 3515 3526
3 3474 3516 3488
3 3474 3510 3516
3 3476 3475 3496
3 3475 3478 3496
3 3476 3497 3479
3 3476 3496 3497
3 3477 4043 3491
3 3477 3514 5450
3 6429 3514 3477
3 4043 3477 5450
3 3477 5805 6429
3 3478 3480 3499
3 3478 3499 3496
3 3479 3497 3481
3 3480 3484 3502
3 3480 3502 3499
3 3481 3497 3517
3 3481 3517 3503
3 4165 5456 3482
3 4165 3482 6348
3 3483 3504 3536
3 3538 3483 3536
3 3484 3486 3506
3 3502 3484 3506
3 3507 3487 3485
3 3485 3503 3507
3 3486 3489 3509
3 3486 3509 3506
3 3487 3507 3490
3 3488 3535 3505
3 3488 3516 5215
3 3488 5215 3535
3 3509 3489 3491
3 3490 3513 3492
3 3490 3507 3513
3 3508 3509 3491
3 4043 3508 3491
3 3493 3501 3524
3 3511 3493 3544
3 3493 3524 3544
3 3494 5446 3498
3 5918 3494 3538
3 5918 5446 3494
3 5072 3500 3495
3 5072 3495 3513
3 3496 3529 3497
3 3530 3496 3499
3 3496 3530 3529
3 3497 3529 3517
3 3498 4249 5126
3 3498 5446 4249
3 5092 3498 5126
3 3499 3502 3518
3 3499 3518 3530
3 3500 3522 3501
3 3500 3525 3522
3 3525 3500 5072
3 3501 3522 3524
3 3502 3506 3519
3 3502 3519 3518
3 3520 3507 3503
3 3520 3503 3517
3 3511 3553 3504
3 3553 3536 3504
3 3528 3514 3505
3 6429 3505 3514
3 3535 3528 3505
3 3519 3506 3509
3 3512 3513 3507
3 6775 3512 3507
3 6775 3507 3520
3 5819 3509 3508
3 3521 3508 4043
3 5819 3508 3521
3 3519 3509 5819
3 5081 3516 3510
3 3523 3996 3510
3 5081 3510 3996
3 3511 3544 3556
3 3511 3556 3553
3 3512 5072 3513
3 3512 3532 5072
3 3512 6775 3532
3 3528 5450 3514
3 5310 3526 3515
3 5303 5310 3515
3 5456 5303 3515
3 4477 3516 5081
3 5215 3516 4477
3 3520 3517 3531
3 3517 3529 3531
3 3519 3534 3518
3 3518 3534 3530
3 3537 3519 3527
3 3519 5819 3527
3 3519 3537 3534
3 3533 3520 3531
3 3533 6775 3520
3 3521 3545 3527
3 3527 5819 3521
3 3543 3545 3521
3 3521 4043 3543
3 3522 3559 3524
3 3522 3525 3546
3 3522 3546 3559
3 5310 3523 3526
3 3996 3523 5310
3 3544 3524 3563
3 3524 3559 3563
3 3525 3532 3547
3 3525 5072 3532
3 3525 3547 3546
3 3527 3540 3537
3 3527 3548 3540
3 3548 3527 3545
3 3528 3535 3555
3 3528 3555 3554
3 3528 3554 5450
3 3529 3530 3539
3 3529 3539 3531
3 3530 3534 3539
3 3533 3531 6707
3 3539 6707 3531
3 3532 3533 3541
3 6775 3533 3532
3 3532 3541 3547
3 3542 3541 3533
3 3542 3533 6707
3 3534 3537 3539
3 3535 3552 3555
3 5215 3552 3535
3 5918 3538 3536
3 6459 3536 3553
3 5918 3536 6459
3 3537 3540 3539
3 3539 3540 6828
3 3542 6707 3539
3 3539 6828 3542
3 3540 3548 3549
3 3540 3549 3551
3 3551 6828 3540
3 3541 3542 3550
3 3541 3550 3547
3 3542 3551 3550
3 6828 3551 3542
3 3543 3561 3545
3 3561 3543 3554
3 3543 5450 3554
3 4043 5450 3543
3 3556 3544 3560
3 3560 3544 3563
3 3561 3548 3545
3 3546 3547 3562
3 3546 3562 3559
3 3550 5088 3547
3 5088 3562 3547
3 3548 3557 3549
3 3557 3548 5083
3 5083 3548 3561
3 3549 3558 3551
3 3557 3558 3549
3 3550 3551 3558
3 3550 3558 3564
3 3564 5088 3550
3 3552 6041 3555
3 3552 5215 4477
3 4477 5569 3552
3 3552 5569 6041
3 5563 3553 3556
3 6459 3553 5563
3 5843 3554 3555
3 6236 3561 3554
3 6236 3554 5843
3 6041 5843 3555
3 4735 3556 3560
3 4735 5563 3556
3 6381 3558 3557
3 3557 5083 6381
3 6231 3564 3558
3 6231 3558 6381
3 3559 3562 5883
3 3559 5883 3563
3 3560 3563 6441
3 4735 3560 3881
3 3560 6441 3881
3 6705 5083 3561
3 6705 3561 6236
3 4855 3562 5088
3 5883 3562 4855
3 3563 5883 6441
3 5495 5088 3564
3 5089 5495 3564
3 5089 3564 6231
3 4233 3565 3566
3 6361 3567 3565
3 4233 6361 3565
3 5875 3566 3568
3 4233 3566 4499
3 5875 4499 3566
3 5523 3569 3567
3 6361 5523 3567
3 3570 5875 3568
3 3571 3569 5523
3 3570 3572 5260
3 3570 5260 5875
3 3573 3571 5893
3 3571 5523 5893
3 3572 5053 5293
3 5260 3572 5293
3 3573 5893 5970
3 5970 6260 3573
3 5053 3574 6113
3 6160 6113 3576
3 6260 5540 3577
3 5382 3604 3886
3 3886 3604 5825
3 5110 5417 3604
3 5110 3604 6214
3 6214 3604 5382
3 3604 5417 5825
3 5260 3659 3661
3 5957 3661 3659
3 5053 3668 3659
3 3668 6348 3659
3 5293 5053 3659
3 5260 5293 3659
3 6348 5957 3659
3 5126 3660 3672
3 3672 3660 5540
3 3660 4728 3691
3 3660 3691 5540
3 4249 3660 5126
3 4249 5446 3660
3 3660 5446 4728
3 5601 3671 3661
3 3661 3671 5875
3 5875 5260 3661
3 5957 5601 3661
3 3662 3667 5523
3 3662 6539 3667
3 5846 3662 3670
3 3670 3662 6361
3 3662 5523 6361
3 5846 6539 3662
3 3664 3665 5872
3 5893 3665 3664
3 3664 3672 5970
3 6223 3672 3664
3 5872 6223 3664
3 5970 5893 3664
3 3665 5523 3667
3 3665 3667 6020
3 5893 5523 3665
3 3665 6020 5872
3 3670 4233 3666
3 5846 3670 3666
3 3666 4233 3671
3 3666 3671 5601
3 3666 5601 4732
3 4732 5846 3666
3 6539 6020 3667
3 3668 5053 3683
3 3668 3683 5456
3 3668 5456 4165
3 3668 4165 6348
3 3670 6361 4233
3 4233 4499 3671
3 5875 3671 4499
3 5126 3672 6223
3 3672 5540 6260
3 5970 3672 6260
3 3688 4786 3673
3 3673 6236 3688
3 3673 6705 6236
3 6705 3673 6496
3 3683 4574 5303
3 3683 6160 4574
3 5053 6113 3683
3 3683 5303 5456
3 6113 6160 3683
3 5337 3687 3854
3 3687 6355 3854
3 5078 6355 3687
3 5078 3687 6565
3 5337 6055 3687
3 6055 6638 3687
3 3687 6638 6565
3 5404 3688 3862
3 3688 6236 3862
3 3688 5987 4786
3 5987 3688 5404
3 3691 5414 4549
3 5540 3691 4549
3 3691 4728 5412
3 5414 3691 5412
3 4438 3762 3765
3 4381 6545 3840
3 6243 4431 3844
3 5337 3854 4735
3 4735 3854 5563
3 6459 5563 3854
3 6355 6459 3854
3 3862 5387 5404
3 5387 3862 6041
3 6041 3862 5843
3 6236 5843 3862
3 4766 4644 3881
3 5337 3881 4644
3 5337 4735 3881
3 5435 4766 3881
3 6441 5435 3881
3 3886 5081 3996
3 5382 3886 3996
3 5081 3886 5825
3 5310 5382 3996
3 4234 4855 5088
3 5123 4855 4234
3 4234 5088 5495
3 5118 5123 4234
3 5118 4234 5550
3 4234 5495 5550
3 4356 5486 4256
3 4256 5486 4816
3 5102 4306 4574
3 4574 4306 5303
3 5102 5105 4306
3 4306 5105 5697
3 4306 5310 5303
3 4306 5697 5310
3 4526 6763 4432
3 5644 4467 6545
3 5081 5569 4477
3 5089 4509 5550
3 6763 4526 4585
3 4657 5102 4574
3 6160 4657 4574
3 4644 4766 5398
3 6055 5337 4644
3 6055 4644 5398
3 5412 4728 5670
3 4728 5446 5670
3 4732 5601 4867
3 6626 5846 4732
3 6042 6560 4762
3 4766 5341 5398
3 4766 5434 5341
3 5435 5434 4766
3 5435 4855 5123
3 5883 4855 5435
3 4867 5601 5957
3 5943 4867 5957
3 5055 5124 6020
3 5846 5055 6539
3 6626 5055 5846
3 6539 5055 6020
3 5078 5412 5670
3 5412 5078 6565
3 5078 5670 6355
3 5081 5825 5569
3 6381 5083 6496
3 5083 6705 6496
3 5404 5387 5086
3 5089 5550 5495
3 5089 6231 6381
3 5089 6381 6496
3 5095 5434 5118
3 5095 5341 5434
3 5110 6214 5105
3 5697 5105 6214
3 5434 5123 5118
3 5123 5434 5435
3 5872 6020 5124
3 5412 5308 5414
3 5412 6565 5308
3 5310 5697 5382
3 5417 5318 5387
3 5697 6214 5382
3 5387 5825 5417
3 5387 6041 5825
3 6394 6055 5398
3 5883 5435 6441
3 5670 5446 5918
3 5569 5825 6041
3 5670 5918 6355
3 5918 6459 6355
3 5943 5957 6348
3 6055 6394 6638
